Id,Prob
008f63e3,0.001736817
01c6e176,0.00088797836
03f7c6e9,0.00087650225
04827a9a,0.0008908333
04b11e85,0.00088584877
05072d8e,0.000869621
05615b6c,0.001045985
05665390,0.0008560707
06830415,0.00088492996
06f90bea,0.00093131384
07433107,0.00088997406
079e747c,0.0008694158
07a44007,0.00088856067
07e8e63b,0.0009349982
08157ec0,0.0008974296
08cda63e,0.0008648632
0901b3db,0.0009093887
0a4bc619,0.0008858218
0a9630a4,0.00086653576
0af1d837,0.00087197986
0b004ec7,0.00086839125
0b10ee59,0.00089547154
0b198045,0.0009002237
0b3f580c,0.00087554485
0bbff1f5,0.00085927057
0cfc3580,0.000878846
0d1dd9cf,0.000878001
0d208d83,0.0008897756
0d9b0568,0.00087145745
0f8bd702,0.0008723564
10235460,0.0009312881
10674384,0.0008958341
11619ff1,0.0008737435
119d35c6,0.00088514254
121160b9,0.00088500883
1261e212,0.00088616705
12c5160e,0.0009203724
1341e8d1,0.0011697209
134e57ff,0.064708985
134f0445,0.00089901936
135b769a,0.0016530928
147c66a0,0.00088734995
15f7ea58,0.001531644
163853c5,0.00086412893
1648c117,0.002946954
16652a46,0.0008788212
1669258f,0.0008699844
16d9d064,0.09050424
17177aef,0.019914502
175003c6,0.000981891
1776be2c,0.0008912932
17c38d19,0.0012748076
17fd4b1d,0.0008746714
187aa67c,0.0008514204
18eaa2f8,0.0008697664
198f74bf,0.0008732616
1992c36b,0.00087559334
1a2a2034,0.0009354104
1a4eba9e,0.00088535517
1b57098f,0.00091924146
1c090353,0.0009151603
1c63fc04,0.0008975968
1c6745d2,0.0009805439
1d5fcb28,0.00088606286
1db28341,0.0008786295
1dc898aa,0.00088601257
1ddd8e26,0.0008791463
1ded8f5b,0.0009113786
1ebe7ffe,0.0062395916
2041ea95,0.0009924665
20c62af5,0.00088432233
20e5df00,0.00086515164
212ae7f0,0.029199101
213e0109,0.00096345646
2153c231,0.0033207827
228035b8,0.0009704281
228a014b,0.00088731997
22f65ab6,0.00087366445
2309fe60,0.00089495373
230bf706,0.0018926924
23745610,0.0009169679
239b0ed2,0.0009013308
2480f5c3,0.00089662574
24fbec45,0.0009261064
251d5ce2,0.0008933707
2533a9a5,0.0009382851
25c0ca47,0.0009654192
27fb60f2,0.0012693355
284d8bfa,0.0009881913
2882df77,0.00094117114
291cea6c,0.0009825882
2a48dfbb,0.0010278883
2ac6b992,0.0010037057
2afacb9b,0.07529653
2bf52db3,0.00087318086
2c543883,0.00090250507
2c760000,0.00090031803
2cac6d81,0.000861118
2ce71c53,0.0008824272
2dbbf604,0.002177911
2e3ff22e,0.0008493626
2f77a63b,0.0008644311
30309001,0.0008578112
3066fd3d,0.0008714732
30873a5a,0.00088272366
31691725,0.0009165975
318c7ac8,0.0010455498
319e1983,0.00087959704
31ecbd73,0.0008938407
31ff572a,0.0009081951
328a6c65,0.00088900607
336fd4b0,0.00169435
34340945,0.0009228754
349156f8,0.00085640885
3551684d,0.00091352157
356faec5,0.00089702045
35cb12f4,0.0008828575
35cdfc71,0.000890343
366527f4,0.0009025951
37eae9ef,0.00095543155
38370586,0.0008863469
3856bd25,0.000917459
38806fc0,0.00095823884
38d14015,0.0008973372
391aa82f,0.00093994354
393cf7f9,0.000888112
3999dd50,0.00088269345
39a9ae49,0.0009434444
3a9a50b3,0.0008979064
3b164103,0.00086773053
3b614a3d,0.00089925923
3b654100,0.00091164827
3cd66fb5,0.000873163
3d41c0ca,0.0009148821
3d602500,0.0008682077
3d75a33b,0.00089300395
3dc28933,0.00089523307
3ea50e49,0.001464845
3ede07a8,0.0009175394
3f9152ce,0.0008551882
3fdf1455,0.0009075527
40241e52,0.0009328138
40d1cb6b,0.0008839812
4154f75f,0.00086616917
419f8cd2,0.00086008885
42537329,0.0008532729
4264a40f,0.0009129977
4267fbae,0.0009322043
437bfa2c,0.00087098964
43d45f34,0.00095616677
43edf702,0.00086473016
44558f42,0.0008688996
44a87b40,0.0009374522
44b96e35,0.0008663574
44e00070,0.0009002888
457dd6e7,0.0010875952
462e4e66,0.0008767779
46794ef1,0.0008735991
46874b87,0.0008493444
469b495e,0.00089994323
469cc85a,0.00089337624
47228504,0.0008598132
47d62873,0.0009201255
481a88c1,0.00087882037
489d3798,0.002627917
48c5ad4b,0.0009030896
4923baba,0.0008582225
497b9797,0.0009283106
4a250487,0.000999385
4a8ce886,0.0009272785
4afa3393,0.0008804888
4affb95d,0.0034659738
4b155739,0.0009169111
4b48fe30,0.0008638177
4c4ca9b5,0.0011716372
4c8c23e1,0.00093998684
4d03bfef,0.00088196114
4d2bb193,0.00087824994
4d7f6111,0.0008695091
4d9aba3b,0.00086448755
4e18b362,0.00085662433
4e36677a,0.2347435
4e3b5fd4,0.0008823579
4e796854,0.00086225284
4e878823,0.000869432
4e911d9d,0.0008941699
4fc165d6,0.0008991966
50015fcd,0.00089711463
508c11d5,0.00091343885
527d106b,0.00090803974
52fe7d33,0.0008865159
53393dbd,0.00086362055
5350394f,0.0008393515
53d22c47,0.000896853
53e28f47,0.0009123508
5499a934,0.00090344256
553fd04a,0.0008632338
559df96f,0.0009079999
55ba6cf0,0.0008671424
55bbac4b,0.0008856935
55c182da,0.0011562059
55da60a8,0.0008776995
55de0e42,0.00089290645
55ef0196,0.0021010712
5670fb1d,0.00089021574
575e5af1,0.00088422885
57b45998,0.00087795296
57d84ac0,0.0008760848
58121ae0,0.000965215
585624b3,0.0008870938
587055e2,0.0008662141
59905bc5,0.00085421494
59f4a7cf,0.00092756446
5a29f673,0.0008859953
5aa35c97,0.0009965565
5c2f5c42,0.0010320207
5c3e4f99,0.00087419274
5c45240e,0.0008908669
5c641d02,0.00086421
5c9ad5e6,0.0008747718
5ce3dc15,0.0008708772
5d461eb1,0.00088052993
5d8168fa,0.0009067718
5da54e2a,0.00088880956
5db48c5e,0.00085951795
5e2ea0b8,0.0008953656
5e4387ce,0.00087152974
5ea9e48f,0.0008648876
5ed12378,0.0009121343
5f484130,0.0008862667
5f59a150,0.00091527886
5f7e2ffd,0.00088525855
5fbec113,0.0008847808
5fff10f6,0.00088313257
600cb108,0.0008837023
6049a24f,0.00091828196
606ec542,0.00088215776
61789b03,0.0008448041
621756d9,0.00088998466
62426a78,0.0008791479
624e199a,0.00087192416
6256a3e5,0.0008850185
62b3aee1,0.0009211537
62b480e1,0.00089053134
62f04245,0.0008816655
62f4c5fb,0.0008913917
633b4981,0.00090753194
6353b2f7,0.00088094576
63899ad9,0.000859975
63a4f67c,0.0009779688
63e19543,0.0008546429
654fd2b7,0.00089414185
65a07574,0.00086626416
65a78e87,0.00090383337
65d7951c,0.00088581676
66b2c283,0.00090977433
66fad041,0.00090650877
6749bc36,0.00088589604
6753ce21,0.0010662265
67c593c8,0.00087040605
68147c20,0.00091041083
6842dc76,0.00088059664
684b8b22,0.0009266615
68b02f46,0.0008572996
690cc108,0.0009107713
691128da,0.0009032536
694e6c72,0.0009167137
695d8e0f,0.00091363955
69af39ca,0.0008556446
69d0846b,0.00086066686
69f4121b,0.0008958845
6a285480,0.0008855416
6a359a1b,0.0008761958
6ad38694,0.0008847438
6aeed61c,0.0008681522
6b0120b3,0.0011816816
6b2e1c08,0.0018647788
6b3d3d11,0.00091201346
6bf6c6bb,0.0009293053
6c809c78,0.00084517454
6c98ff7e,0.0008597906
6cc3ab1c,0.00091729034
6ce5f8fb,0.00090283033
6d193869,0.000880553
6e0a24d2,0.0014361237
6e163f76,0.0008997777
6e1bbc87,0.0009129604
6e5e4f34,0.0009239558
6e5ea84e,0.00088238233
6ffc4437,0.0008776823
7014633b,0.0008908241
70cd1937,0.00091782585
70d7c567,0.00089183514
70fd5847,0.00095269136
71756359,0.0008948429
720191c2,0.00093114306
7263598b,0.00088718085
72d6bfbb,0.0008672262
72de1467,0.0008762071
73347b59,0.0008758553
7367863e,0.0008893624
73783cf8,0.00092692074
739d1898,0.0008831716
73d94ea3,0.0009022596
73e0bd01,0.00087149476
73fceca4,0.0009160484
7405b110,0.0012437878
74371080,0.0009074602
7475d6a7,0.0008862046
749032d9,0.00089993206
74a42ef1,0.0008702294
74fad39b,0.0008767454
7524fd23,0.00088632316
75383a8e,0.0009950233
75874327,0.0009099581
75c255e3,0.00093926
76034fd0,0.00086465594
766d1c26,0.0038310022
76ac4c02,0.0008870253
77bdc4a7,0.0008925513
78030be4,0.0008862972
780c39e1,0.00087139267
78d38b70,0.0009065352
79255ae0,0.0010061538
79924dfe,0.0009105227
7997b6e7,0.00087095855
7a7b297d,0.0009068257
7ae2e889,0.0008992052
7b726748,0.0009094155
7b9e799c,0.00089879625
7c104f04,0.000876304
7c48cf57,0.00085386663
7cf9ac79,0.00087640836
7d062c2b,0.00086912065
7e063298,0.0008531047
7ef24744,0.00090862135
7ef9689e,0.0008823234
7efd2b92,0.0010092508
7f0d4b9b,0.0009016392
7f775f50,0.00086995785
7f84f1a7,0.00086159323
7fd66b21,0.00086504745
8048c61c,0.0008654481
8059b7f4,0.0008700287
81bb8f1e,0.00091517903
829e720d,0.0008603815
82a43473,0.000898313
82bb53f6,0.00087958825
82ed3eab,0.0012431679
83585d45,0.00084643427
837b6339,0.0009140914
8390d932,0.00090895116
83db5f29,0.00090162974
8414217a,0.00090974313
84ea705b,0.0008526722
84fbf660,0.00092544925
8519059c,0.0008769087
8545f014,0.000909939
85a5c9c2,0.0009086204
85b29439,0.0008461924
85f8f19f,0.00093127304
8605b836,0.0008528178
8606e0bc,0.0012885205
86209d86,0.0009138724
8656ffec,0.0009261187
867c38f2,0.00094419706
86c74c7e,0.0009014043
86fe4f18,0.897124
8780d07e,0.00092810625
87901eed,0.0008957804
88220e4d,0.0008487562
8841c96f,0.0011644812
884590fd,0.00088038767
887ae67a,0.00084513624
89226977,0.0010896268
8957bae6,0.00088433916
89b19618,0.00087988446
89cfe848,0.0012109731
8a0ce899,0.0008721735
8a471a4a,0.0009958181
8ae493f2,0.0009049593
8b0cee45,0.0008767855
8baf0811,0.0009000598
8bc6abda,0.00089800346
8c5ba94a,0.0008895934
8c92619c,0.0010399161
8c964bb2,0.0008757518
8d81b828,0.0009202729
8dc6d841,0.00090109854
8e65cea9,0.0008615916
8f0416e8,0.0008563742
8f357344,0.0008901402
8f89a4be,0.00086878403
8fae2697,0.0008838729
8fc3393d,0.0010425299
8fd9033c,0.0008818225
8fef4536,0.0008970022
909637a6,0.0012821478
90dda81b,0.0008718254
9124e664,0.00087517704
91763ded,0.0008518318
91e523a5,0.001502978
920c2732,0.00088545895
921654a9,0.0010892465
921d3574,0.0008569477
927e9977,0.0008746718
92d20f64,0.00085723435
92d2d691,0.0009177431
9332774c,0.0010583483
934b4465,0.00091992307
9354fb19,0.00089261093
937522be,0.0009233917
93911d43,0.00088069483
93a3dcf8,0.0009001894
9441e668,0.00087851816
945de5f3,0.0008731205
947b8cca,0.0027224089
948d0f4b,0.0008818317
94d6b27c,0.0008926398
95a7a675,0.00087515154
95fafda4,0.0008759988
9667a11d,0.00086697924
96827105,0.0009349955
9736e586,0.0008781093
97525641,0.0008694085
97837c4e,0.0008759279
979662d0,0.00087552686
97d24cb5,0.0008977298
97e70fa4,0.00087126397
9822572d,0.0009032015
982966d0,0.000873868
99306fd7,0.000889584
997fadd7,0.0034906003
9a85011d,0.0008723006
9aeb2766,0.0016571364
9b753df1,0.00088007405
9b7c31e7,0.0013693908
9bd765d3,0.96694505
9ca473ca,0.000887821
9ca8602a,0.00086412235
9cf17956,0.00084554753
9d878bc1,0.0009158507
9dc5efb4,0.0008829857
9e7b420d,0.00086454884
9ec053c0,0.0008904176
9ec29a28,0.00094133394
9eef0839,0.0008744848
9f45f83a,0.00088720967
9f9af133,0.0008775983
a01b9d00,0.0008919026
a01ee7e7,0.00092898123
a09bc43c,0.0008925416
a0a6bf23,0.0009109496
a0b6c998,0.0009066992
a0d26ca2,0.00089857995
a0e37d2c,0.0009495717
a12db4d7,0.00087680586
a130e934,0.00092463836
a1939e1f,0.0008734721
a1b43308,0.0008840367
a1bfbd12,0.0008802627
a1ff36b0,0.0011076597
a23c6a2c,0.0008923452
a2586b3a,0.0008713985
a30c3204,0.0010978981
a31b6995,0.001878575
a408aa83,0.00086681725
a47cee9d,0.0009288272
a58a4579,0.00091558666
a5a50bf5,0.00096047873
a5fd6487,0.0008681224
a6bb33d4,0.0008681332
a6caadbf,0.0009021196
a6d8aa63,0.0015649074
a79df0df,0.00089906383
a7b60ae0,0.0009012729
a7c36e53,0.0008970868
a875b631,0.0008448702
a884176f,0.00086583826
a8f57f7a,0.0008800942
a94d28b0,0.00088005385
a9d627af,0.0009413321
aa0b24ef,0.00086356554
aa3115a0,0.0008879297
aa458fc2,0.00089451467
ab70ea22,0.00087066647
ab8408b2,0.001077055
abaf4275,0.00085487944
abc50402,0.0008698973
ac0036c3,0.000890819
ac1cafcd,0.0008874874
ac83dc0a,0.0008986408
acd6b682,0.0008731039
ad11c165,0.00087435276
ad19eca7,0.0008739146
add2a7df,0.00089726585
ae0dcc3b,0.0009121638
aee5bc2a,0.00091777643
aefc92f2,0.0008762777
af02afd3,0.00086947595
af202eef,0.0008761119
af473dfd,0.00093043223
b0022775,0.00089476013
b0063d4f,0.0012496434
b01755f7,0.0013728184
b07f65ef,0.000896092
b0a2f554,0.0008935733
b0ad7b7c,0.00086253334
b0b00a3a,0.0008589342
b0e2843d,0.0009146103
b13c2e75,0.00086663314
b19967ba,0.00090874336
b1c850fc,0.00090294814
b1fdbd7d,0.0008898664
b3029b5b,0.0008817985
b4ad8680,0.00091317866
b58e41eb,0.0018209178
b695cfaa,0.00088967977
b76c7cde,0.00086263317
b7a92ebc,0.00094023097
b825ae1c,0.05804816
b89252de,0.0009012751
b9229a95,0.00090877025
b9246a43,0.00087403203
b946d207,0.0008756333
b9b58079,0.0008685188
ba58f9e5,0.0009370432
bab943b4,0.00087853917
bb5166e7,0.0008815151
bb69c8f1,0.0008856429
bba147cf,0.001500635
bc749273,0.0009349065
bc77d834,0.0060774935
bd86183a,0.0008894942
bedc5a2a,0.000902491
bf0d9e83,0.009643867
bf33bb7f,0.0009026836
bf9968d8,0.0008885928
bfe1f62c,0.0008929886
bff0a2e2,0.00089528796
c0968fc0,0.00085562054
c0f1a3b8,0.0009202294
c1400407,0.0009153512
c14e2581,0.0009084806
c168b452,0.0009107135
c174a794,0.0008788413
c193f1aa,0.00089385087
c24a8b22,0.0015806841
c2c66921,0.0012038156
c3014be8,0.00086371886
c30881b5,0.00087183993
c3b1bbab,0.0008649601
c3e2e9e5,0.00088162423
c5e341ba,0.0008967787
c61b2b81,0.0009191338
c72e0e15,0.0008978397
c74af9cf,0.00089624483
c7c1cf69,0.00085590227
c7cee2f0,0.00088539347
c8505f9b,0.00089683756
c88db4ed,0.0008962867
c8a6cc20,0.000904004
c9148c88,0.017379588
c9d4dbc6,0.0008811077
c9fdddd7,0.0008787257
ca99f3b0,0.00088640646
cad31d61,0.00089276227
cba3c89f,0.0008910359
cc1dca35,0.00086503173
cd3b5043,0.000891697
cd53e658,0.0008843856
cdaca6e3,0.0008928993
ce9859aa,0.0013223202
cf8af518,0.0008832798
d0304441,0.0008864685
d043ff9f,0.000911587
d0760e0d,0.0008782148
d099a399,0.00088140124
d1256f6a,0.0009022098
d168e4bc,0.0008688279
d30cce81,0.0011454505
d33eca96,0.000924029
d3c0d00b,0.000867242
d3c1862d,0.19133341
d3e4cb70,0.0009494319
d40306da,0.012598181
d4b3d8d2,0.000876747
d55ac878,0.00094767916
d5b141f7,0.0008882525
d6164eb0,0.00088671525
d664b503,0.0009054461
d6a0c52d,0.000853861
d75614ca,0.0009548091
d7f8824d,0.0009065079
d839e553,0.00084869924
d851fa71,0.00089260755
d892cac6,0.0008831038
d91f9026,0.001370366
d92d0eec,0.0010460698
d981ee62,0.00087881205
da2f84c5,0.00089469104
da7e0507,0.0013111883
daf3cd80,0.042165317
db3a2405,0.0008793607
dbf85434,0.0008671106
dc29cc30,0.00088089955
dc4a3c05,0.00088914216
dc6f7cfd,0.0008823873
dc8abe3c,0.00088673295
dd307e45,0.00088402414
dda8b46c,0.002088832
dea147b0,0.001709985
deb50259,0.0009024376
df295c36,0.0009511947
dfa5046f,0.0008696645
dfb68b55,0.00087008346
e05c55e4,0.00089544844
e086da7a,0.00090099167
e0b8e387,0.00088041706
e10c11f8,0.00089696114
e2aa5882,0.00088264537
e31a8dd3,0.0009164133
e41a5641,0.00091801386
e4ede3f4,0.0008543012
e4eef26b,0.0008980112
e579884d,0.0008576065
e5db6f6f,0.0009345721
e5dcf622,0.0008760009
e5fc3379,0.0008863993
e6ab67c2,0.0008633503
e6b801c0,0.0009836261
e72da7e1,0.0008658341
e755887f,0.0008742794
e7c565f3,0.0022686583
e84031bb,0.00088742096
e86094fd,0.003891167
e88f87d4,0.00087055244
e91e410f,0.0015286227
e96c53a6,0.000891072
ea2a47a6,0.0009500265
ea641ffa,0.00085207575
ea75780c,0.00086090766
eab0f598,0.0008512338
eacdc030,0.00086868886
eaea47df,0.00085914205
eafb8a56,0.69408405
eba2167f,0.0009201339
ec05cd67,0.00181626
ec84cc10,0.000893123
ecddd8fc,0.00087311055
ecf3d6e9,0.000903393
ed32d7df,0.0008977952
ed465f1f,0.000858912
ed6ef02f,0.0009419611
ed8b9c7d,0.0008918841
edfefc3f,0.000850667
ee6fb060,0.0008869527
ee7058bb,0.00088696653
ee82f80b,0.00086906337
eea41775,0.0008837146
ef4be617,0.0008997542
efad7d63,0.0008695878
efbb5fe0,0.0008898137
eff68a37,0.00086654146
f01dd0a6,0.0010766182
f02edaa2,0.0015019043
f11e79aa,0.0008829979
f163880a,0.0009023069
f1b6e26f,0.0042173592
f1c0d653,0.0008681613
f2a9ab37,0.0008898714
f2bb2a2c,0.0008708374
f3914f7c,0.00089306524
f3fd1c22,0.00090420165
f404cd3c,0.0008784951
f4b73d81,0.0013327023
f4e2f1f1,0.0011596627
f50c4179,0.0020085184
f5bcc147,0.0008760915
f5ca1a82,0.000889129
f6410879,0.00086835865
f71c4319,0.001159291
f73a8f61,0.0015016913
f7aa848d,0.0008674767
f7e59043,0.00087042095
f81d371d,0.0008872456
f837fc25,0.0009283928
f851beaf,0.0008891171
f8b08dd6,0.00087684847
f8d57f7a,0.0018635757
f8f33a50,0.0008831847
f92a4a6e,0.00093829085
f980c599,0.0008537389
fb2d565c,0.0008703902
fb2f4bcf,0.0008698696
fc157f72,0.00088751817
fc66a299,0.00090823177
fc66f374,0.0009235378
fcc3f3b4,0.0008945436
fcd93e2d,0.0009144407
fcebd471,0.0008850405
fd15fd9c,0.0048260563
fdc74a07,0.0008750278
fe5b0a93,0.0008937197
ff669174,0.0008594704
95876e6f,0.0033763365
ac1fdd66,0.0066710953
d4fd8188,0.0011246278
7fcf7674,0.0020857935
4dda83ed,0.00093578256
21ada9af,0.0008705591
7e061562,0.0009129473
46da1bb1,0.0010269862
08ecf0a3,0.082874715
3c5655a9,0.00089452654
6e6e9ac1,0.00091158214
9e189f6c,0.0043660784
2624e3fb,0.0008526163
ae995650,0.00092378864
8b86c880,0.0008840457
9cf81013,0.0008549568
7e3151d1,0.0010020307
f181af1e,0.0008954185
dbb59e17,0.0012583517
5878be5e,0.00087830896
ccf345dc,0.00089707604
1de2f271,0.0010097895
1de221bc,0.0008618548
7bd685df,0.00088598975
58f33496,0.00087099045
87152487,0.0016593648
a6d8ad54,0.0008758991
20d6c2b3,0.009773072
eabe08c1,0.0008650083
61db4b7e,0.0010376603
90eb627b,0.00089805183
ac1330e2,0.0010107042
c43fbc7a,0.0009587635
aaa87023,0.00086381927
7809de33,0.00085868133
0658eefa,0.00085600745
4be30b25,0.00092489657
12d8899d,0.00085805065
df592eb9,0.0008682655
a72b1356,0.09329734
5e0273f8,0.0008620047
913f66d8,0.0008549078
d628e2df,0.0008775778
338d95e6,0.0008607768
e5386efb,0.0642323
3f847927,0.0008490118
b138006a,0.00085506024
d328dd81,0.00092227326
1f6c0e7d,0.000915517
9fbc0567,0.012012195
ac7cf179,0.00086883124
983f2f05,0.0009552913
bbe56e75,0.0010659868
bc6044d3,0.00084328256
e1de2604,0.00086275523
510c67e5,0.00088315946
e27d6afe,0.0012373923
f56247d6,0.0008505138
8f786c98,0.0028596215
fd648211,0.00089349586
b91224b4,0.0011199581
0f6b1583,0.00094827614
acf703b6,0.0008477338
9c90b1bf,0.0008525119
a87e8fcb,0.001011432
5c31b1b6,0.00085400784
3798b891,0.0008910342
77d06ea7,0.00089812634
21002991,0.00087422645
77704d90,0.0008557343
94d39a90,0.0008481903
ae502d81,0.0024269742
c93ec7f5,0.0015845908
9c0c547c,0.0008766902
538e8a38,0.0008919223
7dfde699,0.0008890891
ad710306,0.0008388346
d5d05921,0.0045612333
fffa322c,0.0008988591
7b4a3ae2,0.00086310634
3301f6bb,0.0008514593
675ffa65,0.0008841361
36939f20,0.000872817
d8f73bfd,0.0009304765
5417f08c,0.0008544861
26656b3f,0.0008465585
4b1a8664,0.0008619406
91122090,0.0009177996
b11db787,0.0009713017
ae567386,0.0013330615
1ba0af09,0.0011045197
8dec29e1,0.0008539383
10566fd2,0.00096805475
e35caaf4,0.00084516406
78a271ed,0.0018269655
888ca83a,0.00087281736
1637800d,0.00091341627
1285fc95,0.0010045876
55eec23c,0.00088581676
8e9fc979,0.0008668594
7568e875,0.00087092916
b8baa188,0.0008922711
57c1b831,0.0008844765
90711359,0.00084385043
6956ceeb,0.0008700129
29adad20,0.00086188474
25d4599e,0.0010640054
e68f8016,0.001748335
b0c1d027,0.0065810187
3520e45c,0.0008843358
8021953f,0.00087202183
c9b3e2da,0.0012280073
1b6e203f,0.00087136816
249a718d,0.0008932656
94b2a310,0.0010742208
8265e3a7,0.0011657848
ae633fa6,0.00096516585
37129da7,0.001963368
f78e5f97,0.22319487
a9e86784,0.0008693666
0bcf8a6f,0.0008885489
7d438298,0.00088124117
872c49e0,0.0023951966
24677267,0.00090929243
38892138,0.0008436402
4b4e4afc,0.87686765
ccf59181,0.0008665997
e669cae7,0.0008718162
6f02a819,0.0008654539
43fb672c,0.0008594622
adf645a6,0.0009000461
a3d82a38,0.0009028513
67ce1d8f,0.00093983783
143e22dc,0.0008780349
17e51c9e,0.00084487826
7a847bcb,0.0008480408
02442325,0.0008690146
f81a7d90,0.0010928113
08e16e8c,0.0021405162
7e7a82b8,0.00093410246
f0216612,0.0008720057
a10167ca,0.00087337353
bffb8a5b,0.0008678152
142b9693,0.00087482895
2667b1a0,0.0008727047
03a5287a,0.00086323585
f752d89d,0.03398275
ed041858,0.0008614234
b68b431f,0.0008773871
864663e6,0.0008728415
131e9fc3,0.0008623201
511b1dd8,0.012674959
d2b1ba9a,0.0016467456
75c295bd,0.0008870981
afa07a60,0.00091646914
81f22d93,0.00088247814
c91b68d8,0.0008836729
d175cfa4,0.00088544673
cfdc1817,0.0012736019
b241bcb7,0.00096066314
81e8a106,0.0008852986
8f64e3e2,0.0008500467
98563811,0.00111714
65210e13,0.015522138
368e6191,0.00086777256
2c5b533f,0.00084575376
089cad0e,0.0009151851
de5e0e64,0.00087979564
31cdc712,0.0008863119
241a6809,0.0008556821
f396d2e8,0.0008825555
1595235c,0.0008505601
517612f2,0.0008917192
3594d98a,0.0009957923
2224940c,0.0008837832
9b0600f1,0.0008652824
d5d1a87f,0.0009002536
3e04835d,0.0010475966
f79c8281,0.0011286213
b710bb11,0.00087662967
fb2e7377,0.0008699649
1f75d5a1,0.0008783801
e9c0c9a8,0.0012604889
e0f6c4f5,0.0014015657
00e26b75,0.0012074348
956536cd,0.0009165059
cdcb57e3,0.0008963558
6acc262f,0.0012627936
ad28060b,0.00093767507
f252e50d,0.00089395227
deabfc27,0.0008599615
6985f654,0.00094144605
f9260e1c,0.0014116828
0cdaaea7,0.0056381137
587317a6,0.0009230395
9a0e7582,0.0008616738
dd207484,0.038998205
615cc386,0.0011618541
42e6e726,0.0008420364
269547b5,0.0012032475
64cc2828,0.0012490198
4e317029,0.00088063354
c10859e1,0.0008511957
de4e4e84,0.0008630954
773fca1e,0.013158358
d2bf04b7,0.00086998276
857fd027,0.0008665637
98b61daa,0.00084116944
0f1aa8c4,0.0008451263
8acd2d2b,0.0009048234
eda3ac5d,0.0009006174
1fb7ef58,0.0008735857
aa54a0a2,0.000868551
77e7da54,0.0010140797
846461e1,0.24049284
b1569131,0.0008711819
619ffb49,0.0008966296
5beb46f4,0.0008716966
bc98d121,0.00084932003
130bfeb9,0.0008972428
e1581590,0.00086781435
39fafbb7,0.0008628519
87b3a829,0.0008586641
244d0a93,0.0027753382
1910fd69,0.00089709833
f9bfdac0,0.0008898052
ad14da4f,0.0008941205
09711495,0.0015542739
33480aa5,0.00088191824
1a06adac,0.0008412793
1ecb7954,0.00087079965
38082351,0.0008669859
0aceae52,0.0008566537
f2726e45,0.0009507925
3b9427ce,0.0008558151
008d1fb1,0.0009194166
3400e267,0.018013846
0159b89f,0.0019961845
e528eaea,0.000860093
23448c07,0.0008420829
ccfe736e,0.0008516793
18386c79,0.021186316
42992f98,0.00096984336
7a8bf5be,0.00092972245
2a50a14b,0.001131737
5dcb3278,0.0008464028
6f85f0ec,0.00091402564
73a94a1d,0.0010280228
50f8a02d,0.0008763916
f6f5c39c,0.00085188047
a547b1d0,0.0008788891
b8d567e9,0.0012208621
c7ae58e0,0.0008537279
a26e7638,0.0008892807
3ec260d4,0.0011796358
62b4bc56,0.00085797225
42d178db,0.0008444368
9616f4f1,0.0034953388
cae43ce6,0.0009918328
65f6b094,0.0008505544
63ae7b39,0.00093381945
f6c5128d,0.0008598792
5ac1ff82,0.0011714011
4fe0c396,0.0008929826
4db42dcb,0.0008980484
cc2ae601,0.00087559543
01c43c85,0.0008635478
e73e64d3,0.0011456552
aa7a3e87,0.0008969992
47347137,0.00086970837
710d0d70,0.0010288531
d85ca79a,0.00086172053
6f3894f8,0.60058635
f6487db0,0.0009991956
20cee70b,0.0008464697
2801ab12,0.00091554667
190f4991,0.0008723489
b47f399e,0.00084963016
4a574cb5,0.0008545178
254ce03d,0.00089598016
92f7274a,0.00087684847
3dbb32ec,0.0010830218
3af6d570,0.014749789
4baf211b,0.00094210653
c672fbf2,0.0008623012
56f7f94b,0.001009636
b56106de,0.000908173
d028fb59,0.0009041909
666a71fb,0.00086346373
34e6cea6,0.0041224803
a21da8fc,0.0008628897
9a25c321,0.0009266475
1544bd04,0.0010115968
34270146,0.0008545552
ceb6943d,0.0014494164
cc35ab88,0.00090309605
dcc80837,0.0008530237
a3fefb88,0.0009217879
8248be77,0.010512279
685d2166,0.00084634224
b7adc0aa,0.00084958965
229c19b9,0.0009172319
a4617acb,0.000918394
f9a9717c,0.00084377686
835d7eed,0.0008688258
e7cf2fd7,0.00089205184
daa42c4f,0.0008648978
bd6a5d7c,0.0009020361
c73bb3b1,0.00086240104
ab78647f,0.00086826883
ca8e3539,0.00087774673
b0f4d829,0.00086985296
c303119d,0.0008715081
ffbf6301,0.00084372296
effa3a4d,0.00088436785
f11585ce,0.0027384707
4bf5927a,0.0013093762
7b0a6fd4,0.00087895646
1a08b21d,0.0008679455
222fa329,0.31870627
b33b4cf8,0.06530612
21cdba4e,0.0008702427
7343faaa,0.0008816335
235b2ecd,0.0010914068
88311bb2,0.0011384093
ca80a492,0.0008401421
00ce40a9,0.0008735354
204dee88,0.000877814
54048a7c,0.001317464
d1f88385,0.0008475479
ea75a911,0.0008495507
7de9dcd5,0.0008591887
2061fd92,0.00095404516
0404c7dc,0.0008667698
46f4fe0a,0.00087753515
75e91081,0.00088380516
f6528b3a,0.0009426326
91375e4c,0.0008660264
79dc34d0,0.0011440711
c414d2c9,0.00089632295
0e7e4485,0.00084488146
b867dcb6,0.0008517084
36d33e7a,0.0008765887
9c2169dc,0.00089809456
dcc89c79,0.00089380157
f1523ec6,0.0008698285
25e25321,0.0008518834
0e1f5107,0.00090471224
f1fe31fa,0.0011469197
c36ce481,0.00086347817
36707625,0.07803246
25da4fd2,0.00093496667
ea9ed97a,0.0008822027
59706831,0.00086962635
06905a3a,0.0008648397
ec080848,0.00086328207
64c7daa7,0.0009114107
44a5081e,0.00094292004
7f502806,0.022344371
add4987e,0.00088206277
0b65e2fd,0.0009198118
c426a9a9,0.00085014186
1ba94b3c,0.0008437173
cedb20ae,0.0008466674
59198f09,0.00084149814
cc1d45f4,0.0010168668
5d979c2c,0.0008721801
004372ec,0.00086376583
0111fa0d,0.0008512914
e2458d5f,0.00085451046
24a5c47d,0.28899515
446a1d20,0.0012154694
7df080cf,0.0010171711
0f20a1f8,0.0008461701
6860e8f9,0.00088960776
3d8c4e3c,0.00087033387
11b0fe56,0.00088134955
796e149c,0.002425679
bfb8aec2,0.0008666315
e878f374,0.00087896275
d1bb708c,0.00085605483
cea654b7,0.000856475
ade5f049,0.0008955619
f14408b3,0.00095717085
05e6a506,0.0051452606
857f35c0,0.0008743035
a852f4c0,0.0008914545
22e4f861,0.00085739273
efaa8db2,0.00089311623
d05b51d3,0.00086566794
df019aa0,0.000867294
a152d206,0.000906895
b127fea0,0.0010739659
2175ad11,0.0010727675
e6928396,0.0008760347
3270bf5b,0.0008543753
a488d4de,0.0010476026
feecd762,0.0010772932
a41a0df2,0.0010233617
5d7cd466,0.00087298825
53a2d7b5,0.0014400772
892bfafc,0.0008681878
123231ee,0.00086045987
a250b05d,0.00087338523
4357d0b8,0.00087558455
ac2afc64,0.0013336394
63f3415e,0.0008579461
2297c239,0.000860425
a4d46468,0.00086009386
2671b958,0.0008521752
ad31b57a,0.0012084082
142f8db3,0.0008636086
94018b82,0.0009297542
6e01dbd3,0.00083398336
9b31f456,0.00087318255
137475bd,0.0008571669
09dc56ea,0.0009557812
9aab6851,0.0008669073
f08c7805,0.000855017
3d5d633b,0.5619685
e63b1c07,0.0008933792
a8711cc8,0.0010346028
e8d7914e,0.0008636234
eb136d5a,0.02737875
9cc89f32,0.0008560132
b644798f,0.0008659847
82c564da,0.0016362859
86d3bb2e,0.00092014135
9e54040a,0.0009037697
d43138fb,0.0009267296
48aba115,0.0008622306
660a391f,0.0011566851
12cf196f,0.0008671899
6b0c210c,0.00090097444
5bfbc8cd,0.0013990672
bf901389,0.00087227067
cb4fb3dc,0.0008654044
70348abe,0.0008930622
08f5e792,0.00086224946
6c0ad249,0.0055666803
8e6f4b95,0.00084426743
9916207e,0.0008602471
29538a12,0.0008966583
f3954fba,0.0008422097
ca6f0e59,0.0012145634
396635ff,0.0021148783
332b686b,0.0008895179
95275e1e,0.0010052621
33687008,0.00088339427
f2998678,0.00091439846
3dd2e16b,0.00086233247
4bc44f58,0.0008560589
06887780,0.14601256
487b220c,0.0012111439
85496645,0.0020594238
ffb8635b,0.009661224
9cd5cdaa,0.0008395907
22695aea,0.002372456
89c8f073,0.0009284427
ddb7a5f0,0.0011763547
e79f5043,0.3589792
d582475a,0.0008967871
6af206c9,0.00087488774
6adf0178,0.0052787163
b1565506,0.001188665
d38773ba,0.00085202255
ee071f98,0.003481882
4ec4fa66,0.0008847598
f0f007eb,0.00086680485
a5a85cc5,0.0008732578
a31920f6,0.00084334443
1bd11440,0.0010384709
66ff0f02,0.0008710424
ffdcc1d1,0.0008573152
7db00380,0.0041879453
8b143ff9,0.0014597574
985c0797,0.0013652472
27f39bc7,0.0008874633
e6f77047,0.0008748703
71dcc072,0.055656374
9604aeb4,0.00087984424
49be52ae,0.0008964566
a196103c,0.000996099
629f973b,0.000864264
484595ca,0.0017993057
4d0f99a4,0.00085213466
fc17c2f2,0.00090523466
30e8e23b,0.0008846282
de6a4815,0.00086920755
dde5dcbb,0.0046815
64b816b4,0.00090609986
60fed07d,0.00088155194
778f7a1b,0.0008621763
0eceab7b,0.0008614037
162d01ff,0.0012006911
d0042051,0.00086478697
0dc0e5ce,0.0008497248
4bc1b6b0,0.0009170666
f1518158,0.00084870524
acdf4f6e,0.00087440776
a4d6bf44,0.0008597674
918c29a6,0.0008519616
3836fb9f,0.0008861815
e1efe2c1,0.0068750307
0ec52626,0.0015443123
7216c469,0.0053218333
7b1dfbe5,0.00087815116
89c694f1,0.00779824
d65eb37e,0.002958652
d080c694,0.00089622854
774d89bb,0.0008952121
6f6ec0f0,0.0009135102
54c8d26c,0.0026950547
99d6ebbb,0.00096005644
0537e969,0.00097134244
4bb46630,0.0015970478
1fe133c6,0.00085877866
1499bc09,0.0008591748
65aae0a6,0.00086994836
3e746213,0.00088211586
9d679a94,0.0008562277
c170343d,0.0008930763
e07c5889,0.00097279786
73305968,0.001251521
8f7f1904,0.0009267331
577390c2,0.0009089599
829826d1,0.0009642526
ad867aff,0.00087508536
9f5944b4,0.0008976186
a6b447ae,0.00089351286
5ff5d543,0.00086146186
1c08f8ba,0.00090764265
8f7cb549,0.00085045554
de4d0879,0.0008483273
275296d1,0.00092111196
7862469a,0.0013597122
de784121,0.000886513
90d15df5,0.0038705377
0df3da0e,0.00086350495
d9bc7342,0.000870718
0e17530c,0.0010028606
1cacb6fb,0.0008416124
f6362edd,0.000875915
c6c7f12c,0.0008942701
48ae0d59,0.00087472104
d6b90c39,0.00086964667
5c83f15d,0.000886689
1f75dfdd,0.00085058715
166836e4,0.00084345165
eb73c161,0.0011808174
df531cd0,0.0008516463
7224e40e,0.0010659868
8b992d61,0.00087516615
89593e28,0.000886352
9baed57c,0.0010544604
abe88b44,0.00088578806
55a4f610,0.0008619455
d1dda6b0,0.0010240151
a8dd95a7,0.013136866
b3c9d949,0.00096024765
3b891fd9,0.008443438
ba8683b4,0.0018468413
04228c61,0.26055685
1bab2b8d,0.0008444496
db7be32e,0.00086090143
629bdab0,0.0008563611
46ef2a32,0.11238777
4bff6d16,0.0009282327
acc52ba1,0.00086959644
e89cdad7,0.00087092037
029df9df,0.0010553156
401159f3,0.0085543385
2738736b,0.000886951
1b349578,0.0011880457
42b2fefd,0.00088342465
b528c27f,0.001309688
4455afe6,0.00084089255
22e279c5,0.0010191548
439c612c,0.0008529625
7d666718,0.00088346575
7f7ee349,0.0008446657
5b7a2834,0.00085922395
016e3022,0.0010717452
d0ac250f,0.0011980829
8b5f3c58,0.0016869651
39648aae,0.0008590847
9ce9f9e7,0.00088895694
3425d62f,0.0008796498
95ea3d8b,0.00087103574
271f693b,0.0026402508
9cb469f0,0.00085677666
18a2a076,0.00084771117
3e2375ed,0.003726689
0a86f7ba,0.00088942
094c2d65,0.01726121
7e60aa81,0.00085011194
04c7c260,0.0019272483
272d634b,0.00085406314
7d11df52,0.0010116459
3175d00e,0.00088154146
1003e2af,0.00089543604
7dc84bb9,0.0008859686
5b8bf8a3,0.00085840473
51268958,0.0018089209
2d9e8477,0.00084513985
bc02608b,0.0009106637
15f9776f,0.0008501104
2241afe2,0.0010988201
c88a31d7,0.0035280488
b68a7ea4,0.0008487029
c7307fbd,0.00087024015
25a43d2f,0.0009081358
a687773d,0.001052426
193b0b31,0.0010265958
9fb06765,0.00086561876
cee8be12,0.04020238
9cfd831e,0.0008670251
91bf26a6,0.00091318303
491627c1,0.00086471037
0af0b2b9,0.0013253128
b69fdc90,0.0008677573
29f1ad7a,0.0009276709
1d4c4294,0.0009055121
1d197a36,0.00088667544
37ffe083,0.000908552
3c640aa6,0.000866985
838aa5e3,0.0010131457
ce1520bf,0.0008908746
5b9a0f91,0.0008619977
c7961eec,0.0009178796
3c7d64b3,0.0009031482
c87ca12b,0.27107847
6fc3e4df,0.0008974514
7d1007f8,0.0009091227
4f0c85d3,0.0009211282
2e9d1870,0.00093460287
27755211,0.0010750295
9cb58238,0.0009324441
90a73205,0.0008953017
92bf395e,0.0017399614
276dcdb2,0.00091414584
c5c1e7e7,0.00087064155
991cf14f,0.0009527298
af5ba637,0.00092348014
bb0fd54c,0.00086429354
8be44e31,0.0008804431
99109f73,0.00094402116
ced9d0e4,0.0008683069
d29e0ae0,0.000927704
28a13bc0,0.00091640634
4012869a,0.00087535894
c168bb9b,0.00089808187
c26329c4,0.1949688
5f8f9224,0.0009294137
3623ca87,0.0010316948
bc880425,0.0010994956
b1ccbc69,0.0011912368
51a93678,0.000857508
bdb17fee,0.0008850287
2b8322de,0.0008897489
60555cca,0.00088268536
87543ace,0.0009048356
8f67310b,0.0008659174
f5155a09,0.0009093081
619cbe83,0.00092153193
f7ae1436,0.0008861915
3f5748e6,0.0009204824
23a3e91c,0.00090369256
1b16b471,0.0008986442
a5ac431d,0.0009027468
9a0f2183,0.00092543784
963af8c7,0.0009192647
2b36949a,0.00086181005
94230f40,0.00094819476
5c07c250,0.000937245
d9088258,0.0008923669
e65a1311,0.0008789493
801da92e,0.0008865597
43085d93,0.0008543346
fe57a9e5,0.0011208887
7ecadb9d,0.0010967817
f673604d,0.0009106086
a495f9c8,0.00097590074
291f68e1,0.00087879284
f1782c0e,0.00088477734
f9e5d8d6,0.0009352121
d2b993e1,0.0010702003
2d155d68,0.0008910342
86ccd9e5,0.0008589333
3dcf57db,0.00086690404
a3c8ece8,0.00087774295
6ab694fa,0.00088052946
457168cb,0.0009121769
5026471e,0.00089888874
f45faba0,0.00091399776
1c1545b0,0.00086644816
70cb02f7,0.00088352937
7c7a5583,0.00091231643
36df391c,0.0010930976
95e76ddb,0.00086657284
99392db7,0.0008863473
edc0ef8e,0.00093165017
98920f9d,0.00090982934
191d4c66,0.0010147165
a104341a,0.0009070582
d4a58f87,0.0010141544
6f145778,0.0009426892
1992bcb1,0.0009122408
be3caf16,0.0009079152
d4cc7c9a,0.0008794307
63ca78c3,0.00090238947
7466c59a,0.00091458106
0f5f6fa2,0.0010180596
09db7d19,0.00090979645
01f63ca0,0.00084638543
024871d5,0.00087168
79d4a468,0.0008727193
3d3bca8f,0.0009181762
227148c5,0.0008687368
8ddea85a,0.00089962775
e340a4d8,0.0008938739
58024de4,0.00084382354
3d8febfd,0.00090782304
dc8fb651,0.0008628544
5d9dc57f,0.0008486632
a5a7c240,0.000879651
d7b61c11,0.0008872763
88b806c3,0.0009460457
83e158fc,0.0008699591
e4dae91d,0.00085682556
f032cfd0,0.00087592204
a50435c7,0.00089055084
ae8d5b24,0.0008661122
5b8b9a8c,0.00088033197
6a30322b,0.00092350965
605fc6fb,0.000870153
e43b280c,0.0010174607
3120bbc8,0.00086040166
3dfe5b31,0.0009018949
955f30f8,0.0008874303
64db847c,0.0008590554
28e2bdff,0.0012943896
b4f5885f,0.00090714335
5d0ba585,0.00093665306
5bf9444e,0.00087936706
56ba1f88,0.00093158893
38db912b,0.0009086196
df5fa183,0.0008942061
e11af73c,0.0009268532
76b3efdb,0.0008628811
959b47f7,0.0009126129
76f9c2d0,0.0008591195
d76798cb,0.0012152137
e23170c8,0.0008829163
313dbf51,0.000923742
4cae81a4,0.044385217
9385cf1d,0.0009114332
923760bf,0.0009235668
d0451896,0.0008947
513e2982,0.0008988557
d17ca197,0.00086246803
a1ddae20,0.0009388538
c10d9b51,0.0008911013
084e6eb5,0.00084335764
8d06409e,0.00088085
537288ef,0.0008831203
b4f737c2,0.0008583296
90eba36e,0.00085288804
51aa55d7,0.0023674683
7d83cc94,0.00090849836
80783dbd,0.0009363082
4d719f4b,0.0009108733
91e91071,0.0008799541
a668ab5b,0.00088033575
9255f3e5,0.00086865696
2b42fe49,0.0009004771
52518cb6,0.00093594973
e4f6b88d,0.000911508
0b94fa7f,0.0008774884
c125abe5,0.00089903566
d616493e,0.00087973743
080d788a,0.0009265892
41954b42,0.003403906
37fcd40e,0.0009869481
f16e33db,0.00092699274
59ae9083,0.00088915863
287383a8,0.00086726516
ea1feb59,0.00088390784
40e2d55b,0.00090451585
7a6d577f,0.000893489
7544b9cd,0.00087232026
f3656e35,0.00086966646
f87ab833,0.0008832571
c55b67a3,0.0008743002
47f8a9d6,0.0008740928
1b6130ef,0.0008676804
14e98f51,0.00094317796
6e90007e,0.0008747311
6fd7e7d1,0.0009111719
44fb87e5,0.0009310991
9802f95c,0.0008929775
3e48a32a,0.00089292985
0fbad3ca,0.0009494703
dd84564d,0.0008556112
705375bc,0.00085145887
38b5f23d,0.0009072933
e023ecf0,0.0009985542
8225bcde,0.0010458127
5f9c168f,0.0031156617
2b05dbe0,0.00090149534
b008dc85,0.0008625079
63c1681a,0.0008811762
f417670f,0.0008823083
69078cb7,0.00088166713
a831f872,0.0011855423
d3ea3ec9,0.0008845238
bf95fad4,0.0009227268
d1d25377,0.00096737855
99549428,0.0008727783
54f434ae,0.00090869656
c54c48d2,0.003064865
fa6f5aee,0.0008596215
2cd8d26d,0.0008718794
4c9f25c8,0.0010924658
e9229c70,0.000918495
12419caa,0.0008886708
6186bf62,0.0008600475
d62c0736,0.0009548595
90736e8d,0.00091077824
b6ede81e,0.0008784775
d543cd64,0.0008848327
8d54da8f,0.00092497584
b90beada,0.00540298
69c53529,0.00089930976
2cf2a6a0,0.000891308
2eb19920,0.0015631604
dac55591,0.00085456786
ec54068d,0.0008951537
38de09c5,0.0011190035
b1a481e1,0.00087755814
5033ac4b,0.00087970175
7663bd8d,0.0008812526
cc9fbc1c,0.0008956182
4753265f,0.0008798678
f061bb4e,0.001622848
1d304d42,0.00089443446
78dfe12e,0.00086259254
addaf8e5,0.0033719912
a8bc7228,0.0008715986
0a423917,0.00091668486
b9b537d6,0.00091842905
b27c99be,0.0009355418
9b435a66,0.0008949157
6c92b5c4,0.0008755587
86670d35,0.00089072983
5be617d1,0.0009502067
b40f8ef8,0.0009176917
90d92a0e,0.0008823053
d15a7327,0.00093626144
c243f592,0.00087628013
75c9efe9,0.0008937888
e7ca6412,0.00090789783
f1832f78,0.0008815872
f80d2502,0.0008796846
6032bae7,0.0009851538
4a4d8bad,0.0008765382
bacdcf16,0.000928238
897cb257,0.00086554996
9dbe864b,0.0008699491
c1007d63,0.00086564024
57459a3c,0.00084617623
0f0fc735,0.0008664588
a41c09b7,0.0008599512
8ed5a910,0.0008870447
4048202c,0.00095786323
30945c83,0.00095971586
d5bad7b1,0.0008895086
cc69a1f3,0.000879341
4e622776,0.0009006531
7298c9e0,0.0008905101
f9e96307,0.0009442164
0bcb7a50,0.0009069212
595dbf49,0.00090714765
c003e6fb,0.0012137305
0c8b6da1,0.0009090681
4d6fc38b,0.0009390483
436f6d6a,0.00089310005
feb4b9d5,0.0015354209
d66d834a,0.009618197
644bb4b8,0.00097546756
cf1b8fb4,0.00087255426
cdccdc08,0.0009023035
b59aff54,0.0008796472
272dcd8f,0.0009184929
9e089344,0.0010661443
a010a02c,0.0009063429
4fda1ffc,0.0008898294
810947df,0.00088558166
52a8311f,0.0008649902
82e6cd94,0.0008969453
55e49a4d,0.0009006221
aa7e0905,0.00089916144
47aa0e4c,0.00090466224
249c7c11,0.0010669053
df7b896f,0.0009145344
d58649c9,0.00088090124
bd5f1de7,0.00093667896
82c6f8dd,0.0008802027
d32b7dd7,0.0008573753
42092064,0.00099409
395ba0bb,0.00086405966
99cd3ac9,0.00085185736
aa3e6d70,0.000888047
06dba779,0.00090968853
582ba844,0.00089275336
9b84b97d,0.0010287974
3c4de6a9,0.0009341074
a2c3398e,0.00088155566
060a0bf5,0.00088410795
24099b30,0.00088918017
dbaf3cb3,0.0010094375
784df7d4,0.000874691
0b100d66,0.0008994357
1ebbee8d,0.00087541516
f4da17c2,0.00088852725
23c4049c,0.0009295514
75546809,0.0008928351
82d3eaa0,0.00089995185
048ea49a,0.0009150146
acae8563,0.00092611345
3e1af83b,0.00092224084
c955eb18,0.0009230712
bf261485,0.00087243033
3b2a7251,0.0009267641
3e487717,0.00087290845
e4a9da69,0.00086606765
41234528,0.0008609335
790a9118,0.0009343696
a4f53114,0.0009187073
1181efae,0.0008817675
9a311365,0.00086609565
e1621822,0.0009098276
dfb1194a,0.0011124559
a8042347,0.00096118404
855e9ec0,0.0008820586
9ca276aa,0.00088411086
768ad836,0.0009317767
e82b8bf0,0.00091098953
22cd392d,0.00088761136
69c0fc7c,0.0009335158
64717133,0.00090685784
f3bd75a5,0.0009294599
65fc0150,0.00088407967
5704a85a,0.00087482686
be2981e9,0.0008820179
73921a0b,0.00088484574
8640d82a,0.0008557205
edf31222,0.00094886584
cb52a8f2,0.00089792954
a4320121,0.0008602164
034bf498,0.0008973651
37d65633,0.0012376952
2422c66b,0.0009018919
a731ed05,0.0009291839
93c7435e,0.0008656287
0bf1fb6d,0.00090411335
8d5f4e4e,0.0008648076
647528dd,0.0009233178
a0a931cc,0.00089196523
9b7ded82,0.00095465436
21582fa6,0.0021358666
b9b15347,0.0008693915
77d641d1,0.0010686702
d98bf570,0.001312819
01db09f2,0.0008944695
f808a174,0.00087351335
1a976e58,0.000886967
f9fdaeb6,0.0023223667
3dd48c2c,0.0010024661
39cfbd80,0.00094047515
57159bf4,0.0022731512
922580e4,0.0009246282
2881c404,0.00091084366
3f30ac95,0.0008859931
4f768e5e,0.00091528025
de7de34c,0.00089283887
2a80b931,0.0008697287
aaf9a703,0.00087257166
24796c98,0.0008650202
e3536c81,0.0008842491
52166665,0.00087452435
ae9c767c,0.00087509706
85e82fd5,0.0008698994
bb82fc10,0.00091322913
63f38106,0.0008678049
3bfdf539,0.0008962114
ae7bb1b0,0.0008763787
6b9ea40b,0.0009305706
5dcafc92,0.00088618905
8158be40,0.000870761
7691d06c,0.00088655757
cf22ab44,0.0008836084
be15c135,0.0008524912
1d1da3e3,0.00086257653
e1b1a184,0.00096543843
4eee31f9,0.00088676467
e7fae5e2,0.000892417
fedf118e,0.00090690266
ead7b5da,0.0008691322
57fd25ca,0.0008796824
3d1fb3cd,0.00087516115
f06c2901,0.0008604029
ae7ce525,0.0008940264
2c9fa42c,0.00089219166
bfa57cc8,0.00090650877
923113b4,0.0008831469
d544dadb,0.002584823
b5fae447,0.0008712303
6ef45318,0.0008805354
e907e771,0.0010969798
70dae18e,0.001276333
ce5c107c,0.1769129
9ae66264,0.00089537335
6cec107c,0.0008793787
cd6408b3,0.0008481187
01a25881,0.00088385143
cd1ebde3,0.00085825386
782b97ba,0.0008708818
27606da9,0.00087339844
b8f818cd,0.00085997995
a5193cc5,0.00086843775
4bb52eb1,0.00088988367
ef78034e,0.00088405516
c7dd5abb,0.0008660041
f3b70fc1,0.0009790489
74f933e3,0.0008760915
0a0e88ee,0.0008826913
3582a2ed,0.000888008
02f633ef,0.0008694926
94be3e94,0.00086058327
3d432f6c,0.0008997417
eb96e986,0.00088567875
a7fb48e8,0.0008594638
7bbb8180,0.0008667305
96192ba2,0.00088074506
0d01ca83,0.0009440725
b1c50c72,0.0009149266
82a88da1,0.0009235277
d6ff62da,0.0008829504
93b83ed4,0.0009047002
abb4b977,0.0008673906
68eb2465,0.00091513235
53361ce9,0.0017520582
500db64f,0.0009289857
e373eb06,0.0008871344
10e64934,0.0008614421
0bee6ea5,0.0008471072
ef51b7ec,0.00086561014
d7f443a1,0.00089560664
d2768faa,0.0008733386
3478bf35,0.0008931379
fb9253cd,0.0008714857
d817e4f5,0.00090329314
5e518e49,0.00083884294
43041047,0.0008589145
4a56d2c4,0.0019569276
137b4886,0.0009845862
7b6e5a90,0.00087360316
93820eb9,0.0008862633
8cad0d9a,0.00090258813
3b82b161,0.00087809475
6a0b54e5,0.0008763348
a5bcc730,0.0008880757
98d12c1b,0.0008845061
61b5212b,0.0008834456
13a7dd00,0.00091156433
f4f1193d,0.001297968
72150217,0.00085464
03b8527c,0.0008719039
88efda9b,0.00088779395
71bf2761,0.000924827
86a6b819,0.00093558186
aceb1529,0.0010139177
41992ba6,0.00092486135
05017375,0.0009313431
50576f5d,0.0009368603
def91a2f,0.0008852367
4ce09be0,0.00088056474
33d737f9,0.00089736935
f9ebb30c,0.000874311
5dca52db,0.00086417655
53558504,0.00089351286
c973c9d2,0.00092067063
de877aa7,0.00088494096
d5748a04,0.0009177205
eb526e72,0.0008827565
ad01e0e8,0.00088460976
af9aaf82,0.0009366705
48d57fc1,0.0009015018
5cf5a9eb,0.000864602
df28b83e,0.000913727
4d59f8cc,0.0008882771
acd4e391,0.0008778634
2b40aa9c,0.0008745293
439ba6b9,0.00088287337
3e520f74,0.0008556413
de3fa78e,0.00088215776
d9680da9,0.0008945832
06cad080,0.00092619064
94053006,0.00095468306
e2980e9a,0.0008882001
af97223f,0.0008736273
f1a186a3,0.0010583266
90a7cddd,0.0008837175
5bfef2d5,0.0008481256
7b2b8dda,0.5040915
a0c11bd4,0.00094181794
5729dc1d,0.00089452654
bae66304,0.0008765791
4f7d810a,0.0009292615
b393dbb6,0.00090580253
41a47b08,0.0046369927
7c2663aa,0.0009523006
ce56dc0c,0.014195602
6ee1c656,0.00090343435
81a8ce1a,0.0008785956
5437a8e6,0.0009104776
f9013cfd,0.00092522264
b735c469,0.0008933767
e308638a,0.00097276916
c46bd170,0.0010435714
b53e1136,0.0009216365
6c1315e3,0.0008690366
78f02eb9,0.00089304394
f2b2c19d,0.0008723356
f5cb437e,0.0008523441
24b7e263,0.0012709651
cb818243,0.0009113603
09030b75,0.00086503674
6e1363ac,0.00088140374
c3199108,0.0009178534
83947a12,0.00085305265
ac293c36,0.0008785018
a2d1c2f2,0.00089439534
155669ab,0.0010338215
cb4fd452,0.0009009598
0822ceba,0.010562313
da0236f2,0.00092435745
7589ff4e,0.00091571937
5d876247,0.0011541756
c9ee1a7d,0.000934577
860175b1,0.000983492
b97bf57a,0.0016757812
74db01a9,0.00088410993
c183f500,0.00086513226
850489af,0.0039780675
fef6449c,0.00087924924
8ec1df16,0.00090689235
60404b5b,0.002012267
0179b93e,0.00092734705
9d4feb9b,0.015300808
5b064ea1,0.0011922523
131b2305,0.0013839962
57d39956,0.00084089336
ef8aca7f,0.00087052333
6d7351ae,0.00093422615
60885545,0.001237509
ad16a7e7,0.00091823866
e6f81645,0.012560169
aba1f79c,0.0008817364
b248805f,0.00087951287
5fea00f2,0.00086965866
4edb2728,0.00091783813
fdd4e310,0.0028414351
8d3f1155,0.000938903
bbe65a16,0.0011460356
098af458,0.00089649716
223cd742,0.0009492479
ff54f323,0.00088556024
7fc588d1,0.0011398465
38dc439f,0.0008927371
fdf1f30d,0.0009075237
1d3594a5,0.00088257395
3e256966,0.00090294733
4788c83a,0.00091254467
d64cd758,0.00084175315
5893a1a4,0.0008599004
f441365e,0.0008696417
00dbc27e,0.0008540884
64155132,0.000886319
ddf923fc,0.00089969626
aaf248f9,0.0008747685
5afa1a94,0.0008833538
b78e346c,0.00096057385
090ad676,0.0009166513
2a77d656,0.0009146939
7de20d89,0.00092096836
214a16be,0.0008853643
9645dde2,0.0008700606
b852b036,0.0009587991
623e0d6d,0.0008691521
a7f1f30e,0.00086498074
8a66dcbc,0.0008879742
85f57b03,0.0008642145
658336fc,0.0008582645
7ce9b42c,0.0009018024
805ece7a,0.0009284857
00472952,0.0009275224
ea474351,0.0011148676
b4090eff,0.00088792254
1f012219,0.00097050803
d55aef3d,0.0008615494
8f48a8ee,0.0009217542
86e19e20,0.0008751025
459b89e9,0.0009524939
8c4ae447,0.0011300951
d32e96e3,0.0008730449
2722f7bc,0.001056398
2c4747b4,0.0010047695
28b89242,0.00088673725
b5838426,0.0008677891
403d502a,0.00090277946
73c1ce14,0.12689467
755dee85,0.0008740641
b93c656e,0.000864848
82bb1cd1,0.000893613
08bb55a0,0.0008602349
95a32557,0.0021489675
68f60920,0.000885523
0f845a84,0.0009118476
5177ea48,0.000894126
7001a124,0.00092268334
225cdf30,0.0008704914
a5d29852,0.0009000839
d5ebe1b4,0.00086103065
930ea2c7,0.00086757174
523bad0f,0.0009041676
bc00307a,0.0010520471
bdd7a49b,0.002680107
b6ab6639,0.0008614396
5942ac33,0.00086982147
fd2238b5,0.0008766317
2fc2378b,0.00086687674
eba89c52,0.00088391337
92a1f7d3,0.00086487725
1de5638e,0.0009119092
d34b19f3,0.0008682639
69442330,0.0008826177
05e9af87,0.000872107
d8bafd1b,0.0008991526
530261bc,0.00090550474
e5f15eb1,0.00090591126
43261be8,0.00091287465
c8fb88e7,0.0008949085
2cfd340d,0.0009112874
b9d41b6f,0.0009779437
6a527b68,0.00269138
9df52771,0.0009047235
3bfd8df2,0.0008811086
66c914af,0.00089401536
79c92e4a,0.0022887853
6e5f2df0,0.00086888054
c900be40,0.00084650685
512a6b38,0.00092915253
9aa2cda2,0.0008679306
4d5767ed,0.0008769831
040903d4,0.0008817419
cd8b8c6e,0.0023101864
29544dfb,0.0008719031
724edff8,0.0008812127
74f170c3,0.0008956908
0718e62d,0.0008921585
52bec0d9,0.0012300594
897976d1,0.0008605558
f6f0c1a1,0.00090650877
e1c67038,0.0008937939
2488d684,0.00085519924
38829e75,0.00088761677
204457cb,0.00086949504
590bdc18,0.0008912044
cf93f9ea,0.0008918037
2948ce07,0.00092244294
9cb4ce2f,0.00087192206
0ebd11c3,0.0008895061
18cdbd8b,0.00087670854
f2121137,0.0009285087
0862ce39,0.009383335
0be95453,0.00087680964
6ac98299,0.00086452335
8a768cf3,0.00089098024
4d061209,0.00091776066
c3ec4ef4,0.0008587558
0337e81b,0.00086199236
95477aec,0.0009298101
c39c060a,0.0013513048
4afd9d30,0.00087894173
93515cdf,0.00088106416
454e74ce,0.00088232255
7f6caf70,0.00093975314
c45bf8aa,0.00087774417
e259cc65,0.00090493035
be58e52f,0.0008572666
5db50144,0.0008539212
f4c43ed0,0.00095162174
5d6f0126,0.00089673256
43779376,0.00085564295
918796b6,0.0009264302
a155163d,0.0009128438
ca5becbe,0.00085433666
1a507d77,0.0008980168
91e121f1,0.0008641322
6bbdaba9,0.00087876094
bf801fa2,0.0009389235
ea732075,0.00091454224
1353c499,0.00088730175
06263415,0.0008825479
e9a060fc,0.00092425174
b4843035,0.00087801856
de42a015,0.00088950444
597af6d3,0.00094984047
d23e015b,0.0008819708
7dda7007,0.0008911127
573f18bb,0.0008851569
c8578716,0.00085635873
c91fb547,0.0009193123
43b321d5,0.00096263306
aa4fc619,0.00087663846
b16ce23e,0.0008496366
dba5d0fd,0.0009068452
53a61fac,0.0009115279
ff8c85f0,0.001126118
41b6fb56,0.0008684228
5cce1c53,0.0009439182
1d5ede48,0.00088142185
cb94f2da,0.0008633519
9103452f,0.0009268784
7df69b16,0.00093759684
678d357a,0.0008620839
d6613e6f,0.00088744296
888ae91a,0.00088128704
7bcb41a9,0.0011093161
7b45526a,0.0009155963
e7e3ac35,0.0009230267
fd6cba4d,0.0008505122
4628e6c0,0.0008906828
f07dbc32,0.0010459482
23b16408,0.00093796186
79628d6c,0.00090939
d8b1018a,0.0011686472
f5f62f53,0.00090490014
8e4f6ea7,0.0008575031
85eb9626,0.00087851606
f7e00256,0.0008595077
590558ff,0.0008728901
d7671d56,0.03878949
d7bbbd82,0.0008611624
77b44a51,0.0010979327
c6ea31a2,0.0009973706
226cf373,0.0009004758
54b7e707,0.00092019176
a56a0399,0.0009111241
97a2a0ca,0.00093178154
c15ac7e7,0.008323923
1288097b,0.00087572006
fb764b7a,0.00086186756
b8f5b50f,0.001175087
b296ad7b,0.0008620302
7005025d,0.0009074382
75db0619,0.00089242886
c97b40e9,0.0009192721
b82d449d,0.0008769864
6823c06d,0.0009248864
bb5c87d1,0.00092474534
6f797fd4,0.49894688
6d437a34,0.004564534
94362561,0.0008544388
5a5fc0fd,0.0008703827
b6db5c9b,0.0009651769
ef1fc2ea,0.0009603213
3099c2c1,0.000871354
78f50316,0.000883467
5f6c080a,0.00092445384
63e75f76,0.0008807028
53638721,0.0008770077
4f9bb0c3,0.00094967254
f10a60ca,0.0008668818
b17d0785,0.00085473526
1d797e14,0.00091294036
81618f4b,0.00087797095
190444b6,0.0009136413
e61789a2,0.0008804708
8609dd26,0.0010415601
4a781cbc,0.0008544481
f6638de0,0.0017457737
d46cef4b,0.0009015515
fe21ba6d,0.00091347017
51f2c51d,0.0008762033
83fc6dd8,0.0008710813
233c994e,0.000979409
5f252f36,0.0011174564
b9a5b0b3,0.00087220385
f2d16bc1,0.0008985782
5eb1d3fd,0.00090827205
0b01a193,0.0008708374
d7b97add,0.0009074463
abc1c49b,0.00088314596
66aa8f3d,0.0008780604
a55f4344,0.00087199407
5ec2c8c9,0.0008917209
9498a2fa,0.00090434984
445a9419,0.00088357896
ea4a3daa,0.0008969744
6b5e5cdc,0.0008535486
9b68d19f,0.0012521328
331e9738,0.00086134207
bd992b67,0.0008835719
0975285d,0.00094064
67c0a599,0.0008748745
c4506298,0.00093169056
da2c2eea,0.0009611374
ef6abf99,0.0011976035
dae9c322,0.00087647216
931329cf,0.00085489854
07589a5d,0.0008488225
d9660ca9,0.0010958717
0bfafba9,0.00088890834
69a10e96,0.0017689613
11b7bfb8,0.000934398
c6da8a1d,0.0009854729
a9ddc992,0.00086225447
c964cbfc,0.00089036155
810394f9,0.00089095393
40af6ac4,0.000885453
ab7e778a,0.00086855394
25b5ee9e,0.0008770737
74b727d2,0.000873034
74546cf6,0.00086440233
6d6532de,0.0017758792
f120b25b,0.00092079124
dd55cb31,0.000932365
1b7a9062,0.0008851738
3b4817ab,0.0008802711
457e293e,0.0018347105
ecc3ca94,0.0008920548
02985fa7,0.00085738103
daa1f121,0.0010904061
d53284b8,0.0009224948
47c0bddb,0.0009161567
3cb32875,0.00088728225
aa4bd390,0.00088503206
96316a32,0.00088529603
27bffe6f,0.0008826875
83e59ff3,0.0008683764
71c9ff91,0.00089663686
0b8b7cfa,0.0008942411
a2bcaf8e,0.00088428275
ba4fca66,0.00089952996
d4b14545,0.00087035174
eb46edba,0.0019166725
c9ca6e0c,0.00090416026
b6d847d7,0.00085328554
159cf2aa,0.0009082491
47360f1b,0.0009201764
33d1f45d,0.0009805859
9861452e,0.0015085083
24fc7925,0.00087824446
84dc5660,0.0008687003
9061b94e,0.0009571453
5b7eec9a,0.0008809529
f76b020f,0.0008813239
f5f0ec1f,0.00086572114
27a4599a,0.0008652733
557b57ed,0.0018257707
db42162b,0.000865303
342ff231,0.0009000904
8970233f,0.00095969567
8d1caa26,0.000934877
f59fc2ec,0.0008554531
28892219,0.0009335998
110a966b,0.0008919758
8ddacfba,0.0008667636
02cb28c8,0.00089319795
8b7b14f5,0.00090729893
51e202f8,0.00091092015
7e085f77,0.0008473502
0c2899e0,0.00087479147
3970774f,0.0008638136
4db193ee,0.00090694847
695db015,0.001151513
13190fc4,0.00091081345
cd5dbb3f,0.0046223276
0fb68754,0.0009121196
169ace80,0.00091428345
60d02bf3,0.00090065436
c086bc90,0.0009421504
d038e5a1,0.0015456923
efca0e5b,0.0013666624
2f63b47e,0.0012967978
2d47ac6f,0.0008682019
79ef3eca,0.0016617514
494adb6f,0.00089533493
30a232de,0.0009107682
d850a9fa,0.00086695194
e4931cc3,0.00087426073
3ce308d9,0.00091709767
65719d07,0.0008971351
3ef62cee,0.00086524535
cd78148c,0.0009312775
f6ee43df,0.00094390154
f45691a2,0.004106466
ee27c88f,0.0011059557
027c0d2d,0.00091796095
0db21bab,0.0008871973
33494bc1,0.00090358197
8b2ddab3,0.0011235356
9c56d961,0.00090428995
1cb8c49d,0.0010489218
8a054f65,0.0008962418
e502b174,0.000891847
b487841d,0.0010913027
2ee858ac,0.0009040221
aa6101f0,0.0008654118
87d9b389,0.0009272348
764ea5bf,0.0009039755
7adc65b8,0.0008971342
8eae0265,0.0008783278
f70cfe86,0.000948147
6f0e52fa,0.00091008295
2b7b6c78,0.0013227666
546f1e09,0.0009048092
137c7608,0.00086614484
12e2c0bb,0.00087384175
e00b2e0c,0.0009061443
f2d0eaf5,0.00090830366
719307dd,0.00085401314
f555728e,0.00088625995
418d9127,0.00089041254
1c9c87c9,0.0010427901
33e5699e,0.0008739196
8569baa5,0.0009042581
a98ec990,0.0009608219
180ae142,0.0009055825
17fccecc,0.00096386834
710cf6e7,0.0008625782
ee9e49b4,0.0008773913
ddb2cf5d,0.0019769038
f5b4bd25,0.00090425985
dcde718b,0.00086555904
8f0cd711,0.00094556593
4b30cccb,0.0048587755
a3cc0385,0.00088331517
4c4a8674,0.0009275617
93668719,0.0018559366
4bfe111d,0.0008727462
21472cb1,0.00093648804
507a11a4,0.0009119736
3cf2a38c,0.0011570532
f001565d,0.0013620146
f59ba0aa,0.0008755136
11b692f2,0.0008552216
87e26257,0.0060451147
2125f410,0.0008998532
ce9ba5cd,0.00086305215
402fa098,0.010014799
c2d36753,0.00086518924
5ed48bda,0.00091101305
b0bcff82,0.0008714085
32f5a72b,0.00087346166
9c011d7a,0.0008970393
aa772f62,0.00087463274
3f809069,0.001962232
a05a09f9,0.00090658263
7497e37a,0.00087155704
c16c86e3,0.0008906989
7a153454,0.0009035944
8480261a,0.00089869555
8ab4ba3b,0.00091821986
37fbeb14,0.00089784013
adbcc155,0.00086145446
cd352c5b,0.0009731339
fbec8dfb,0.0008849014
6ed38720,0.0014578284
e5497116,0.00085321686
b061943f,0.0038225746
84acc830,0.0011016332
a4fbb2c7,0.0008489123
12416365,0.00095479726
15771285,0.0008949546
8526945b,0.001211168
1739f325,0.0008436876
64e37655,0.0009805434
c28b4904,0.0011487178
28cb8819,0.0008718195
de5e604e,0.00088673894
7dc810ba,0.0008668032
125b4d28,0.0010839982
9567780e,0.0011943312
7bbae1f3,0.0009812439
05a3ca61,0.002080114
1cc1a404,0.000859823
1b4245f3,0.00089151703
142d6b49,0.0008662038
4f3ef8d7,0.0008627056
aec0bad1,0.0008695994
71b353c4,0.0013220866
35ac6c14,0.0032151272
6591c33a,0.000982053
e0042889,0.000933108
ed41d693,0.0008739113
fb54fef7,0.0010744132
40e23ae0,0.0008805958
3ca9e6c9,0.00090252276
7052b712,0.0011401562
e410f01e,0.0019200889
11c21c1c,0.024808355
a7020745,0.000917765
32e4874b,0.0008616474
1a458f55,0.0009687002
6c072d09,0.00087640126
b62a4ed1,0.0008697862
78d186d6,0.000885747
bd44af16,0.0008879683
04b68897,0.0013736698
0e7d7329,0.00085691386
a5fa5709,0.0037952126
4744f14c,0.0009418696
781e0a8a,0.0008531562
aab51667,0.0010503579
c062eb96,0.0009885838
2598e764,0.0040192436
45f77952,0.00091360946
ad7e53e4,0.0009313627
a90fb448,0.001253996
625ccfba,0.0012396182
0b87b585,0.00085375115
2ec71641,0.0008962196
ce7cc95a,0.0008367183
b5d81c30,0.001028986
c11a98b3,0.0009996616
ff1e49df,0.17848097
5ea9395d,0.0018372184
fea89a50,0.0029669502
dd0d3206,0.00093124376
7f8feb43,0.0028501304
182416ea,0.0008780345
785b458f,0.0010000269
3badab96,0.00095235504
60cc1e22,0.0009016315
c6e57d8e,0.00088384975
c32beaca,0.0008852531
36f9c6e7,0.00088284066
f28eca89,0.0008995866
9314df46,0.0008825017
22cdbf7a,0.0009831284
4629f2a6,0.0013726394
15617234,0.00092299504
92feb471,0.0010546765
c9624846,0.0008569468
8e19d9a5,0.0008682097
fee9de03,0.0015065352
681af974,0.00089461904
7e430c40,0.03347172
2c470c45,0.000851147
5e847cd0,0.0008548383
9aff2b26,0.00093002315
2e22ac0b,0.0008581902
eee88000,0.00085759297
79496bf9,0.0019775042
b3174172,0.00088566355
4717b6dd,0.02309113
7f7f36f3,0.0010788718
20d65651,0.0011692195
82e10b88,0.00087950786
31986134,0.26529577
955a2738,0.14123723
697c0b38,0.0010283137
a1964bf4,0.00557467
448ce29e,0.0009404518
5c84fe4b,0.004616653
100f4a8a,0.0008739026
055e0e13,0.0008666671
f8d4f55c,0.002593514
0e5ee975,0.00085912325
d38fef0b,0.0012985225
857ebca5,0.00087353005
05d3d73a,0.0012953745
5880e11d,0.0009897182
e660e532,0.0012774616
529fa0ec,0.002350106
471a3f10,0.00085504644
3dec4e13,0.0011239563
50724d8d,0.0009092175
0db3b6c5,0.00085428864
571fb215,0.00097110926
94d80a3e,0.0013191208
46ccaa9e,0.0009838893
84dc587d,0.001263021
b67d17c1,0.0008623505
059b1d9a,0.00087663677
2f5d9bf2,0.0008786706
4bbff791,0.0008712507
bf6af775,0.040101413
6408a0ab,0.000993172
f1c0c80d,0.000878247
c8b9625b,0.0011739917
18cf1c71,0.001157837
cf1148c3,0.00090840406
d3419a53,0.00086696225
e54f9554,0.0008630636
87198b85,0.0008572625
fe40636b,0.0013326864
322daa34,0.0022620028
0c585789,0.0008516233
b2ea7bf4,0.0009586192
0d558ebf,0.0009927849
863e60dd,0.0008604754
76b4a168,0.0014352527
e995352f,0.0016225035
1dc54549,0.0008706042
6dcdfbf8,0.00085940736
a6f33667,0.0011025928
fd1a8589,0.0008609244
08f5e704,0.0008536894
729afb71,0.0009040079
e897cd86,0.0010679984
4cfc5054,0.0008799986
ecca8c1d,0.003458746
03ba07b7,0.026890188
7085025d,0.00087352254
0494cef7,0.0008628675
80d0e3b3,0.0009060226
89033414,0.011397523
e5456b5e,0.0008986129
17940109,0.0011583185
a90e62ea,0.00904462
b4635f9a,0.0013244022
63614c1b,0.0024494368
6877f1ba,0.000915517
ab9b0b63,0.0027703845
bc6f3753,0.00091534865
eaa742d1,0.761834
2751b2a7,0.0012556285
a1164e9f,0.0011708144
8d728293,0.0008787358
fbedfc35,0.0008827153
579e08f9,0.0011531162
973208ad,0.0008817989
b8bafff8,0.00086574745
7a456823,0.0011623999
f975e06c,0.0008710519
0092fc44,0.0008746868
48287c48,0.000934033
8c0750d9,0.0068777064
4222af62,0.00089149195
99dce3e9,0.0008676866
b0bb6494,0.0008575803
631d344c,0.001161686
30671d75,0.0008605562
9acef63b,0.0008720588
55a60d5b,0.0027594853
348521e5,0.2670712
062b0fd2,0.0008804351
869a84f5,0.00095999974
6f62f32b,0.0009790605
31030144,0.0017727762
197ee66f,0.0008806205
5d8f1824,0.0011353916
2856d796,0.00087429525
f3bff893,0.0010644647
453b005c,0.00084759167
4c753037,0.0009907144
1b6eaac8,0.0008717107
8f897603,0.00088644144
cf0126cc,0.000892588
d41005d4,0.0008792883
f0991f34,0.000871871
5112abb5,0.0008855957
1b1c8e72,0.0011882358
3b20ed13,0.0008708113
0a0b0e2a,0.001431781
5d2add7c,0.033728845
5777ca83,0.0008476292
9982543e,0.00086925476
1b8e5758,0.00085459184
f642c58e,0.0009048105
c6008a6c,0.00086364854
c8c44ac3,0.0014891842
e2b6e19f,0.0063943835
bc04b448,0.0008593812
136cebe8,0.00089920475
26926a9a,0.0015520236
1e41c1d7,0.0012638825
6ff2781e,0.00088923145
1749fafa,0.0008636926
1df39fda,0.0009358128
89ac5692,0.0011198571
372d5a32,0.000935927
08bfb12b,0.0027731145
7ce6517e,0.0049877833
d4980e70,0.42781082
60720622,0.00094289944
7579e2a0,0.0008986236
b065de95,0.0009731821
3cb4187e,0.00086358725
3b8cc0ee,0.014727272
84b0e988,0.0008940476
8117235c,0.00091097696
4d1f515e,0.001070129
1cf2210a,0.0008591821
614f698e,0.0008505073
990c8d5b,0.0008632326
07f19fbd,0.00086947926
3d960228,0.0008866638
f7b83eaf,0.0008708212
8bc349db,0.00090870436
397735ca,0.00085746637
3398ff39,0.0010742034
82101296,0.0008977819
cb75cdad,0.0022728958
1e1d2269,0.00094732706
987b0193,0.00096502283
0443bfd9,0.00089168176
09685bd9,0.0021872295
4c9203a6,0.0011185134
4894b314,0.0008763028
2fac7c53,0.00096318615
a380e4e4,0.00089028565
85efc0d2,0.00085287826
fee9b083,0.0008660032
cfd39745,0.00088243524
6d514dc1,0.0008803843
82c1af26,0.00096316653
fb366eaf,0.0008492197
7f85c203,0.0010492043
c8f8f727,0.0009484541
f3528ece,0.000882492
c254a240,0.00090613996
b4c29c67,0.0010211067
cfef1530,0.0008772614
82f82a85,0.25247303
00f85267,0.0009098459
e2141277,0.0008779433
e588ced8,0.0009819369
e455a779,0.0009447969
b3e2e5ed,0.0008758861
fc936eef,0.00087471935
162f8946,0.00086591084
c50cbffc,0.00088649645
10eed237,0.00089359377
33292f4d,0.001192371
dde9eef9,0.00095531775
0355f636,0.0008774093
b2af581e,0.0009295271
6d8d945b,0.0008869095
f4489532,0.0010529964
57d45324,0.000902221
e97177d1,0.0015706329
be433704,0.0021632111
6494010d,0.00085302093
2c1211cd,0.00091175723
8d786dfe,0.00091125956
caf57026,0.00085959776
f4617f44,0.0011416493
b6b91cc9,0.001951903
5319a26a,0.0016019815
fd51f859,0.00088747893
bc2224bc,0.0009015237
f0763088,0.0010565178
12e5a524,0.0008625684
6696b40a,0.00086354365
168545dd,0.00089736294
486db49f,0.0008748873
d507e453,0.0009293243
0e9ebcb3,0.00085471163
bb41dd03,0.0008733706
16e2b907,0.0012811646
da38668a,0.0008835029
4dda29a0,0.0008762961
fd6bb461,0.0009427444
9e0aee4c,0.0015636985
6aea40d1,0.00084908376
2f2aff41,0.0015706829
8a719356,0.00087152433
7bd82998,0.0008434898
16e3420d,0.0009236469
427e3c99,0.0010284726
642db36e,0.00092460937
0635ff01,0.0008614512
cfb18256,0.001504263
b267a839,0.0008625543
a262a9e2,0.0011065459
9812a841,0.0008591348
a0200394,0.005997754
a220b8a6,0.0008771497
6638dc7f,0.00088122865
6ddbf1d7,0.0014862947
3731b5bb,0.00087377307
07f04fa6,0.0011217411
55e781be,0.0011021359
450dfd83,0.0026818884
7379efa1,0.0009011423
097af38c,0.000892128
41abc13e,0.0008877448
8dd97253,0.040833782
ae09caf0,0.0010681398
d3bc1c01,0.0012501553
e1ede3fe,0.00090717705
62f19181,0.0017095894
33079bfa,0.0008699301
7be1a958,0.00089917646
62bfaf60,0.0010800986
9b4e9f08,0.00086083874
d4650ad9,0.0008671687
03c08c35,0.0029902786
38989381,0.00094005634
24d548bd,0.00087830855
13d166ed,0.0008812504
31bfc333,0.0011101103
26f8cb82,0.0008916834
cb356757,0.00087193755
66a065ba,0.0009800176
a775e17b,0.0010846438
98b1195c,0.0031637019
4dca6ee1,0.0049648946
3490081d,0.21839413
21fadffa,0.0012818945
fc368c1a,0.00087498693
60585f05,0.17335197
6adcbc32,0.0023645754
81a58dce,0.00087043166
77fd2a11,0.0009796933
19d5011c,0.0015013166
fe2cc8c1,0.002000186
3c95d4c5,0.00088586396
bac1e0b2,0.0008677867
dd8fde5c,0.002429893
2316a1c1,0.09318674
7eb2ab61,0.0014236417
7bfa43b8,0.0008758882
6c6dce8e,0.0009130125
48eaead0,0.001988952
8a3322e7,0.0008848171
3e234fb5,0.0008714495
48c3e693,0.0009201084
27819d1d,0.0009242447
d55b2ca2,0.004201575
595051f4,0.0008871538
281ea4d7,0.0008712474
9b8d5dcd,0.0009028014
93aa2c32,0.0037373852
e7bd6849,0.0040691565
a3226925,0.0009452998
6237516f,0.0011990035
12fd4daa,0.0014600646
ffb090be,0.006420697
da92d014,0.0008620761
0b170929,0.0011119175
f38ed4e8,0.0008875042
37faff5a,0.001051457
73c13386,0.0008860413
5c8dd211,0.0015434437
b3a18a5b,0.0023788954
e7c81e7b,0.0008808399
abb7bda7,0.0008604471
486f12cb,0.00086056354
b6cf1e26,0.0011985594
afebd588,0.0008565864
8deb8e1f,0.0010895649
e72c2f3c,0.0008896392
3a39d977,0.0008484699
90bc25de,0.0016942928
8b073564,0.0008598833
18e123ec,0.0008763352
a821f6d3,0.0010610092
07d5ca6f,0.0013766742
004c1831,0.00086799497
0cc962d0,0.0008828212
3fccab18,0.00087199366
e9769ee7,0.00089734624
b12e40e6,0.00086802314
3d19e913,0.0011127217
5425dba3,0.00092851184
ffa755f9,0.00088478497
960b4e23,0.0011350472
a338b5ec,0.0011205935
dee56c2f,0.00088761136
14becaa9,0.0024023512
9af4a8ab,0.00085491885
f8470c6d,0.0008752321
841c0be1,0.0008852337
9dcbd48e,0.0042042797
183db078,0.0026688904
f6264242,0.0008611041
62ba4a2f,0.025929425
79044e75,0.0014583867
b0454f78,0.00088355254
5c2fd434,0.0009454605
ff696c58,0.0008740221
8bc1fa47,0.0009941023
e8a86efe,0.038250763
99a981be,0.00086060615
29226482,0.0021854371
9141c33e,0.0008933413
70f1e02b,0.0008613527
73e6a132,0.0009065035
dbb0fdf1,0.0010176413
56fbf34b,0.0011735809
9c5a0e74,0.0008660082
bcf9cea0,0.00091254467
0282b452,0.0008793657
4a864400,0.0009230624
10ef7f6a,0.0010393526
7c768e63,0.0009160453
3d6fcfb0,0.0008703451
f92ff179,0.0008760301
64a1a77a,0.0012967965
4c7fe435,0.0013862586
1232af7a,0.0008759246
11a2c878,0.0028647927
1a9cbc0f,0.00088687416
36cab674,0.0008681911
88108330,0.0009567532
04fa3e74,0.0026282547
e3cb976b,0.0010479001
7fc081d1,0.0008542443
20e8be9b,0.00091259636
f0763587,0.0011597251
89c53b53,0.0017386293
091cf466,0.0013242717
1ba68b89,0.0008585635
5827a311,0.0008935946
23c02edc,0.00088802574
fcd69857,0.0012613607
7d369e95,0.0009014476
4d12b22f,0.00087050383
8adbc2c8,0.0008755148
a6951ef3,0.0008668909
9f1b9894,0.0008871529
cf1b6266,0.0008574811
9ebb233e,0.0008611783
dccd8c5a,0.0008508518
4e9a60de,0.00086489203
ade151a7,0.0008657187
024bcf52,0.0008616491
c09ef3bd,0.00089690636
317f927e,0.0013080264
b4807481,0.00090832054
69f25c3e,0.000855857
74ae4356,0.0008790047
94879cc6,0.002206416
3b3c0b99,0.0008590896
e0dc897b,0.0008704375
bb8eaee1,0.0020142042
f32e77a3,0.0008701999
4bfaffeb,0.0010258207
34cc1773,0.0011340042
363a5f74,0.0009146738
a1a3ef70,0.00089242804
96c946f7,0.0008817755
3a24625a,0.0008794307
d61f0a43,0.0008842238
17ccf477,0.00087101
60d7ea1e,0.0008772066
7dd3a828,0.0011636778
ed8f8c84,0.00086839957
d2883099,0.00089087844
a22e575c,0.00086463295
b104cc04,0.0014074985
a425dc3f,0.0008965365
e6e753cf,0.0008475625
57d6edf3,0.00086138886
6ae47b54,0.0011334
82342545,0.00090798864
f6cab0fe,0.0012457388
582e04d0,0.00086303113
67990d4b,0.00089729443
8a914073,0.0014377465
8f391529,0.0008772133
ccd1208c,0.0009321053
2b94ea73,0.00088432315
900945a4,0.0009050718
64bd0935,0.0013726851
8d8e7b9b,0.00089014956
60e40108,0.0008989876
16159b17,0.0009986061
af286523,0.00086443766
463c1060,0.0014825552
2100a859,0.0011782242
3c37f5b0,0.0008555974
d7f2cc15,0.0009682822
102e3f57,0.0010413225
d36a2b08,0.0008638386
c41b4bae,0.000946699
4672ac52,0.0148441605
84219608,0.0009923602
ace27a05,0.00086263317
033e9c40,0.000855888
b2a18ee6,0.0008918067
4eccf6e4,0.00091192184
76e53930,0.0009707225
3eccd78a,0.00093834754
bb03357e,0.0024035675
2160145c,0.00086900964
ee028528,0.000870493
fe475d7c,0.0010919768
58ef0d29,0.001091907
f35f13b0,0.0012005583
a40d22d4,0.0009305537
b78eb878,0.0038013023
40d3366c,0.00092275767
31f2bfcc,0.0008694498
cf683edb,0.00092205626
e97a9ea2,0.0019521436
7d5af95b,0.020042483
f48cd04b,0.00086456613
80e5616a,0.0008678834
6fa20aee,0.00091733626
943d469f,0.00089103973
5d87906f,0.00089232647
b0379aca,0.00085257436
d6cb5e41,0.0008530376
aef169e4,0.0012772109
94f4e106,0.0010505611
45abf966,0.018065568
7c08b184,0.000962783
9834b35f,0.00087535894
60925bb6,0.001807253
d9aca829,0.0013292303
43968e39,0.00085567316
2626c3d9,0.32538942
589f3e9b,0.625223
e33b6e20,0.0008544514
885f1c04,0.0010101118
f4e0bc09,0.0008729172
604083cc,0.00086729234
eec7734d,0.0008792753
48a12dd2,0.021420207
e803c547,0.0009136921
0ec0e4ad,0.0010673644
2f8256c5,0.0010358001
f10d5849,0.00089355756
2b27a36d,0.0010870995
b5a31989,0.0019390178
daeb96ce,0.0008959135
7fe79fe7,0.019252019
0a4461dc,0.0008745293
454a6d7a,0.0009467361
f5dc52f1,0.00087723165
75ccdd6c,0.00086937327
2f9582e2,0.0011484224
0b13c125,0.0008649766
604745ce,0.00094419124
52844760,0.00086452585
c09c8b1a,0.0010787052
01f811fd,0.0008767194
225cf662,0.00086447765
9ee9d930,0.00087944197
1c33b264,0.00095898466
ef9ca431,0.0009147705
f95a2131,0.00086767005
34091faa,0.08742816
f3ad01af,0.00092712604
b56db9fc,0.005167241
2989bd2b,0.0010275586
496bb9fb,0.00087525457
9dbc1bb2,0.0008779968
f10973c4,0.0009213322
a3470965,0.0008612953
584849c5,0.000859721
79cd8cc7,0.0011253383
05daa6b7,0.00089378963
711f1282,0.00086708163
79a019a3,0.0008740702
71dc4187,0.0008554425
4478ec82,0.0008620478
4d1634d2,0.0014440756
d9c1faae,0.00095104834
eb013479,0.0011101591
80e1cc59,0.0008548529
23eda31c,0.0008653504
6d9efa25,0.01365663
805694b3,0.001912077
8396107c,0.00086741213
09060a12,0.0009222742
3216d3c0,0.0008537959
58ae8a0e,0.0008638226
cc24245e,0.019223658
e8b81b73,0.0013069253
cf8f50f1,0.0030399442
a386c0ba,0.000865632
cbf319d3,0.00089365424
8737cfb1,0.076647654
3f0a05bb,0.00086513226
4d0cc43b,0.00088322
d532dbf9,0.0009277287
5014a065,0.0008640515
c0372fdc,0.0009359234
d7339622,0.000850321
f8b66248,0.0009147109
7693b2d5,0.00096744124
0a9997c1,0.0009112535
8e9aecf7,0.001061544
c8e15332,0.0014968244
058f6758,0.0014820484
03a0764e,0.00088348007
8f6922df,0.0008597608
cd067fd5,0.001290321
b0367e75,0.000899593
407b4993,0.0008846628
30f4fa5d,0.0008737064
31ad03f5,0.023344267
ec8926c0,0.00087250106
9a4ccbb7,0.017800719
a65cbaae,0.004317991
d327bacd,0.0011111896
53bfffce,0.0008685552
4dba24df,0.00085756276
3315448f,0.00087836327
404d0d7d,0.00089260587
0aea2102,0.000971834
d7c0d37f,0.0008724536
0762d141,0.0009025937
18519b5f,0.0036392945
72afc9de,0.00162254
9b777ab0,0.0022306736
e927c614,0.0009442425
cbe71c36,0.00084696343
1e094fbc,0.00096153613
b9c5f2f4,0.0009081002
c304b047,0.0009276439
3b9ef292,0.0009143292
b143d30e,0.0010482495
d97af50a,0.0025473298
5f46d494,0.0008709345
d7fd756d,0.0008690387
0f1c2d4c,0.0012663817
a9a11fac,0.0008682896
c751f8bf,0.0011791341
ec0dc101,0.0014703262
23b351d5,0.0008664136
0d726eb8,0.0008504117
b9da34cb,0.0018060929
68e9cfb7,0.0010916771
cf2aaf32,0.000856269
1c4b9f74,0.0008924213
65430035,0.0008882035
26edf04f,0.0008685059
ad83528a,0.0010511256
027d9932,0.00089468854
fd009455,0.0008667983
9b18ffce,0.0009017388
86887e3f,0.00086514384
e4045c79,0.00086852454
4f57bdc5,0.0008751411
c7a11c59,0.00095677597
f858e736,0.00086931686
f9cee604,0.000914982
7021e412,0.0010378521
69416580,0.00090813404
bca0c8ab,0.0010222503
bc489c6b,0.0035544995
bd6e19a6,0.010660313
7a40fad2,0.0011232144
b92099f2,0.0015284395
ffbb1796,0.0035120207
f17dca43,0.00086702884
5788ea7c,0.0010095364
d090ef57,0.00086970296
e51c9a2a,0.0010012605
f5f4b888,0.0009096755
893835bc,0.0010451225
e06b22a5,0.0008479649
54472068,0.0009105514
b08e16a0,0.00086227123
8c47af9f,0.0009166343
6a84519c,0.00092141004
93b4e7ee,0.0009914729
97a44134,0.0008873424
87523514,0.0009062415
78dc84dd,0.0008871986
2062d70d,0.0009843858
34109839,0.0010731069
58bba89a,0.0013567958
5e5da67b,0.0008777192
53f44968,0.0010302941
7030e398,0.0008582485
5e106176,0.0008863026
e5dcbfd3,0.00084552896
9568be00,0.00087466685
17e5e2a5,0.0008565737
8ab8dfc8,0.0009654174
a3262240,0.00089293416
74bd6430,0.0016110345
a2decaff,0.0012415089
2740c28c,0.0008790746
74e5559a,0.0009014742
9c83481c,0.0008745086
e894e5e2,0.0008701933
57751009,0.0009893327
b6ce0686,0.0009047166
fb46008e,0.0023821385
c8de87ce,0.0008970701
b887752d,0.0035149923
2729a496,0.000863514
db8d9f69,0.0009204903
5a989770,0.0016907017
e9283302,0.00089008553
aca2233a,0.00088082073
35867e64,0.0008898857
ea66d668,0.0011188885
1554c699,0.008098054
4682178e,0.00085820403
597dff3e,0.00422953
ee569df1,0.00095898187
89d9e8fa,0.00088083075
2247e4bd,0.000938809
0d09732b,0.01997129
80d8714f,0.0009078079
0d9be634,0.0009545981
936ad9bf,0.0026147868
d10a81a4,0.0009798396
df7d34f9,0.0008669238
ff6e1d9a,0.00086640194
7b6748e5,0.00086213776
f5c69744,0.0008684286
393d51ec,0.00086214475
c21cae7c,0.00092274224
8f0df492,0.013663183
7205c1e5,0.0014428302
4133d8ed,0.0011470809
29867c27,0.98277617
c51ea877,0.00091581285
f2616af3,0.00088807906
4afc7d07,0.00086409424
8e03dfd9,0.0008633757
ed9ba3c0,0.0008776004
09c27e2c,0.00085726543
641132fb,0.009997588
4bf2cbf1,0.0008461677
bbda4d7a,0.0008636263
ea712bf1,0.018348696
6addc3ab,0.0023844927
a0601cc5,0.0008604496
f2034502,0.0008545454
07d8b90f,0.00086029957
bf9a1406,0.00084761425
65f20776,0.0009424799
46b32fa2,0.00092665624
0dd6681f,0.00289255
5e762cf1,0.0008787585
41ed87ef,0.00085639866
1a3dfea8,0.0015661416
0a87cb1e,0.0012951117
fd5995ba,0.0008716816
156455a9,0.0008839508
9bfe0bf3,0.0015489071
082e4d65,0.0008820531
9276ad0b,0.004177046
dc3250d5,0.003158474
0463c52e,0.0008835853
17982add,0.0009067256
50770620,0.0010681337
90c42de8,0.0009765076
ecda62f1,0.0012076171
4481063d,0.00086639373
fcacf525,0.0010610567
ef05cb6f,0.015605593
75e49573,0.0009754736
7f39f3b1,0.0010116517
7e68e15b,0.00085075776
1d79e596,0.0008957966
d9052f19,0.001093721
ad2086fc,0.0008690618
110353b1,0.0011543022
39a86f47,0.0011271638
c64195d4,0.0008676164
f0b72132,0.0013290201
dc3fe97f,0.0024547311
0ea94aaa,0.00085830095
1a4b1c1b,0.0009750504
afb88524,0.0008655793
a214b32b,0.00084542664
5b2ef874,0.0073119616
7eaf8e14,0.0010240464
f68f7f41,0.0008670131
13f67451,0.0055761486
ffa6dab5,0.0049738213
424157c0,0.011933264
f83957af,0.0011031764
cbb2ec0f,0.0011131603
8afe4258,0.0020829488
94f963a1,0.0013444647
39a10f59,0.00086931937
8227073d,0.0008804288
1730e682,0.00093160535
fe7f8460,0.0008802526
8fb4895a,0.001190411
930cd214,0.00086034223
78fe21fd,0.0008564072
a928cc67,0.0008729974
eb17ad2b,0.0009988516
5445f768,0.00087980955
c722ac7c,0.000889757
31de2149,0.00086190284
db2f73e5,0.0009032807
4572309c,0.00085714535
f60e6a16,0.00091499934
6a070276,0.0010525024
67dfd97a,0.0012566455
126c939c,0.0009875398
38dbb9d2,0.0024660844
a0a3601c,0.001861131
df006f41,0.00091314217
b764153a,0.0009171618
47610103,0.0008682069
847e074c,0.025672378
d1511303,0.000882918
1ad98898,0.0008774993
121a672f,0.00093520904
0027891e,0.00086465187
cd08a6ee,0.0008719528
dc7ae851,0.00279646
236be363,0.0009584165
2c9c3757,0.00097225903
7dff14e7,0.0008948224
6c62c9e5,0.0008590634
186162c6,0.002082932
f4cb26d9,0.0008634835
9d054fa7,0.0013816218
0d181dc9,0.0008676784
5f7ca8db,0.0017081527
58aaa729,0.2833702
29515df3,0.0008702546
e63b5618,0.0008778696
cb7ae9ce,0.0011766837
3078bd8a,0.0008670403
4c4dc2a2,0.0008405677
c5271566,0.0008640293
7ec67b44,0.00093169103
6243dbe5,0.000873791
eca55758,0.00094178785
31a2c4e5,0.0011005276
1d018027,0.39352697
3d8664b9,0.0008812513
36c45d7a,0.0012602438
0f913670,0.94522935
3b78ef9a,0.0008477572
aace2504,0.00086315203
cf12d7a4,0.0008952419
18bd1bbf,0.0010627806
d4246871,0.0010593281
001a7394,0.0010892656
37bfc018,0.0010817877
2f8e044f,0.0009056869
187f6981,0.0008712673
4547131b,0.00092446577
09d6a64c,0.0020025736
476391f1,0.0008650503
d8f86193,0.001819116
937a9d46,0.0009046946
e3a3df86,0.000932294
bd1cce71,0.00090974575
e8c545c1,0.0008821468
d006fc5e,0.0009319387
8d8ccc0a,0.0010361604
bc8931fc,0.0010112807
9591034e,0.000870649
85f5ee62,0.0009075809
94f829d1,0.00097181404
0b5d954e,0.0008847467
1fbe61b8,0.0008637716
a1ca3574,0.0009739659
bde7a59f,0.006597911
8b913285,0.0013036595
c8f95759,0.0008631228
d8dd48fb,0.0008812572
8b4296b2,0.0008909017
6228db94,0.0008790909
b2a056c8,0.00091436016
f37ad489,0.00087554735
1fe1011d,0.00090711185
0f69fe02,0.10315829
287621ef,0.00087395165
bceac7bb,0.0010184889
d1e65047,0.000976619
c0ab65ac,0.0010671766
f119b7fc,0.00087479723
5bdc33c9,0.0016132479
b6e642b6,0.0045151846
7b8bfec6,0.001355871
59248411,0.0009982742
7bc58226,0.00085370557
163184c6,0.00089481386
00a3eb83,0.0008816373
54249ff2,0.0011421449
39b65a6b,0.0012546752
012d6409,0.00087256246
9eeb99ec,0.00085528434
cf5703e2,0.0014343596
a96a9678,0.0027006627
8055c683,0.0011412965
1a89d5ab,0.0013723518
a1de87e3,0.00090522354
2a497058,0.0010807762
962f2cc4,0.0008900334
19a53634,0.00085534144
06a1032e,0.0008973017
82241c12,0.0008806612
482365f4,0.00089018216
bc96aaf3,0.0018342241
3e7b76e8,0.00092100137
b1443846,0.00095389166
4341515d,0.0008862752
6bcf3653,0.0009891028
07f9166b,0.00096268306
ec27412e,0.0011909647
6701b64e,0.0009892271
f54e9180,0.0029483696
9cc50085,0.0024769928
94d6e12d,0.00092209066
5012a7a9,0.0008674444
a09068ec,0.00090954895
266d90f4,0.0009256587
3740fc41,0.00088643597
a2790d53,0.00086599414
e8b479db,0.011775258
94bd10e1,0.011587446
aab29ce4,0.026644655
a4394931,0.0009356381
44b3854a,0.0009916328
b6455ea6,0.0010939091
f85ba633,0.30397868
12143d8b,0.053391304
84a3f317,0.0017600884
e4daa0b6,0.00091685297
20c5ae96,0.0009302815
08fad993,0.0008755457
ba7df72f,0.00089159387
9a7a7b10,0.00087788637
5a1860aa,0.0008855779
0e3bb9b2,0.0025959106
ffbacf09,0.0009589348
b9f0a755,0.0011746495
745ac95d,0.016720658
8b38c269,0.0009060148
bb621379,0.0008988934
37f28520,0.0012129811
a0406375,0.00085265766
f7a78863,0.00088287
e4e3c7b3,0.0009246489
70ea9a13,0.0008665151
a7b011c7,0.061384797
8a972322,0.00090338744
1308423e,0.0009017526
0e5e3d8e,0.0008834356
cd8bbbf7,0.00091835635
88d965fe,0.00088038977
59f4c90b,0.0008924464
89a65c02,0.0009016804
9e857177,0.0009653815
9dd28695,0.0015912298
66479e3e,0.014323755
213ea95b,0.00086099823
2e4fbaf3,0.00091635523
165e41bd,0.0008514261
09c28867,0.00085683336
d0386eb0,0.00090039946
7ee3f3cc,0.09740141
629c47bd,0.0009370342
f33e2b2d,0.0010043781
74a0f653,0.0008768531
23ed3ed9,0.0009676343
dc68595d,0.00088483735
27bc0159,0.0023413305
4caf637a,0.0024120056
8a246f06,0.0014566323
b3bf1cae,0.0008801696
4718c129,0.0008652774
de3ae315,0.00086293375
36e51663,0.00086112705
3ee68caf,0.009389126
8a42ca48,0.00086210656
0d79bf43,0.0009838903
bb0860d7,0.00087457226
3e386f47,0.0008748985
836eecc0,0.001039829
e5a7486c,0.00087164843
9d53038c,0.000969219
135ee74e,0.00088411337
57a7dafa,0.0009570076
4cb1b8ec,0.0010118975
1fc06c0c,0.0011815554
efbc8fd4,0.00086420047
2287da6d,0.0009801802
9df7d09c,0.0010846107
fab40dc5,0.0010438826
79843169,0.0023228354
aa9b2435,0.0035538531
03428cad,0.001738156
7c0fcdeb,0.0008799327
e46c0149,0.0009777257
097cb42e,0.0009723841
a61d8eba,0.00089828466
b9fc764f,0.000921159
16f798a2,0.0014192248
686b11ee,0.0010444879
89e25317,0.00086949003
39df4ef2,0.0009038756
218a3b44,0.00094929396
cde56e41,0.0013769757
f13837fa,0.0008952488
be581523,0.16517702
f5af44f9,0.00092335127
018aeaef,0.0023429117
b7020dd7,0.0010327877
30335cc4,0.0009371178
bfdd6695,0.00085221743
4da6b230,0.0010447158
ae06f81e,0.0008884967
147e6e15,0.00086235796
a5503af5,0.0009432489
6700efa1,0.00089035404
7ee2691c,0.0029699903
64e4409a,0.00087437104
ca861a42,0.00092980213
02c9e3e4,0.006335
8697314a,0.0009514599
3941117d,0.0008762074
bae4a6b0,0.00089645357
2d6a9b6d,0.0009848629
53916b7d,0.0008788548
11f56181,0.0013633966
3df28765,0.0011965466
cd6818fc,0.0027832747
9418b9fc,0.00086988456
383f0653,0.3438287
839c1b15,0.0009783146
52483c75,0.00087275787
b5e2b4ec,0.0017243136
b3479617,0.00092209195
50cf5915,0.0020185318
fe3de5a3,0.6029726
a6547ea4,0.0015354743
1d52afc4,0.18549532
e247a2bb,0.0010664094
88415032,0.0009024893
7b6cf202,0.00090323377
ef9fbfe2,0.0010307078
2ef6ec8a,0.006124235
6835c96b,0.00092591316
c083d496,0.0009155816
612ad3c1,0.00090866897
381c30de,0.0009128533
36f51397,0.0041308636
ecc800e4,0.001174843
41fda18b,0.0008726353
7be50528,0.002771403
b9ff21c7,0.00086773053
159e041d,0.0011128972
c6690649,0.0009076859
16292bb4,0.010737269
0c724be2,0.0008873871
613d2db5,0.00087175315
256fad29,0.0009199389
7cde69e5,0.0017859914
9338b0c0,0.0008650647
e76ed6bd,0.00092524645
e169c3f3,0.008751205
7d350a15,0.0010045661
75f4c6d5,0.00097271113
f143579e,0.000886471
31f1f7e2,0.00089436123
fdcfc38d,0.0008861899
98f2fc14,0.0008730515
3ab83955,0.00092965015
fe5d3e6b,0.00090173027
14b176e5,0.008251244
1f3910d1,0.0008528478
6ef512be,0.00091593806
d901ab94,0.0008833926
25d01b44,0.00087039557
a2d08206,0.00090246607
c81e6e24,0.00088513544
ab2fddd2,0.0008765528
5eb9723d,0.0010119051
4b7c92a4,0.0008836224
6fd70e70,0.0010032987
b33e22c9,0.00091999094
5e044a7f,0.0010472743
774cb8fd,0.0014482271
6db8d1f1,0.0008650796
90754f52,0.00088549056
12bb305f,0.00087520375
85b42c4f,0.00090448343
3daa0c94,0.0011567131
09483c18,0.0009099078
bce2b195,0.000994738
e8003c4c,0.0010907718
211f3493,0.0058645876
3f76b661,0.0008585185
052cc406,0.0017215433
c800aaa6,0.06765234
1e5ce76d,0.0010096855
94bc8513,0.0009074343
ff708bc0,0.00087969215
edc5ca19,0.0034448237
c76cecc7,0.000896642
b7c309d0,0.0028506087
ca0db96b,0.046810605
2e439738,0.0010976483
19d169e8,0.00086079974
b6c58f6f,0.0008726129
9ce8b581,0.0009263164
162b226c,0.0011330604
ea316391,0.0008910126
76c1b7c2,0.0018976732
106ab704,0.0011385552
7350b297,0.00092741195
a3d2d101,0.0011204378
b7133ef4,0.0008943514
ab65dd3c,0.66499555
5f5122d5,0.00085965334
6639bf72,0.0009266655
9b6ad74a,0.00096381456
a1d3bf25,0.00084392406
fb11b9e5,0.00091104605
37d3cc03,0.00088932423
a3be6655,0.0008762655
04544076,0.0008727097
4a9489a9,0.00091429957
7dd0464c,0.005916698
cefa63e2,0.0008598619
09bec4ff,0.0008996295
f12c323b,0.0009779093
5d5dbe82,0.018931918
7263a811,0.0010708256
88c13718,0.0009102998
6b3a0e92,0.002365026
d90c2c60,0.0011251604
c27cf476,0.00090101565
9e6315c9,0.0012965248
ca405e25,0.0008729313
d345c87b,0.0009476113
988c0a11,0.0207593
de2fa229,0.0009479952
77bbff18,0.0010255729
57b3d9b6,0.0010556013
73361118,0.00089994754
c0584815,0.00088519236
9491d65c,0.0016770309
2942e030,0.0008585664
c7c5d0fb,0.00090045185
be16d47a,0.0008846194
7ee99b69,0.0008959771
0600507a,0.00089907367
ebe90d5c,0.0009499807
415287fb,0.15583795
ff1bb1b8,0.0054434817
30a4f6dd,0.00087593414
efd2c7a5,0.0008678024
6085ab2b,0.0008861704
0a489e4d,0.002009102
4c7d0a1e,0.0009056213
c684bd2f,0.00095473847
7b8dd4f3,0.00090012234
b28e3e00,0.0010137709
8b45f088,0.001938528
bf7c9181,0.0008713931
6d92ca5f,0.00088730006
d37c0092,0.0008918858
a5b67d49,0.00086511014
736fcbe0,0.0010437313
3c38b7ae,0.0008582698
506c9d87,0.0008576869
24be2fb1,0.0008699885
b6afda63,0.00085610617
2159ecce,0.00087306654
1df90c17,0.0008688336
16697215,0.001335683
baad86a2,0.0009086542
9811c966,0.0008538862
8da23f28,0.0009049174
8c62dcfc,0.00087070133
c6baaaec,0.0008628852
9a96868e,0.0022525396
4a528d67,0.00086456985
84059c73,0.004434999
09dcc0ac,0.00091364776
bcd503a0,0.0047034095
437ed9b4,0.00088413444
79ce278c,0.00094127934
1ea5bbd3,0.0011702648
5d18a740,0.00088291505
426865f1,0.0009100422
c965f05f,0.0009784246
108a5a5b,0.0026398657
ad5d66fe,0.0008565444
c9e43a33,0.00088381564
992c32d0,0.0008619805
a59c3a70,0.00091861363
e94ed868,0.0008696143
c2c6e747,0.0012097763
0d1c3905,0.00094067946
a2781df6,0.00096292613
adcbeffb,0.52220774
1ed38d85,0.0009256534
e3129dd3,0.0009072959
ef53e602,0.0012955002
05c9f212,0.0008726564
9147415a,0.00087430474
d30fbeed,0.001259032
858e94da,0.0008666414
fc0ab983,0.0009245842
ecf8373b,0.0008765569
86e09d6b,0.00087512116
2927373e,0.0008759346
aeb4c2c9,0.0013556412
7f18a67a,0.0010032973
1f87880c,0.25040978
46823bab,0.00091847446
30c3991c,0.0008893616
abe3a420,0.0008523608
ed8dac6b,0.0012064679
72b44b1f,0.0013744537
920b042e,0.00093997084
11fe92ca,0.0009872194
4f389113,0.00088501436
c9e35fb7,0.0016565503
b8481477,0.00094369566
e8c635a1,0.018055977
6b0c154d,0.0008411253
8e06f3a0,0.0009761815
fccd0994,0.0009756465
e9c48c2d,0.00089116115
aba3ba97,0.0008879839
544ff70a,0.0008914924
57a19eae,0.00092900166
768ff71a,0.00630775
53f83673,0.00089959265
44dbfb82,0.00087681843
2b56fb3c,0.0009400756
54b99e75,0.0014839683
874e6d47,0.0010956519
098bf0f7,0.0011138859
246c9344,0.024039961
e5cd07aa,0.00087701814
ed268fb6,0.00090051105
1b9e5dae,0.9751202
9f4e2bda,0.17311355
7c8cae88,0.08543753
4274893e,0.00086900924
33a58e6d,0.00093444524
a9979ec2,0.0011158633
aea1ad8f,0.0008539985
43c4b616,0.0013004576
01640203,0.0011493799
f1624dfa,0.49399728
032d1666,0.0016337826
e6f800c0,0.00091326784
125e001e,0.00088118756
7a1eb239,0.0009072311
4192c90f,0.00093773135
f1f94325,0.0009430808
b6e36429,0.0009073539
a5bb4992,0.0009007229
13ae5ecb,0.00093699817
db6a45c0,0.00087050756
a2ef31e5,0.0009985024
1f74278c,0.014805593
177efc0b,0.0019003537
81e569fc,0.00089589483
43b8a01d,0.000882804
a42958df,0.0008603696
008a0412,0.0011121448
3f3ce12e,0.0009144787
246620e8,0.0010155573
7f9fad46,0.00089611206
583a4de1,0.00088936917
bdb24d9a,0.0008721577
27589dee,0.0028968623
cee3411f,0.0008532994
59b50670,0.00089054316
04e800f0,0.0008561217
fe2cacb2,0.0008779596
0aa186e6,0.0009354937
492ca0f1,0.0008729646
ce93d977,0.0009198135
1a087dcf,0.0008841025
5b8b9acf,0.05558426
5556326c,0.0008645205
19f418bf,0.0009378069
002dd9bd,0.9977998
55c06cf5,0.00087830686
52082119,0.004678268
34885426,0.0008778734
b06fce9d,0.0008872342
812ac6cf,0.000978358
00e7896e,0.00090785284
cfe1f2dd,0.0009655291
81164e45,0.0014875244
af027d2e,0.0010416106
defc65cb,0.00087136857
992ccbde,0.0008678731
2361494d,0.0010903224
f8636854,0.01094209
9fcdb4ce,0.0011881829
4d5c4045,0.0021583573
39eeae8f,0.00097498344
a6603c5d,0.001002958
8a64b4ff,0.001360735
98986241,0.00088813994
256a95f3,0.001288898
55d7396c,0.0008803658
d88ac462,0.002378212
f74ae4fe,0.0008756817
37342519,0.0012795005
75dea047,0.0008808127
9dcd43fa,0.0014877341
85b2a88e,0.0009226306
a022aed4,0.0009152919
115ff82f,0.00089732825
58f5b0fe,0.010705776
5b02db6e,0.00090429944
095a4480,0.00092220574
eb295109,0.0013017252
9bf00d29,0.00088397355
bfb589e5,0.0008802107
bccc2cf5,0.039198004
5c3044c5,0.0008743619
4e3505bf,0.0008701183
5e6b2704,0.00089881755
1eb498f8,0.00084953784
a41236f6,0.0009937056
11d2b729,0.00085338147
d58ab6d4,0.0021766704
8ebd6d29,0.0009684418
c0f5c1a4,0.0013883185
3a501c8e,0.00089487404
c36fcc8b,0.00085753086
81edd915,0.0008544051
76dd952b,0.00085015123
547db421,0.0021696289
76f44d8c,0.0010006679
e7aa5438,0.0008922181
956a3e24,0.00093671156
48f7141a,0.00087649183
83cadbef,0.00091070234
9987f295,0.0024021
6bfa8d17,0.00094619265
ab987484,0.00090630486
08ac69d2,0.002953979
f18c4fed,0.0009920738
e0e8d363,0.0008705785
e0e606f4,0.009134451
e99f12e4,0.0009499382
2ed10668,0.0008697137
1bbb2c4f,0.00089970056
18e3cf6c,0.0009026453
bb0defa2,0.0008777928
a91c207c,0.0009003789
d8ad1466,0.0009805104
daa109f2,0.00095220585
fc3ffe66,0.0060706935
798e4abc,0.0008663095
0c08c967,0.00086042006
853157ff,0.0009260292
6425050a,0.0008642067
9dcce766,0.0008845658
7bdd1ed8,0.00089278904
82b74dec,0.0008781892
2c33c61e,0.0008742294
aa3098a3,0.0008773751
265478c5,0.00091498974
a74d73b1,0.0018476484
202d0d88,0.0016844198
717f8458,0.0009526609
eecc28f6,0.0021095553
7ff4cdc0,0.00089082203
68997e03,0.0008883736
dfe69a6b,0.97319835
b1b63463,0.00086352305
d900fb81,0.0008928346
9b6a844d,0.0008545377
af0d834a,0.0008830988
7624b70a,0.0009069191
bb4ea9c7,0.0008855146
dfcb8b63,0.0009534204
40f11e4b,0.0010158541
17d50da5,0.00089067686
09f69fc7,0.0009126493
a71062f6,0.0009167163
04df233f,0.00085896853
43f4aae8,0.00087865716
382e2b7d,0.0009374303
71bb1510,0.0009171465
09b40b87,0.0009759583
b3d6dcc3,0.0010040653
9de853bd,0.00093883986
4f4a68c5,0.00088064437
3137c2e3,0.0009965973
7149c7aa,0.0016916873
183e10a5,0.000988385
5bb5abba,0.00091366866
24c1eabc,0.00089854316
a8114c1c,0.0040973853
e67db978,0.0009460444
f586c559,0.0009379485
7982bc3e,0.008074035
331ddcd0,0.0008825815
3fd884fb,0.00089961913
3a734581,0.0015044952
4f536c61,0.00088099606
7bc9d783,0.0011458523
4794d4e2,0.00085487455
2689b906,0.00097648805
62c68f38,0.0009412949
62d64216,0.049011048
0af3bd0d,0.0009994613
b22605a0,0.0011136513
64907f8d,0.0021671597
99b53eaf,0.139355
e540870c,0.000856799
baf635ad,0.0008581116
276a4371,0.0012677013
e995fc7e,0.0008561307
4f6f2e72,0.0010178467
96cb60b4,0.00086184574
9c2404dd,0.00086792145
cefb5b21,0.00088449765
83522d24,0.00093583687
c58a06f2,0.0008751453
2a18a8d3,0.0010743241
8615517b,0.0008713026
b6500aaa,0.00088144944
737934b1,0.0077031767
f08df47e,0.0009417548
1833c6ee,0.001412844
0389d204,0.00088764634
82894a81,0.00089556957
9262a1ec,0.0017950329
36d945f4,0.009398404
ba431826,0.00086358807
eb261bba,0.0021582802
3dde938b,0.0008676978
2188581f,0.00088447065
5b320650,0.002288734
430123fe,0.0011428925
f91915d8,0.00086506637
14a4d6bc,0.003190687
1326dfaf,0.0008939187
2fc4fd32,0.0011636424
fee9efc8,0.001048604
2a5d4af8,0.00088264584
1ed58117,0.0013974993
ac35fda1,0.0009160309
f579e601,0.00087773753
ff25e8c0,0.00092015974
081de6a2,0.00090211665
4be500b7,0.0008716758
9dd31edd,0.0008573503
13b9d770,0.0015139111
8b68d88c,0.0012241937
74874c5f,0.0008931639
2b81e538,0.00091341627
6b3048fe,0.0008674047
07302256,0.000881355
02ea2577,0.00088981626
85cff6da,0.02273333
15998871,0.00087426155
e4dd2958,0.0008724054
e4e67d4d,0.00086428615
f7ec33c7,0.0021098405
9e53b133,0.0013378966
bb9a9927,0.00087498483
899332de,0.00088198885
4a439ed5,0.0011070569
c43683f1,0.00089544844
3fc6913e,0.0008961995
238ba2da,0.000874691
333ffe45,0.00093161385
274b83f1,0.022627048
52047ada,0.005272726
3e68b773,0.00090323464
dbb2c2ae,0.0008835946
49b686f3,0.0016041152
20f445dd,0.0008752717
95b235a7,0.0011546969
622c150a,0.0010541742
9d461835,0.0008972671
62f69be6,0.0009116903
68d0113b,0.0012373934
ecd5a6a8,0.0009572802
06ae31fd,0.093241476
b4871ac1,0.019619854
90cad174,0.0008855923
675f6629,0.00088322384
69b9efaa,0.0046460824
216750e3,0.0008797446
b3f34532,0.011382831
575c11ac,0.00087561575
8e9b3a7a,0.0010569728
f01427b7,0.04791944
462b5393,0.00088873337
49f7d17f,0.0014690966
f6b5a087,0.000891111
3319a922,0.00087111123
f60eca7d,0.001193293
e47ac56f,0.002858253
5369c9bb,0.00086361356
1f184168,0.00087124575
f774b40a,0.0008694287
d9f5a070,0.0009239576
78fac980,0.00087283406
643f543f,0.00088056887
2fe4db17,0.0012012984
a4750055,0.0009149354
776f64df,0.0009007917
fb93d279,0.0008945023
0df1230a,0.0010164939
e7edb235,0.0009986521
39b2b8cc,0.0008758895
e80ee117,0.0009729702
9ccbbce2,0.0008795492
2f5eefaa,0.002828102
0e4232f7,0.057967488
75ff70d3,0.00085587247
1f156805,0.06642706
4599fece,0.06726654
e6a6ff4c,0.033112273
35d38814,0.007263479
6ea90cc6,0.0010326959
430cb989,0.0008851333
40148f9f,0.00087394746
d13afee6,0.0008976369
ae715252,0.0013342262
bc53c315,0.00088477903
ba0ce831,0.00087446516
96556c19,0.0010574743
855c216e,0.0008716833
6e2040dd,0.0008890743
0f3e1036,0.0011681243
f139bec9,0.0076254527
0639edfe,0.0009071654
f31220cd,0.00096011686
9ce45fed,0.000969026
296aae36,0.00085656677
0c4bc5f9,0.0015157216
01911816,0.00090289826
fc0e2788,0.04413745
09bd3a36,0.001167966
bf214950,0.00088307954
e2f7fec7,0.0013905228
2ab233f2,0.00089198136
75879853,0.00086230616
463de51e,0.0009451516
ff24f48d,0.0013813428
ca31455e,0.00093281025
02c6376c,0.0008926951
cea3129c,0.0024034576
755abe93,0.0012363472
bfac93f7,0.0037852647
93608818,0.00086625
552a136e,0.0017824603
97ca3a74,0.00088557665
4568e50a,0.0008753922
4add5bba,0.0010947015
488db47c,0.093408115
f944535e,0.0024608593
9fdffb75,0.00086617994
cdee85f2,0.005920376
032cc3e8,0.00086593314
c18dd848,0.00087092124
be9cc51d,0.0008854306
1dd8b4a7,0.0017281899
5f07c790,0.0009676639
6ef14258,0.0014788348
e71d574b,0.0009013815
21babec8,0.0008585839
ef6cc480,0.00085571804
d28879f1,0.0009009423
65229d07,0.0012784099
c3b9e714,0.0010257493
52f504f6,0.0014545581
9fd81cb5,0.0016849906
dad9a544,0.0008616047
5b19c444,0.00086690777
5ca13bd8,0.0008691148
78252179,0.00086575653
8f6a03e9,0.0015645124
503d7f90,0.0013913707
977fdd5a,0.00085560716
82fcbcac,0.012756467
3434d17d,0.00086073816
81e1354c,0.0008542875
7f744971,0.00092312647
1f899c63,0.00086192164
d198aee1,0.0008538463
a42887fc,0.0008583013
3d8b4256,0.99320894
6d38462b,0.0009314053
71fbe4e5,0.0021172967
e73e3839,0.0008603799
237fbd79,0.00089018175
e1b81daa,0.0008653079
819ef1d6,0.0008628108
36fe0dfe,0.00087485067
f5b6cf90,0.0014342088
20eedfbc,0.00086263404
347242d6,0.0009355729
5a896032,0.0008635963
07f7afe8,0.002762819
0bc91e44,0.0008587558
39eae18f,0.000860555
744d07ac,0.00085708
c377b225,0.0008703206
e7f49c9c,0.00087357906
b617537c,0.0009786
56d355fa,0.00097308937
1bfc79a5,0.0014576329
7309d3ce,0.000868192
4ea140b7,0.0020669007
c9c6e086,0.0020660246
b15f40eb,0.8337824
466a6289,0.017117377
9266a5e6,0.009298163
be4a5ebf,0.0008808567
f9c2962d,0.00085787324
54d9b785,0.0008806932
8f1d7db8,0.00090796186
61b9dc5c,0.00087351
08764fb0,0.006235923
5236d46e,0.00088386325
f8500cd5,0.0008877982
3603da5d,0.00093963405
b21a85c1,0.0008817679
2f9a2752,0.0012983957
9d59baec,0.00092083245
f47c86ce,0.00089290144
6b813d0f,0.0009023194
bd173504,0.0008625486
5a76b1d6,0.0009840273
059457cb,0.0009833496
9f2642e7,0.0008941329
58f8794d,0.00096912397
f6b53c5b,0.0008589505
6b1b1a77,0.0029636233
46fe8480,0.0013246955
3575fe11,0.00085347454
ad9a80c0,0.0010197
6ad2d1aa,0.0009566849
3033f439,0.00091948715
99d29809,0.005357538
9cc3609b,0.0011768693
a5ad5dea,0.000849614
a6263a0c,0.022659024
82f0b92e,0.0008596874
d6c8e5c8,0.0011338325
ac3f0807,0.0026213615
04893cbb,0.00087315385
7696fd81,0.00087802944
b2b2b227,0.0010939504
c4e0a832,0.0008638103
dbfbe25d,0.0009804599
fe581863,0.0018533902
158b50f0,0.00085570617
5c0633ff,0.005498625
c7ada622,0.001791622
72567de6,0.0008800694
f04c2cb3,0.119876035
60d1c04a,0.0008657797
7dcd8d05,0.0013048298
74407ad2,0.0008807514
8e4d5047,0.0008677577
7a614b54,0.00087369484
bb8c6d81,0.0013088525
54e1b1e3,0.010732135
53999c38,0.001196383
e5d36828,0.0008490903
d4641d05,0.000849195
46e34496,0.00087267143
80e0ea43,0.0011872239
4102de6f,0.0008614668
f9b97fe3,0.00091110327
99636e85,0.0009544461
a7d1b84f,0.00088270695
24d21a7a,0.0008698915
6ee22a05,0.0020354786
acd3ab0a,0.00092863257
911014b8,0.0022824707
c1b747ac,0.105114505
53be3840,0.0008564379
ff918115,0.0008610934
f0237067,0.0012847842
6bfc489c,0.0010329069
ad6643b3,0.002138311
bc186eed,0.0009514985
14b67867,0.0021893585
a7d474b5,0.00085796
7b2d6c69,0.00086575455
a805e0ae,0.0028228704
d6bc0d02,0.00087571057
4a416c17,0.0008644871
ddacde1c,0.001443492
a30f17ce,0.4525598
fe213121,0.0008804154
472216ed,0.00088828895
f6d55520,0.0028313878
05b31423,0.004464878
cac4cf17,0.0008729617
e3806b77,0.008473589
5ee2ee8d,0.0010315758
bee6bff3,0.00216986
93664e16,0.0029709702
c0975b8a,0.001273813
71ac3183,0.0008564664
44274b9e,0.00086827256
f4830014,0.0008573503
acf23b5e,0.0008694863
eb27ce7e,0.00085259427
a87c2334,0.0008613527
e18ab437,0.00151409
722a881a,0.0008499913
906b2565,0.0023961153
428c6740,0.00089882273
2d73403e,0.001114513
8b06c385,0.0008719587
cd4ba8e9,0.0008880723
067e5fa2,0.00090597075
1c660b61,0.00085108815
04a7ff12,0.23281707
9cc12b99,0.0013693165
06133368,0.0010695837
79578bd8,0.0015310651
ed9e8c5d,0.0008617296
91ce59aa,0.00548476
72fd7c36,0.0012445488
b164b216,0.073990814
64a26085,0.001266342
f266f5ad,0.0012243091
af2db1d7,0.024181351
382d97b8,0.0009126707
8078f3be,0.0008916308
657979c8,0.5798742
59c65135,0.00097315345
ae8a87da,0.00088568765
cff0c499,0.0008895751
25e5f1b4,0.00086323917
813d49ea,0.0010469401
d64d3ddb,0.00086557766
716c63ec,0.00088699406
ddd54e3f,0.0009729401
c49140c1,0.0009128229
bf28271f,0.0008965061
07c97e4c,0.0008739354
1cf4c8dd,0.0008700378
cdb11d8b,0.0008541678
08b802e4,0.019201608
ec512df3,0.0010014509
5aab6f1a,0.0008522961
f0d2fa29,0.0011970158
da8ef8ba,0.012356347
1e062864,0.0009030212
3cdda1ae,0.0008617772
8665c0b3,0.00087621453
1eebb4dc,0.002811333
dddce176,0.00087055203
705dfb2c,0.0013502474
e94441b0,0.00086889375
88d9caa1,0.0009128403
06e3f913,0.00086562126
85368f8c,0.0012384458
4403724b,0.0009258735
5e31ee5b,0.0008524371
cc0b760f,0.0008612218
c55ba110,0.0036577675
677ecd96,0.0009364675
8a8d4bbe,0.0009916183
920ea5cb,0.0021627243
e45e8266,0.0008831418
ab3d671f,0.00092008966
d9880191,0.00092314364
24bbe12e,0.00088527333
4dddaf99,0.0008672238
60be391e,0.0008824983
b638554b,0.0008517523
1c89bd59,0.0011028621
941a469d,0.0010137501
6a701b2a,0.00201072
cca989c5,0.00088416657
e7a8910f,0.0008940226
62519df3,0.00084849744
35de7dc6,0.0012353361
eb737faa,0.0021766536
43b952a7,0.003003626
c8bf2279,0.00090388645
bbe694c5,0.00091631897
ef13ffeb,0.0024729595
8cb4d5c9,0.00086714735
eadc06f1,0.0008584322
2865cb7f,0.0012421096
ed4bdfe9,0.0008593619
3ddd25a4,0.00088657957
40c766de,0.030492522
c03e3d23,0.0009816937
1a8af06a,0.001125035
2766f6fa,0.00090822176
f189cd51,0.00086403464
9d50b514,0.0008601234
d31f9c2e,0.0008821049
0b7d1ff2,0.0024173902
3a41a28f,0.0053137094
c4d262ed,0.0008737726
e317b4b9,0.00085564336
2ff505b9,0.0008996933
d77ba3d1,0.0013304587
4d0fae9c,0.0008677622
2baad30f,0.00085304125
25790a49,0.00090415345
bcfc7e43,0.0037545844
9568ccd3,0.0008710482
e4e69fe3,0.0009296945
21fad996,0.0010999807
6b78bb6f,0.00087251805
6ae4391d,0.00087473186
5938df30,0.00089871784
117b28d0,0.004619266
ff7cca3f,0.0008550118
327d5e00,0.0008824134
829dc2f5,0.0008511398
4aed6c38,0.0013651925
6f67ea27,0.00086042046
81e2bb91,0.0012961581
e2b91e6b,0.0008703719
3fa5ce2a,0.0008929843
0479db02,0.00087722164
687ff934,0.00087411446
4ba168f0,0.0031200692
417d8e8b,0.0008588065
fc6ec243,0.00088723
f0b75f9b,0.0011107811
35ecb16f,0.00090566225
bbce0fc7,0.00087111455
8125261e,0.00088985875
e61ccbb6,0.0018676806
1b4fff0f,0.00090198
30fdc55c,0.00088120677
30a06971,0.0015613106
d50335b0,0.0044105593
54413e67,0.0008613502
f5699251,0.00088723586
f123dc7c,0.0008724582
48583813,0.0008971957
94159134,0.0010644393
6abe1ccb,0.0018237135
54214783,0.0011223675
7d0d6418,0.00087532296
1a2288ac,0.0012543282
e86f08c1,0.0011851974
526aed4e,0.00086217717
d9fd43d2,0.0009887052
e384e115,0.00453636
6e9b6373,0.0012192369
c73b567e,0.00095768896
8b6b7ab4,0.00085273245
5bb27250,0.0028186857
1c50191d,0.0008670626
dfdc6915,0.00088910223
0a1d0a05,0.00085565035
de4f567d,0.0009183519
b39b6ce6,0.0009376219
aa160fab,0.008185436
9c3bb423,0.0009145266
1b3e82fe,0.0009165844
19813e28,0.0011014453
63cd0a84,0.0008844504
9dcc6917,0.001522042
fe8d0e14,0.00085896027
c2af502e,0.00267356
9db0fd08,0.0008705051
06b47f79,0.006078611
d7b118a1,0.0008504368
45e11f0d,0.0019360515
facab172,0.009807141
aaf4a18e,0.00085732585
c2ed58fa,0.0010861942
892d8f5f,0.00088748866
3f1ef329,0.0010732997
857d8805,0.003531658
44f46c2d,0.0008856538
52512246,0.0008419545
0dbba067,0.0009293731
0fe63fb9,0.0009502885
2ad132cb,0.00088247145
fc5d79ff,0.0031183492
9a17e648,0.00089875417
79a07e08,0.00089934916
bd6b632c,0.0020591808
f3adebba,0.0011509027
a7e0b813,0.0008504206
9ba8d831,0.00088430085
b41008de,0.001047172
d627eb2c,0.00087394624
71e59a86,0.004824332
da0d8e5a,0.0019822132
c5cc8d1e,0.00089210505
1c97b5fa,0.0008718586
a17a6b7e,0.00090008904
fbf40c9b,0.00086569804
b3642179,0.00086501316
714e1e7f,0.0018503149
b11904f0,0.0011905154
c7187f8f,0.0011504436
f1fb1a91,0.00087635027
611284ee,0.0019754847
d6df69b7,0.0018531034
a2f44e65,0.00087320386
3252b792,0.0010674379
564cbf2a,0.0009030484
77c3d817,0.0014661758
9e9abb0d,0.0008558097
a2f441a1,0.00088198803
f75ed80f,0.002303247
98f58d87,0.032298815
0d3e9cf3,0.0008680505
8fc2536a,0.0019938564
9d7ae3dd,0.0009510897
d55ed0b9,0.0009143214
c4731dfa,0.0024626323
9578d9f8,0.00103402
df217bc8,0.0014502116
204437ef,0.0008445893
42e800a7,0.00091322523
c5126467,0.0008475053
4e92bc12,0.0028208254
289ded80,0.0008468105
5e041d6f,0.0009029141
a9a759a7,0.0010883475
abf618fb,0.00097362086
06e1033f,0.0008578619
90bb9a35,0.0008635358
7437642c,0.0008661204
0ccdf123,0.0008636659
ce9b6d57,0.0009179815
8bf291cf,0.95741326
0d7b4cb2,0.30634278
5f37ce2a,0.27376223
558b9806,0.0008758198
fd8c902b,0.0011488288
7e13dc67,0.0008585079
b59c17c5,0.0036522716
2ca679a7,0.0008711991
402a36d6,0.000870229
a3e4ba1e,0.0008649003
37b4e41f,0.0012111928
da1daebe,0.00086988986
3a130b96,0.0008520428
b6c1ea4a,0.000929168
37b8d1a7,0.00086036435
429ee8f9,0.00090021035
e8e6cd87,0.00087738055
a269ac2a,0.0009812667
1b3114d2,0.83276033
6d6b9bf6,0.0008691897
32fd2397,0.0008726108
5e4dd916,0.0014966462
d7f3285a,0.0008782474
329990f6,0.00088708795
6a8140d7,0.0008704495
93a643af,0.0010279117
c1fbf319,0.031176373
8ca02b84,0.000923654
93a8559b,0.00085872057
ce389e0d,0.0011596048
863e39cf,0.0019645633
3e875d1e,0.0008927904
be88bff5,0.00090074615
72df0759,0.00088740326
5f570a80,0.008679481
26da1876,0.00086281815
9eb97475,0.43301848
5f2ba697,0.004047207
edeb5bcc,0.00084705825
4da61375,0.00087738136
9748e1e3,0.0008747202
4421771a,0.006243779
aac3fa2b,0.0008822229
8348b48d,0.00088873936
b8b6de91,0.00097086316
704696c3,0.0008599759
fcec5725,0.00087177136
805324b5,0.0040369006
4961a940,0.00086036924
294319d4,0.0016052963
e1ef54e7,0.00088457216
8e605dc0,0.986206
d37a885e,0.00084714836
8286a11c,0.00088405015
d407d989,0.001570858
6317b862,0.0009158725
70fb71c6,0.00088290876
8badfbec,0.0012761507
eed892b1,0.0010053709
0cc386fe,0.0013128195
78e81594,0.00088847347
79f579c8,0.00087663
33ee326f,0.0008620253
74fde4bb,0.00089608674
e815d735,0.00085789943
ef02ff89,0.001679156
8ae41855,0.0008613232
5d15a6b7,0.00092013524
f96d98a6,0.0012024111
5985161f,0.0010893174
d01d8b98,0.001237331
962d12e3,0.0013425229
def4b39c,0.017511878
00b0be15,0.0009372548
c2fe3791,0.0010860189
94f87e5c,0.0008530786
8c9739ba,0.00086329883
4c226006,0.00086788053
cbc7c813,0.0008542508
c1b9fb72,0.00092293223
d12c0cb3,0.0008888863
793be582,0.00085377315
8d8aaa8d,0.0010186315
2043543d,0.0008952672
3997ea1c,0.4956854
aed5102d,0.0010247169
fa6ee1a4,0.0008617189
e3559fe2,0.00084897707
fbdbb663,0.0008902336
e6b7aa49,0.000873136
b8014289,0.0008939876
21015b4a,0.00090527406
32cfe862,0.00088813575
b5be7fd5,0.00087497523
35ff6155,0.0008782491
a04be7a0,0.022518665
1c057ad9,0.004703198
ed1db660,0.0009280444
ad9b693d,0.00092293305
0d274777,0.00088525476
1a6e38f0,0.0008893344
36a28f36,0.0011499526
75fe9a8d,0.025508495
b416ba92,0.003714158
ea561eaf,0.0008773261
36bf79da,0.0008470692
8cda41ac,0.0013179053
0c4eaa4d,0.0009664518
ec7a68d9,0.0009674089
31a39c75,0.0035106745
544697bb,0.00093945814
1360f44d,0.0008904609
a6586975,0.004421675
b3962a3b,0.0016013752
1b358fad,0.0009400819
53c53175,0.00086380495
88c68ba0,0.0009716302
79a3477e,0.0009574596
e8aed868,0.00086100644
d4989acb,0.013919465
e7890755,0.00086385716
433c7a2f,0.00087042426
037bd64a,0.0008575942
1899a505,0.00086658524
87215cc5,0.00087001204
9484db17,0.0017996714
eb80b865,0.0034631833
ab3b6c40,0.0020762596
50b51195,0.00086757384
301abec1,0.0016175645
c0fccead,0.0008670131
a524cd54,0.0022898624
3e0430e3,0.0009257226
66d16633,0.0008731222
0eced4b6,0.0009964012
965bcae0,0.95998764
12c5a818,0.0010098038
3972f4ea,0.00094562717
4c5e618e,0.00086938235
a4e79bd6,0.0010168203
0699b364,0.0027784307
27f3f967,0.0015465727
21a27279,0.002161641
87f05dd7,0.0012160884
3dae5ae7,0.000886447
ddc0d0f9,0.00088103215
aa2935a9,0.0009028849
14637a05,0.0010703013
98e62c2a,0.0008820057
27e559a7,0.0010549342
6790d302,0.00089680764
74f97655,0.00087376975
899ab1c8,0.00086425734
1d385e05,0.0008825319
7bc36e05,0.0008648047
5db46735,0.00086340215
3d097f88,0.00091652514
45133d8e,0.0009345979
302910f1,0.0008720173
3a13d9dc,0.0008958567
7cc5511d,0.0009251275
c4720a0b,0.01945378
c9c85fb3,0.0008578537
b14dbe3f,0.0016163922
5a26fdb6,0.0010884735
5db3226f,0.0010614123
b0756b15,0.0008706706
96c51d9f,0.117361255
a4a76966,0.0008605267
b0fdb4da,0.0008986878
0276ff9d,0.0008551841
e21bb927,0.00084683835
02c3367b,0.0008569643
430d310c,0.00086641766
d6e640a1,0.0011050507
38be067f,0.00090200355
09b3fe57,0.0013025524
443a83ce,0.00086565636
89682f85,0.0008593975
de573f17,0.0008954927
d1077dda,0.0017153575
226a8ab5,0.12694596
a20a176b,0.00090018415
0ccb9c45,0.0008729912
f1e6a710,0.0708513
fe0a6dc9,0.0017037529
07f90aff,0.0008944005
34777b06,0.00085670676
8af15cfb,0.0027424113
e22b691e,0.0067128646
dd0a7892,0.0010804728
697d022c,0.0008604299
2fe646e4,0.0010023352
73eb73a0,0.0008964463
ed57cfac,0.0008684852
b9cafe7c,0.0016682403
76705ff7,0.0008670899
1e6c1b72,0.004951554
80c15e77,0.00085210457
d60ce279,0.0008600516
c97745a4,0.0008669119
e4fff649,0.0008484133
774a2681,0.0024705776
010c3dc4,0.0008908712
de7f0cb3,0.0019915656
62523da8,0.12472099
0846ce88,0.0022313953
712d2866,0.5273347
3aa8d525,0.0014351761
d670d183,0.0008545716
c8c1b137,0.00087246235
b8eacf84,0.0057681496
7194b785,0.0008587361
617823ec,0.002187407
17092b7a,0.0009068413
2fbb51f0,0.0009224425
2109bbbc,0.0009088923
2f6e3d58,0.00087080424
13903985,0.0008803235
f3071731,0.00092512526
18645170,0.00084727386
3da76378,0.00086123083
244a93ef,0.0019555755
8d7dd700,0.0008676651
d3a8ee95,0.0018019223
8547735d,0.0016089459
381537ea,0.0052898433
b9c034d1,0.00086748827
b170391e,0.001425566
04521b7c,0.00088797
242a573b,0.0011173662
cb4163a9,0.0008684476
3e9542ef,0.00090806355
d3b9e03d,0.0008899966
097cc6a2,0.0008645472
bc075855,0.00088420435
9d28ad5f,0.0008540204
05405087,0.00086314254
4f2094bd,0.006870083
86865f61,0.0008605693
2b2d468b,0.000880498
ad19a9ae,0.0008799382
465ad4b9,0.0008599106
07b72f7d,0.0051453486
56ba7766,0.06585995
8fb614d9,0.0009786129
c0516f55,0.00087429886
9d28a7ef,0.00087118556
186a9521,0.013034047
ce48b795,0.0011722445
92e4a24b,0.0042151273
437f3945,0.015131922
3aa4a349,0.00086261315
47783efc,0.0032629382
36d4097e,0.0008524513
0d301da2,0.00091601
d7c561ae,0.0008666835
c96647e9,0.0038656583
8b600e07,0.00085488637
5db4bf5e,0.00094568974
66593cfd,0.0043376014
32d31eb3,0.0012204964
4e6b159a,0.0008750132
7116f025,0.0008547165
cfa9b956,0.000858615
7152ff24,0.00087896566
1fed974d,0.00086862384
3634be68,0.0021502716
3f38f6fb,0.00086914876
e3c9ff86,0.0009207535
e2753c46,0.0014740174
92c99fd7,0.00087419775
91bf47aa,0.0008858732
0a1cce2d,0.0008588727
d25d795a,0.0020419387
c7169b7a,0.13887034
14659bb8,0.0008604126
43a6bbd8,0.0013501839
588b29cc,0.0008886784
4fb87721,0.0009227559
2ccf7d72,0.00086032494
6b757187,0.0008439168
e6c297b2,0.0037455487
8b888568,0.0010932799
228e20bb,0.0008540286
9f2c71ab,0.004316991
9778fc69,0.0008661771
be3bfd80,0.039350722
cf208fa7,0.0008694643
44850edd,0.01668482
1bd6bb6c,0.0009452912
c6e18aac,0.00096107734
a3bcb05a,0.00088394486
e1039adf,0.0008847745
bd259be1,0.0008856512
1506f5da,0.00090678857
72810db0,0.019168131
31731002,0.0017346588
d551b7ce,0.0018422183
1b9ca51e,0.0009108772
8bdd36bb,0.1329773
a827a0f8,0.0008776556
95c2e253,0.0008803256
24dfb507,0.0037851986
4153bb02,0.0008557302
bf749f84,0.0009401615
cac1ec02,0.0008549274
0720cd86,0.0008802937
38bd530d,0.0017862642
7e7570d4,0.0008791839
4ac1f121,0.00087714056
52919651,0.00084442185
71847c07,0.00088476605
a49c482e,0.0008698248
c4f934b0,0.00086188596
04a9d4ca,0.0013782202
48d0a0c1,0.00340296
e4d7a3dc,0.00085943675
93fac711,0.0012628959
762b2923,0.0009982878
360c60b8,0.0009965944
5d2ad7cd,0.0008723456
83f435b0,0.0008997289
2ec97915,0.0008741008
cf856fe9,0.0011958156
f327cf62,0.0011267987
c1ba6fb9,0.0013205135
6ded7a88,0.00085727626
3319c6ad,0.000894458
2fa2df05,0.0010864866
3a1911b9,0.0008836729
bf91f300,0.0024100372
91fb4fe8,0.0008557473
c00d004b,0.005845448
b4113aa9,0.00091233774
ae4ccebc,0.001152194
04c50c8e,0.00085291767
f2420f60,0.0011390776
822b06d2,0.009961415
ac0160e9,0.9975561
047ee243,0.001039011
6e78ddfd,0.00091606047
f0fb4187,0.0008666704
5dd46747,0.0010488388
92547496,0.00086834165
9316201d,0.0008560471
8c24c1d1,0.001034336
8bb97678,0.000864417
a3203074,0.00087927864
df8ca873,0.0008720157
8ebff844,0.008986219
bdc0969a,0.00090206414
1b45a90d,0.0008694826
ddb4593a,0.0014312944
8114a1a0,0.0009249821
d39a3f92,0.0009803066
af7824a6,0.0014150955
a91b0b87,0.0009017685
4005c09e,0.00087538466
ce09e197,0.0011465291
3d4559a5,0.0008941593
017abdf1,0.0008646478
bf0d14e1,0.000854824
23fa6117,0.00085539225
1d7bde01,0.00085910194
a8ae9f27,0.00086740433
2a18a6a5,0.00089132925
4a1e1652,0.00092724705
945513c4,0.000929419
9f45993d,0.0010696005
e3cb5934,0.0008763119
96195198,0.00089210673
65af96d6,0.06586661
06bea904,0.0008530347
ad1db958,0.0012787081
969a56bf,0.0008563403
21171e77,0.0017870739
48696500,0.0008672089
dd028180,0.014362066
fb5b3be1,0.0033166755
708999ce,0.0008486203
9d569d50,0.00097066525
0ab704b3,0.00094571366
b9563621,0.00084801647
d8baf204,0.00095909194
13ed7885,0.001016244
74a58a61,0.0010438596
b57aac06,0.0010371257
b2c5668a,0.021514837
b1b9ffb3,0.0011263335
6282b83e,0.005299964
96009e50,0.0008560931
2884a51c,0.00086141925
77291ecd,0.0009009925
6e2ae3ff,0.0008725334
3112b4a0,0.23751788
aee1c8fc,0.0010586603
069ed2d4,0.000869316
6dde2ce9,0.0008600455
a62a57f5,0.00089505385
c4577596,0.0008603385
4b1d99d3,0.00087541435
3cb688c5,0.0011732333
e19ca8a5,0.00093220605
7253e874,0.0008959448
434b5cbc,0.013573848
22a75dab,0.008752311
e90deceb,0.0010229972
d6b9e6fe,0.00090607605
9ee7573c,0.000899302
8c179eec,0.0019820943
1c71f8c8,0.0008570322
e2ec21a3,0.003227463
2ce46926,0.00090705004
fc96e64a,0.0019015662
f9dcba93,0.0008579154
0e709f73,0.0008906246
05826870,0.0010761952
3198ab34,0.0008841623
71d9a2ce,0.0009858509
2606eece,0.0008565354
32a4286d,0.0008752025
c9a10c06,0.0009829075
6c42650b,0.0008699861
134733be,0.0008814419
412e5f70,0.0010198347
aef28359,0.0010144544
74511765,0.00091389206
df4b429b,0.01008582
48fe1797,0.0008732487
106c14a6,0.0008642442
79629b86,0.00092046923
d9609e54,0.0009019459
0e8190ad,0.0009038218
5fc8ecbe,0.05354412
dbcc48b8,0.0009097284
1e35b843,0.0008795836
4884609b,0.0011882795
fa36bd42,0.0011951694
39e358b8,0.0009109696
b88028ee,0.0009881157
0533aba4,0.00097608205
527cc0b2,0.0010158739
0e105b13,0.00089167623
f2fdda39,0.0008874472
9c824831,0.0010358426
6f03ad42,0.00092536985
5585beec,0.001364193
9405d61e,0.00087703735
07775d19,0.0009090568
ceb4859c,0.0008980013
1d094e40,0.00086613285
ed3f2d31,0.00089319114
740bb7c9,0.00095408066
a1ddf24d,0.0011532854
ff0a948b,0.00086768
bd360f89,0.0013015574
a558a7a4,0.00088455615
15bfccb3,0.0008715737
d0bc4308,0.0008728843
f4cc2263,0.022361794
67591a25,0.0011573336
3ecdeeac,0.0008996084
836c3e7a,0.00094976986
7dead81b,0.0009766242
cb04b2e4,0.0009010337
5df73482,0.0010122948
73e8c670,0.0011855225
8c6ba5a3,0.0009347239
c698a698,0.00089719315
2977ff0a,0.00091251417
966e5a65,0.00089034555
93eef51c,0.22764724
4625770e,0.0008951264
dbd2d3f5,0.0010139993
87cd56b1,0.014331277
a69cd8e0,0.00088719773
ff1a3656,0.0009070807
f98806eb,0.37586597
e69cf58f,0.0008986674
978e2900,0.00088341703
e1ba6d0c,0.002830015
a0e65987,0.0012935227
91a05b8c,0.09470014
fd9d03a2,0.0008603045
68c8c0a0,0.0008880625
b291820e,0.029921994
eac20726,0.0049938024
5c270090,0.001021326
b71a59d9,0.0013985072
bd691210,0.00087394455
ac9fcc70,0.0009217015
0a0ca8c2,0.024305074
82294ccb,0.0028463437
0aa96c11,0.0009060027
70f650ac,0.001021255
e063b49b,0.00091358245
134434dc,0.0008685249
a0f386a0,0.0011633348
e1f366b3,0.04119327
f3f223fb,0.0050177355
1a0d1d51,0.0009457759
d2c9b9a4,0.0009156295
424a5092,0.0008953912
49c12087,0.00089094724
8e89127e,0.00091849116
369f8a1f,0.0008852194
035c36cf,0.0008871141
5fd897bd,0.0008735233
03d10b54,0.0009758096
fba5b028,0.00096672255
1b969f83,0.00088789593
a6c8e44a,0.0049585733
d06aa646,0.0008989928
fd476ef5,0.0009192966
5c0bf66a,0.0012365339
2225834a,0.0009016726
c65e40bf,0.0012632357
650dcee8,0.000900065
fe5c7d60,0.0022183573
7c5eec4e,0.0009620531
01eec086,0.000862367
3bf46957,0.0008699018
91a84758,0.0009899234
06cedf0e,0.0009002686
eeab48a3,0.008367379
79a65c13,0.00092323555
d3c9c247,0.00090065866
a07c1892,0.000980698
a6ba2fba,0.0008930256
050f25b9,0.020119516
30a2d246,0.0008707444
5df871f1,0.00089042867
6f5e1b1b,0.0009008033
fa2371d2,0.00086397363
dc0f7e10,0.0009608718
548ab898,0.0008888587
a2a22b14,0.0010750715
33f09754,0.002540495
159529df,0.000858759
3545a370,0.004379363
3896275a,0.0010591542
20c67bad,0.0008995181
768af101,0.0015884754
361ac188,0.0008601786
f643c3df,0.0010266575
e14ac70d,0.0008751008
c3bc8969,0.00087754015
ab1e5c7a,0.0008986674
261cb475,0.00086862093
92093088,0.0009025998
165b1c82,0.0008536682
65d95740,0.000869775
99e12dd5,0.0008931648
b9b49299,0.0010480278
2c79193e,0.0009040711
839d25e4,0.044208802
a3faaafb,0.0009293709
88153503,0.00090887677
f4627ee4,0.0043666214
975c459b,0.0014748373
fb16bcac,0.0014079283
d15856ca,0.0009568636
b1e8dc19,0.0012379527
37093f0c,0.0008763954
c7d67faa,0.000974326
ab996aa3,0.0008661122
5043cd45,0.00089535664
08ab7a07,0.00088181155
e1ed5449,0.00088819925
1c450591,0.0023364995
0de49ea6,0.00088085
9100e619,0.000997019
533a2e9f,0.0009019523
e669257e,0.0010197082
355a3acd,0.0023931263
b84fe227,0.00087708206
a5880b54,0.00096044113
b12bd626,0.0008724062
8dd686f4,0.00090961315
8f1860a2,0.001698006
49667481,0.00087466184
d2e656de,0.0010586053
fb17380a,0.0071354643
07437715,0.00089889514
8e6b347d,0.0009522172
2de6780a,0.0010735036
0f853d78,0.0008567631
b1aa5305,0.0008643393
2f57b4ee,0.0008753597
011ad720,0.00091514975
7f924e6d,0.0012185918
1df876a0,0.0011040736
ee9d3256,0.0015624164
4ed838b6,0.0026252815
37761ab2,0.00089279463
0d96cf41,0.00087766227
f3108b01,0.00087333407
7e46bbf6,0.0016777234
45a70e1a,0.001589054
4acb45d4,0.0011487133
f267ee42,0.0014695326
c7231398,0.0008825079
f3ede103,0.00105171
b9f52ecf,0.00090981205
efe8a505,0.0009017972
182dce2a,0.001251514
33137b5c,0.00088886725
40b5b229,0.000928802
5ca3e62c,0.0026913458
12c318e3,0.0016290233
7ff07f49,0.0008985436
8f9f349f,0.0012166967
e79cb2d3,0.00087861484
89936fce,0.00091420894
cb1a6ded,0.0029447386
a6a4fff3,0.0011305258
76751536,0.0009152737
d81cb7f4,0.00088294235
9dccebbd,0.0052390085
5bcaf29a,0.00088310934
65357c4a,0.0009850591
806fff71,0.0012832603
c08ec6a1,0.0008590185
02fe4690,0.0009814112
bad866b7,0.00087753515
265639cc,0.014272304
86f402e2,0.0010440397
a479129b,0.004594727
d87292d2,0.0009805475
4f920e57,0.0008736944
994db118,0.00088492583
f44cd097,0.0008788296
7cbb8a10,0.0009007038
f08e37a2,0.000922099
8e19524b,0.0008961969
4b5182c5,0.00091241766
eea0f714,0.0008651925
485cd1cd,0.0009533655
bc7568cb,0.0011505312
cd7c90be,0.0008764839
6136bd0a,0.0010952898
5be1ad74,0.00095874845
475441e4,0.0008839223
b6f61380,0.0009564269
487086fe,0.000899605
fb468c0d,0.0008781197
15aaa9d9,0.00087955676
3f640a2a,0.002132766
dfd4db06,0.0012422968
2aa2bcc1,0.0009045333
f60d4bd8,0.0015259323
0d17f85a,0.0008542923
07f7e371,0.00089490594
8928340c,0.0009047032
6767fab9,0.00089228473
1d1b242b,0.00088573905
04df5c29,0.0011580603
ef6da511,0.0008668065
6ea08fcb,0.0008980125
d3dfb9e6,0.0009015717
5f76f257,0.0011689344
bef41b7f,0.00087158236
8d656e12,0.002013239
1338910c,0.0009798789
e23bf991,0.0008903247
75a2ba1e,0.5568116
df83719a,0.0009076422
c24d78df,0.00088196446
1e265786,0.0013679556
5bd481b1,0.0008770228
debe3c99,0.0008809595
83d47ba0,0.00086487725
ce3034c8,0.00088939
a834b809,0.000914761
de9d2e85,0.00088939845
481d2a03,0.00093019294
279c869d,0.0008894959
f2e09ec1,0.001138231
9f561e9a,0.0010426184
b83ccee5,0.0008903158
1a942fd3,0.0013657822
3bfd685d,0.0015218057
a434964a,0.00096667925
c3b2196d,0.0008870904
9fb10618,0.00088763103
bca20916,0.0008726973
cd0e8cb8,0.0012114045
f988530d,0.0009895986
bc04ad66,0.0009046411
760a47a3,0.0012236335
913aa04b,0.0008980185
0ab4562f,0.0009960524
d8b9a4b0,0.00087357586
ca2230cf,0.0010554222
b36a75e9,0.0008606985
31fb2239,0.00089213526
64f7e9c1,0.0008584179
0a98b08f,0.0009044973
6f64813a,0.0008776731
46a60d4a,0.00091780355
7da94d29,0.000872427
77487344,0.00089779694
b8996f3d,0.012722601
fe81a98a,0.00090096245
0b3759a8,0.0009890245
fffd70e4,0.00092021644
2b20b333,0.00089874695
fb04b765,0.00087440026
ddf8b523,0.00092836627
c877f00f,0.0008815793
55df73b6,0.0013958871
5ddf6694,0.0008746073
e1edca71,0.0008707698
4676d26c,0.0009957508
d5b94a45,0.0010430833
8765e247,0.0008936555
0b9d5aa3,0.0025672293
3b57c4de,0.0008922394
87eaaba9,0.0009116816
4b9de714,0.93486935
4b4eb023,0.0009386976
ad2a94eb,0.00090078136
3e071aab,0.0010194178
20007d93,0.0011155488
c13be25a,0.00087420025
3df6463e,0.00085343723
64b7cf5d,0.0010661138
2c6cbc0a,0.000876656
c64cbe61,0.00091187493
e4204909,0.0009022494
9a1abc39,0.0050252494
aa4ba5f6,0.0008630106
456623c7,0.0008791081
d39550c8,0.0008793825
b539c760,0.0008793908
b0422f03,0.001271522
c60f6a01,0.00086843607
1ec4c093,0.001063179
7be22510,0.0011659742
eb5379c5,0.0008760661
2814f74d,0.0008994477
f597d45f,0.0009352628
581a76a4,0.0012762332
43c98622,0.0009062458
83600ec9,0.0008944289
7ec4bc6b,0.00096529647
a8701139,0.0011287353
4f875ad5,0.0009254828
1b10aa50,0.0014020777
2c7fbe3f,0.0008818881
455f0b82,0.008536756
43de8643,0.0011932118
980f2e82,0.00088967977
e7576972,0.00088242843
995ed73e,0.0014167055
a0e685cb,0.0008699545
26598e71,0.002232677
f604f9a9,0.00093472307
d85d5202,0.0011834184
e123f7e0,0.0010626884
7cb3d830,0.0011992439
fef0b9e9,0.0010284
a58728bc,0.06732087
93c9f6f1,0.0009472914
7717f072,0.0008955278
78662e28,0.0008652646
35a61973,0.00092960644
30e36412,0.00088616624
e49f035b,0.0031724984
d69731e4,0.00089746685
5ac539bd,0.0009329009
c193e592,0.0008692362
3e071958,0.00088260934
9748c6a9,0.0010749865
3c36f04e,0.0009227651
75590495,0.0011487637
a9bf3617,0.0009752041
16cd5617,0.0008986716
dff4a53f,0.0008876413
5214d65a,0.0009977126
9b1c8d7c,0.03463845
1f6cb3cf,0.0011126922
e14c8e86,0.0009282784
11b1b6bb,0.00093924033
c925a75f,0.10641432
3312c6a2,0.00085286004
e1782344,0.0017761369
b28f38f5,0.0009352722
52201f39,0.0010069305
671ca85b,0.00089025253
5ac989ae,0.00089131057
a0c87904,0.0009502486
8059b7f8,0.000880324
bdc83f0e,0.0035909468
c425b3e5,0.0010179465
f70c4b6d,0.00088233943
2f0d37f1,0.0019791592
0d6ed262,0.00087296084
73152779,0.00087457686
d37aa9e6,0.00093646214
5f64b040,0.00088233105
a8b5425d,0.00093230593
bd07c12a,0.77615607
dc253cce,0.0009082037
3cd4f307,0.0010699435
018b57ad,0.0011156364
48125f6b,0.00092067634
f6263226,0.00091270375
015c150a,0.0011580609
455b404b,0.0009985437
c1fa18d6,0.0008996346
7fef7bcd,0.0010290312
0b791d3c,0.00088906323
68bd5d3d,0.00089030055
5f6b5626,0.0011431674
8f18dbdb,0.0015179083
51749e8d,0.000990592
e4624287,0.00088600075
3ef0ca4d,0.0008753505
6c4ad509,0.0010635635
02b68385,0.0008721556
f2f55a60,0.00088435353
1c3821a6,0.00087498274
308044d1,0.0009805831
76869e81,0.008824491
e65a8e73,0.47734246
1c1163b9,0.72290134
5edb5b3c,0.0008891154
e15a0061,0.00087318046
096dd5f2,0.0010736418
5a6d0b70,0.0009324024
561df5b1,0.00091573247
1e6ce642,0.0044798916
ff52371d,0.0008848483
4eaca8e8,0.0008911553
694c5813,0.0009744259
81100fbb,0.0010156339
9b32a58d,0.0009680059
9f9c7d0a,0.00087660213
e10d4103,0.00091973686
681b411a,0.0008894023
4ea52df0,0.0008839331
8a797afb,0.00094574655
57ffee3a,0.0014072111
500d7cdc,0.0008829659
0217c455,0.0008947568
623f95cd,0.0011772679
479edf81,0.00087772374
6ccc1e6c,0.0008783817
8373cfaf,0.0009251275
9e9997ac,0.0009104238
fb5c4051,0.019418558
d6e76ecd,0.0009955382
e079e0d6,0.00088357396
8e7423f2,0.0008557685
c0aed9b5,0.00092802366
bdf79020,0.0025443945
9a928e02,0.00087960536
76d6f362,0.0012254827
6c6d24c2,0.0010602701
627b7d4d,0.00091223343
433484a7,0.0008856753
6c6c8021,0.00086469593
516873a4,0.00088073796
387637c3,0.0009000126
2ea12a36,0.05301693
694a8892,0.0012877671
ea8bcb2a,0.0009107096
aa2513de,0.00090055866
7155aebe,0.0008753297
ff50cf52,0.00091858656
9ffe8608,0.0010108232
c50653bf,0.00085964816
68f9d318,0.0011204691
20a55ca5,0.0009242799
ac2a6c86,0.009219139
b2f429d2,0.0008829685
2ba27647,0.0011866863
12ee2a85,0.00090469327
4e5a9c08,0.00087879325
32ae4cdb,0.00086098595
a08d1758,0.0008712499
8d575a1f,0.0008779842
aba5a923,0.7987191
39ea374d,0.0010914115
172c232f,0.0008721627
81807fdb,0.00087306905
1d83fd6c,0.010395944
70a34696,0.0008713093
df7abacf,0.00089374575
43b53932,0.00094821013
377669b6,0.0009261382
b5e5017e,0.008692834
13d609c3,0.0010063953
c81cfd0d,0.0009227391
b01cbe83,0.0008809172
eb1ae886,0.00090408535
d5fc047c,0.00089913973
51b7061e,0.0008735874
8f61792f,0.0009835642
efda36c5,0.0010133253
6422f7e5,0.00093224726
c0a51d43,0.00091253984
969f13ed,0.016778765
dc6bdb65,0.0009255516
5cfe0d10,0.00088541757
3df9a121,0.00087355665
9e2b59c2,0.00087278365
6c857afb,0.0009211036
1a53da6e,0.0018189473
755c268f,0.0008826665
cc3b1f54,0.0008851641
02c0d325,0.0008684062
6ad46636,0.0009206263
6d182a36,0.0008716447
27c2e7fc,0.00086510595
de18b237,0.000864326
8dbc67dd,0.0008541263
c6cadabc,0.0008897468
97a9c4de,0.000892346
57bb2dc6,0.00088769494
981648f1,0.0013105753
2d29889b,0.0008656159
b6afa471,0.00087731273
06839977,0.0021874697
32b3ae68,0.007223853
3751ff5d,0.0008897968
7421b7b3,0.0009763722
3b838972,0.001555916
fc7f268d,0.0011561711
0d82f100,0.00092419
c2b774ee,0.00087202934
e2a870fd,0.00089207996
9790afa1,0.0031490226
86858912,0.00087270926
7d265963,0.017052589
cb34c2be,0.0009331854
bcda262f,0.008654223
51f4d7f0,0.00086159195
c1fc17f7,0.004437977
4c84448c,0.0009934376
fd1e15a7,0.00095391925
5ddcd4a0,0.00090606615
4a930061,0.00086564396
6b5f7313,0.00086871075
c3ecbd2c,0.00090436405
bc73495e,0.00088733726
dcb8c1ec,0.0008668148
5bc35830,0.0030925456
20df5eda,0.0008702082
c6ac36c2,0.0008967804
b16b16ab,0.0027946453
1e245c12,0.0040271995
e12cc9d0,0.000888852
8f3994e6,0.0014849381
42ce5309,0.00089292903
6cd2d66c,0.0014284429
14c07f5d,0.0068734935
25f32171,0.00086884404
d9dd1818,0.0010245752
977489af,0.00092558056
24d1cb66,0.000865524
175f5b5d,0.23124969
b43baca5,0.0008734401
7bd2e419,0.013318717
b41057ac,0.0008702361
7a0bee5b,0.0009974289
1282c482,0.0009143562
a39e0301,0.00087791064
7b0ed17c,0.00093883276
f58f0b4b,0.00087737135
cc28b292,0.00086993584
3dd87703,0.0009176846
bf038cd0,0.010128261
7d1f92b5,0.0008846623
2b52f5d0,0.0009096114
5752bec5,0.0008735832
3928fd00,0.005648884
a100b3c6,0.0009031309
82f2be8d,0.0008889803
ed6787e3,0.0009825162
30e9ab4f,0.00090279285
fffc24bd,0.0008788079
b8ba782c,0.0010942176
4871ba3d,0.00094938715
1ada4281,0.00088705315
99629dfe,0.0014670513
c09fa366,0.0009182864
085c1fed,0.001160957
ca69c1c1,0.00089101214
693015f8,0.0008898596
80a2e459,0.001651625
09ea8565,0.0009725741
cf33d27e,0.00090749306
5b84d6ec,0.0009525766
8877f266,0.00089236395
a88f0135,0.0008829677
5e190ae7,0.0009174887
5549f087,0.0010621682
866347de,0.0016760293
c5755daf,0.0009614071
36a5fb85,0.000891805
d606a122,0.0023120597
8b8e8e46,0.0019817653
ebe07274,0.0015080352
feb74a70,0.000892497
666ae807,0.0008781415
d4e625c4,0.0008975463
4d18ca0b,0.000922077
980e20fa,0.000910184
391de1f0,0.00090525806
61290610,0.0009196965
114e80a7,0.0009359974
8ca59c23,0.0010276717
9809ebfe,0.0008664746
311ce40f,0.0064705396
f347d76b,0.0009365126
d019ac54,0.10286352
002da142,0.00095180806
202a3b76,0.00096118724
4e6a6e03,0.0010385005
20e66692,0.0120003335
c53a6e2a,0.0009041676
e7aef9ca,0.0010841809
59b45986,0.00086780405
22306fdc,0.0027745138
6dde7d65,0.00095776014
3798e76a,0.00088308967
b813e084,0.00094622746
067b16f5,0.0016388445
f4c98a09,0.0010121269
f4194086,0.0008886961
251714a4,0.0076756896
68b6f065,0.0011210826
444a2ec7,0.0009476733
c60366e5,0.0009004801
f999b6b7,0.0009590289
f85109b1,0.0054057
6064b6b0,0.0008794092
5c5b76d5,0.0009225915
95c33460,0.0024899002
3c9ed905,0.0009158607
08c4b4a8,0.0017828818
39eb4166,0.013940194
b4d2b526,0.00090043386
01eb77a2,0.0008725101
aa9de17d,0.001430801
03712e21,0.00086574047
0b5baaaf,0.000859332
0d39e48a,0.0008771535
d9f169ea,0.0008867786
0b477565,0.0008739271
927d4bd1,0.0008811144
3e9707a6,0.000864091
50c2fe09,0.0048748692
9fdc906e,0.00090205675
36d4b64f,0.00093778805
99a3a05a,0.0009415609
ea004df2,0.0009548627
6717a2a8,0.0025748536
69328553,0.0010172378
7c95a077,0.0016856398
d1b82303,0.00088931917
c2aebf83,0.0008765307
b7b3dde7,0.0015028241
ff58d7d3,0.0008956532
2cdd06f6,0.0008890413
5b6acbf6,0.0008809495
e5313d76,0.0008659719
2d1ecb03,0.0008920505
8e3f7079,0.0008698443
c646f035,0.0008614758
5958bdaf,0.0053861127
da51ea19,0.0009164241
44d57663,0.0008989353
84062e0e,0.0009358217
2e7569b2,0.00090366474
c0b06722,0.0031362416
991ba2ec,0.0009090807
66ff431b,0.00095568906
fcd4a1d6,0.0008754139
178e84e7,0.00088254287
90ef9c0b,0.0008663259
682ef5cd,0.23553212
a10caa08,0.0010217446
70045c79,0.00085888425
b953761d,0.00087509706
5aba1dc8,0.00086894416
846c37a5,0.0009107109
6079eaed,0.001476231
f987d9fb,0.0008942198
6ce1fee9,0.0008677548
6ee462ed,0.0008703098
d415938d,0.0009591719
64cad4ea,0.00091103045
1dc5ad08,0.00091561204
787262fa,0.0011049028
8d2a4ffa,0.0008718141
88c548b2,0.00088608346
6dcce376,0.0008670539
1a27728c,0.00088089623
010b75d7,0.000885351
f86ef0b6,0.0065788426
53a996d0,0.0015913919
1129a191,0.0008747031
97d75046,0.0011058316
9749df9e,0.0009015327
9380ea8b,0.0009109713
956b8927,0.00089532434
27cf425a,0.00089744583
7638a565,0.0011842799
5c74c41f,0.00093661476
6261a9eb,0.0008738513
23e05db7,0.00094688206
afd3aaff,0.0008848673
5b34541f,0.00086211885
83d9b638,0.0008669986
4d5ab170,0.000899191
934fe880,0.00091168203
b8353a8e,0.000930309
d5406d0a,0.0009099825
3a332a3e,0.00087419694
b051285a,0.00088301895
c2509f82,0.0011654833
d4cab2fe,0.0024200098
1b89900b,0.0009378622
1cbec040,0.0008687513
dd423b48,0.0008958205
3489509a,0.0012864383
0d47b0bb,0.00095114636
44374d46,0.0008794771
f9724ceb,0.0008880046
099c2be6,0.001185262
e08e3934,0.0008851488
032c8776,0.0013744411
db7a07e5,0.0010291061
071258d5,0.00092623173
c62994e3,0.0017058516
6e075311,0.0008886411
fd8ff83a,0.0010445134
77ca6f99,0.0008829495
fd9fe71e,0.00086158747
ad67197b,0.00573936
b5f76076,0.0011304811
e9addcf5,0.0008873128
128e7e10,0.0008631208
ad689238,0.00131769
535999fe,0.0008671172
eb93f6c6,0.003346105
e166d06f,0.00096579635
e33994b7,0.42110887
446cba3e,0.9901653
a0bb9ee9,0.00088758045
e372da05,0.0009012892
7efa0848,0.0014825905
ae052f49,0.00088710187
21e0a9ad,0.0010598131
7d9ef3f5,0.0013676682
14706fc8,0.00094426627
5402b49c,0.0012179277
f7b8cea8,0.00087417354
9bd0cb5f,0.00096534466
c74ed5e2,0.0008995172
57c55bc2,0.004135698
a5c06caf,0.00091213
1fd3e069,0.00085708854
a932347a,0.00086817535
3be494aa,0.0008943715
d7d153e3,0.00086113357
afab0492,0.059699677
e1c3031b,0.0010520862
ee4d2d5c,0.0020669168
d5259ff0,0.0009125002
e6803707,0.0012361294
71ad652d,0.00089513056
24aa9b53,0.0008937504
f9906117,0.0009027661
9daf0031,0.0009163644
e6247a1d,0.0020785471
0bccf9f9,0.0009395526
80f0f6ec,0.002096688
11cb8ebc,0.00086563366
5cd57223,0.00089181436
e31d4c02,0.00091014704
4ff1dc2c,0.0031808566
65422b66,0.0013976936
094ba5b2,0.0009128463
2c751681,0.0009991814
a1c06bee,0.00091438374
788161e8,0.0009140744
b7d980e5,0.00086997566
74c69156,0.00091017794
c8cdf78a,0.000866009
93901178,0.00088402163
b2057f82,0.0020092404
0ecf38f2,0.00087574095
deedb16b,0.0008906556
e8f716b3,0.0009627297
8af203ff,0.0008784604
80b5a372,0.000881211
8128c960,0.0018682843
59aeec3b,0.00089441106
9d7385cf,0.0011470787
058951c3,0.00091336796
8e29e278,0.00091409317
28d48279,0.00090385624
1d62eb1b,0.0011272528
aa5b1726,0.0008675452
a922aeb8,0.00091868226
b9b86288,0.0009959541
e2f38c04,0.00093199784
367abd5c,0.0012585106
780da61d,0.00087048725
21070b61,0.0009249486
3d33f133,0.0023849278
761a08ae,0.0008716123
edcd53cc,0.04747387
bc54be5e,0.0009241139
7065d735,0.0008791114
170af022,0.00096771074
0dcaea01,0.010776512
20b5d90b,0.0011074044
3ef6dc92,0.0009108113
11a4e66e,0.0012947317
05997a38,0.0009049377
9d07cfac,0.00087735965
05e91bcf,0.00089189294
07d315a2,0.001080112
56fd2739,0.00088474
7bb48e83,0.0008886623
8a0a90cc,0.0011075779
03b75c36,0.00090219604
0f1b6308,0.00091089105
bd0c975f,0.0009695746
21b75339,0.00089535204
a407cfca,0.00091524917
943f000b,0.00092456356
a1c6ee60,0.00088230235
47eeab93,0.0011294796
6504ec98,0.0009800537
b7f0cc51,0.0038857297
03f82ad6,0.06427837
2bad76e1,0.0023348203
d16898b9,0.03965404
ae4be786,0.097462796
2dc53779,0.00087567884
d83b3a59,0.0009225625
7b82a48c,0.0013216799
689dbdbf,0.01701582
a75193c9,0.0011964086
801fb8a0,0.004119921
5c32a054,0.00088537834
0c295cc6,0.0010045533
0f9193f1,0.00090823695
ed8c7dad,0.00090705993
80627a65,0.000877993
f69905c8,0.0008804875
2e389fae,0.00087945786
5c086b87,0.0009088542
994ec1f1,0.0011349384
a634b5dc,0.0008811589
aedf86e2,0.0009999741
a4070d87,0.0009209632
8bd00fd3,0.000887191
940e8f73,0.00087637955
572bcb6b,0.0017234079
1596b882,0.0008994258
d9bf2da6,0.0008940281
7f841825,0.0009229946
60afd2f9,0.0009096027
f7d51b33,0.00841562
de65cf3b,0.0009031589
84edb70a,0.00089728076
0d0cb54c,0.0008932843
189bf90c,0.00095909706
30cd4083,0.0010830474
3c070026,0.0008971889
23802516,0.0008817376
9cf2a5ba,0.0008623004
d0d30daf,0.0008833147
db4de6ec,0.0023655738
304d9782,0.00089844695
189c8151,0.0008892548
6283c5f9,0.000909994
d6eda32c,0.0009074862
b47aeada,0.0013464733
574bf2b6,0.0008873407
8194f563,0.0017710439
db442b94,0.0017007258
5ea75244,0.001159714
181b9147,0.0009896354
1d3409d3,0.0008716061
be66fe4c,0.00089489826
8fa436ab,0.0008977892
0551f5fe,0.0009048442
26d77eea,0.0008762986
68c215be,0.0011166609
3d0d61ee,0.0008613027
9583b2fc,0.000967396
1abae7af,0.0008766238
137ac476,0.0009225396
371aab99,0.0010568418
a28330fa,0.00089124014
04d14ca5,0.0008844833
9af22c73,0.0009151572
f562bf24,0.0010862631
e3213742,0.0009092171
26f96ff7,0.000902138
221fbe77,0.0009770748
f2011267,0.00088743196
0c348b08,0.0013557766
71d1eca0,0.0009680571
62097725,0.00096852815
fba29983,0.0008835416
51aa7dfc,0.00091012625
352afa97,0.0010678342
bc102a40,0.00096900703
cbc7a768,0.0010820563
598a8bb4,0.00086309126
2aca9a32,0.000902552
efefd669,0.0008882635
eb6c716d,0.00094586733
ab4f047a,0.00091395155
b5475f48,0.0010509605
b3ed16e3,0.004037025
b84bf776,0.00092294323
1f54b4cb,0.0034779033
1a2eea44,0.00089306175
6885500c,0.00086972
cb0d44d2,0.00091939466
e70f5d67,0.00091954455
c60d2075,0.0009408291
ef0db593,0.001117079
f6424f43,0.0009154315
75cdde0e,0.0010112894
819a4435,0.0008935009
001c821d,0.001066797
681d6d0d,0.0046337238
d35f4a39,0.00090998504
83ed22ff,0.0008875906
0da04398,0.00089087844
f729bf8d,0.0008629284
e53475f8,0.001103364
896420fa,0.0009014588
a229a922,0.00094257965
5dbeb69c,0.01465479
08546e8c,0.0011186252
ed277357,0.0009044856
d7a6d80e,0.011443368
790c630c,0.0013418072
fa90d4a0,0.006369562
2dbef553,0.0013387231
70c043f3,0.0010633062
dc640230,0.00087855174
20bcaf86,0.00097608485
cd121a25,0.0010181454
a7187041,0.0012167043
0d6068a7,0.0009319178
c9ba57f6,0.0008706349
abc14e52,0.0009381527
333d60d8,0.0009065027
dd304444,0.0008796824
d2edebdc,0.0014463677
055315a6,0.0008862671
5186d897,0.0012175867
c9a63b4e,0.0008461572
9ebc7d1e,0.00087226374
0f2809eb,0.0008912456
dc6fe95c,0.00087058765
df6347c0,0.0009929426
eaaef592,0.00086360035
2d617507,0.0021329373
292a6675,0.0014124862
e3128913,0.0008932711
708ea533,0.0008721618
f7ed4bba,0.001189655
eadf2dff,0.00086723943
22e65d0c,0.0023782009
ba71525b,0.0009154908
01210036,0.0009783641
a97c7978,0.0008733885
5077c7a0,0.0008838709
910daa4e,0.0008976669
f221fea7,0.001205317
f7563f73,0.0009806112
244a9fdc,0.0017389271
ab7d12a2,0.0008505572
dd6ca657,0.001288337
2d0e180a,0.0008632154
0ab2ad88,0.00087020616
a743e386,0.00086135353
4daa2619,0.00086990144
bbdaa615,0.0010828808
1f6e0455,0.0012825954
f934de4d,0.0008615523
f5a5c054,0.00089424796
29da410b,0.0010672844
fe6c6af4,0.0008697775
aa733b3d,0.00093108136
848cef63,0.000853038
667c7064,0.0011856372
2def1115,0.0010991519
a8b3c027,0.001720638
e4b87e44,0.00085597154
e8ff04d0,0.0008623139
0ec56eb7,0.0013654357
06b9a433,0.0009098216
af54c555,0.000866833
d0866e4e,0.0008678169
c58b628c,0.0009921631
90ba61fb,0.0009353239
33e745a1,0.0010750798
6ecf2ff2,0.0008811585
f8b46928,0.00085440866
2b0ca69f,0.0037213145
e40e0089,0.0451426
758580ff,0.0009457173
d4a95df5,0.0008905292
e84bf792,0.00086221163
16ae3dda,0.00084240583
c2c6861a,0.00093317917
51114eca,0.0008790365
3f171350,0.014090531
6720ab31,0.000858624
8b377f41,0.00087241485
b0e4343e,0.0009139073
f2778677,0.0009076253
61c2e8a6,0.00086617825
ef6770e3,0.0011209378
36d8222e,0.00093945686
01c05e15,0.0008682077
0007b266,0.0008785337
a216b03b,0.0012555204
ede40ab9,0.0008542194
70d22653,0.001077959
797d3359,0.70474803
ebb86998,0.0009594754
d2d1488d,0.0008533119
a153ca7d,0.00085813814
7d645bb8,0.0010630311
d7555156,0.0008798912
56eb7c09,0.00087419443
75ac42e5,0.0009625789
5b11eb1e,0.0012305311
2316ce28,0.0011107669
8f56ab13,0.000859467
b78d6d58,0.0021846325
86982118,0.00090513646
297ffa6e,0.0008585156
ad1799c9,0.0008669511
2df2a194,0.0008529973
8689a5d0,0.00092107017
07be7a5a,0.0012741376
1e8c2a85,0.0010246788
3ac6ec78,0.0008898553
e91a932a,0.00086895825
c2dd1cf6,0.0008916019
0bd1508a,0.00096163235
229234d2,0.0013231378
b7c06165,0.00086497207
723e6522,0.001432373
1bb71f3c,0.012693682
b6e93b2a,0.00085165125
830f03b5,0.0010042116
332feae0,0.00088818994
992423cb,0.0008778299
f082cef0,0.0008795024
ccdd8d32,0.0008977447
8e27bb17,0.0008784625
3791cac9,0.0016430799
719209ac,0.9954093
801d3c3b,0.0008692382
7599dd67,0.00088785694
21a409ab,0.0008605914
6849baca,0.0008549258
9e2e2e60,0.00088116183
f3d0e61b,0.006197112
67dc251f,0.00087185693
7a31665a,0.0013194002
9746ec2d,0.0010047561
2b8f8fcd,0.00088756304
05ff4da9,0.0013297803
e27994a7,0.00088288763
22f0ee74,0.0009790988
8cc8e817,0.0009250622
bd248e0b,0.0009208115
9196dc5a,0.0008881344
81e9690a,0.00085790514
0010d6c5,0.00085673283
8933fc6c,0.0009123542
0bcbe4d3,0.0008596494
0c817287,0.0010117461
e30e59a3,0.0012093028
3504e66c,0.001118315
13bd2d1c,0.0011264242
5a5f542c,0.00085707585
a3c59c32,0.0008712582
b6ee66fb,0.0013916424
c62b2c6d,0.0008749202
7e513e42,0.00087389135
0eefb318,0.00087174476
a2fbc700,0.0010176557
69272df3,0.00087753724
71e7a795,0.00084183493
fe8bee31,0.0018555861
0b3ee494,0.0009318046
ddc52f42,0.0008588687
057b2963,0.00093123975
e06ee47d,0.0009726158
50f83c33,0.0008866062
f9fcf126,0.0009016804
871b69ec,0.0010003357
d1e2a5dd,0.0010428812
e45ae151,0.0010254899
cc3fac46,0.02196468
cff7dfac,0.0013240062
7d5dabc4,0.00090728205
299c6d80,0.00085644884
1935801b,0.00085537875
2d7e0310,0.0010064403
b1a89c6d,0.0009385612
932c97a4,0.0012360775
f1dcc0b5,0.001197636
e6b0a4e6,0.001293174
6a3dc3e1,0.0017051965
1c8ec13d,0.0009171933
8484f88c,0.0013449686
293f970a,0.0008648331
0a63bc56,0.0008626891
8f355d64,0.0009070656
16b0e247,0.00085694116
59b8a8d6,0.0008598623
10b17613,0.00087983545
8dc484ba,0.00088150747
90ae68a1,0.0008914898
63742d75,0.0008726981
2d79ab6d,0.0008478469
fe4444c0,0.9905302
f81fc84a,0.0008719458
1d40c5ab,0.0020766133
34f83e0d,0.001509292
57adeabc,0.0010324906
8e0cb1fb,0.0008818073
d7c8eb38,0.001069113
6375b822,0.005718549
d304a189,0.0008915306
c29de811,0.003428652
936d69ef,0.004486759
8272a88f,0.0008989353
4bc53671,0.00085043034
4516c49b,0.0009302487
25857c77,0.00092796696
aaea48d2,0.00085567567
e60308e7,0.0013327122
40c9fed0,0.00090377056
6f91d9bc,0.00086156325
897bf4a1,0.0008555578
337f19c7,0.0008745044
a9b5dfdc,0.000873208
9eff1e80,0.00089653995
78af1df4,0.0012456926
841ab3b2,0.16400896
e207a767,0.0009354964
c3493be0,0.00085717713
896e0888,0.028210796
f515cdfa,0.00088866317
b851bef5,0.0025785302
99492ea3,0.0008761219
69e10bd4,0.0155531075
2d68a421,0.0024015824
e5322bd2,0.00089424796
94e58ee1,0.0008955448
48b714b2,0.0008813386
23fa44f7,0.0032519733
0d8bae19,0.0008549005
c52ff535,0.0016184766
afc7426f,0.0011877461
31621fd5,0.0009026208
942a4a18,0.00087816163
44053b6d,0.00088490976
1959be86,0.0015281468
4f0af06b,0.00085236767
f499df4f,0.0012863005
e8f756ee,0.00087418815
5c8d0ca2,0.0008939454
917f67f5,0.0011499068
8a939a3b,0.0010376307
f6aba039,0.0008649543
262fefcf,0.008948186
163dcf55,0.0012261501
4cea0c54,0.0008489415
31caa2a6,0.00085045147
a764f1a8,0.0008581922
d15afd97,0.0017015388
eb072820,0.001174749
206bce50,0.0010142952
e7028bb2,0.00085450074
0b6894ed,0.00086758164
cbe7a6b2,0.0014875238
27ffd7c1,0.00086690654
57607a00,0.000900207
e9b5db1d,0.0014608052
23ffb6d4,0.0008503056
189c3b01,0.00087767094
cd01ba42,0.0008546872
f9c2d7cb,0.0015155417
fc05969b,0.0008691579
657802d2,0.000863791
c62dcdd7,0.0009462789
a836118d,0.0020979352
cb80c89a,0.00087057403
b741fe7e,0.0009180773
307ef84f,0.0010149949
4622c301,0.00087412697
0423ff61,0.0008703881
634f3e87,0.0010084463
cc7d2729,0.0009631871
673f46db,0.002395085
6202bf17,0.00089749246
2401cfbe,0.001041818
821edbe5,0.0009686937
4db92862,0.0008802183
c2e09fd3,0.00086367864
addb7fc7,0.2420022
807bc6dc,0.00085965067
135cd722,0.0008446489
a7afc687,0.0009028032
d572595f,0.00086701225
d42d1a10,0.0008712972
6748b533,0.00087506697
2a0b6cfe,0.0008625317
b8efb80d,0.004020614
9f567972,0.0012934371
6850eeb4,0.00165918
20e642c3,0.0013254919
5eca4657,0.00087992393
99327a86,0.00085763953
3f90a7e5,0.00092299376
ece18a5b,0.0008664514
2133bf39,0.001203615
20801d58,0.0008834061
52e1f6b2,0.0060265404
006490bb,0.0008782018
3c0abf6e,0.00087385083
afd06ed9,0.003970552
a9510c44,0.0008695978
b1b65a8a,0.0008701597
4b23799e,0.0009097067
8c3cc9b2,0.00093075854
cf7f0e18,0.0009123464
98273523,0.0058136177
834489fd,0.000997168
2437c15f,0.0009090417
04f5c8fd,0.0008601259
fe3df694,0.00088834093
cd02cd4b,0.00086576643
f33d43c5,0.0008850118
a12fd0bd,0.0011281075
64f585c7,0.00092030974
3950efc6,0.000874451
53c9cddc,0.000886836
63d2eabd,0.00090022804
da541562,0.00085346843
d74a4711,0.00085816433
278c609f,0.0008788054
1907a70f,0.0010750633
f1c24e0d,0.0015954009
8beef4db,0.0008819931
db59adb3,0.0011626624
04c2a779,0.0008878371
87c2f98e,0.0010160597
0d07b193,0.0024157085
ec75430f,0.04883243
c7fa79bc,0.0017011644
a3135554,0.0008938475
27901797,0.00086533517
6d12153b,0.0008425616
ccf831a1,0.0008825954
fa97206b,0.0008640617
255f016b,0.0008686006
41c299a3,0.00095706916
37f0b511,0.0009614221
1da8c3fc,0.001118612
872e3407,0.00088318804
4b9f23b6,0.0008618609
9662351a,0.16507408
cc6ab657,0.0033709432
cb5a9da7,0.00087922794
85e4747d,0.0035556958
b2a9b095,0.0016100185
72e50eca,0.00088340475
032ade84,0.00086924445
4f67e63a,0.0008570196
3aec2c6e,0.00088729116
642edb95,0.0008509484
c0f6fbb8,0.00089678087
012799be,0.00084943173
dd93aa18,0.0009322194
e834b650,0.0015117287
38e935cc,0.00088685506
910d3c46,0.0008764046
a22a5f93,0.00091466296
550bc026,0.00087142346
5e889b1d,0.0008704077
9b68e63d,0.001092111
399c876d,0.00086789374
284e3320,0.00092046574
c9918d13,0.0008755403
0bf9cf84,0.000877572
b66b8eeb,0.00087363063
d47f9980,0.0008707109
ce7aa4d0,0.0010570937
6dd5d7de,0.06331456
0241b638,0.00088211417
4ae34483,0.0009843507
c76f707c,0.008095765
c30d35f7,0.0008567762
b22f543b,0.0009473506
0b9f960d,0.0008667632
d4d98abe,0.0008909256
d8c70ae5,0.0008527264
38ac3995,0.0008932073
600f51ef,0.0018880537
22619ef7,0.00093856396
2671025e,0.0008520125
8c8d86e7,0.0008531176
9c12679e,0.0011193469
b0087293,0.0013154899
2a650076,0.0008875859
0d92b85e,0.00085681654
fe356e74,0.0009064993
ca24eaf8,0.00088975823
0e2a4443,0.0016413595
effac95b,0.0494198
de696a77,0.0011997644
185ae6f8,0.0009024674
10b97510,0.0008649996
539a656f,0.0008571069
1879f13f,0.001020459
0d05988b,0.0009082102
390151e5,0.0054835323
7a39e8fe,0.0009148003
376d1f68,0.0008653401
1ff6e591,0.0014532807
dd3314d4,0.1958958
752054b6,0.0010649109
d6f17e54,0.0015497924
e722717f,0.000926749
4bcade78,0.00085519144
bfe3f2ca,0.0008644673
aebf60cb,0.0008632968
ce671527,0.00086838676
be9fea69,0.0008605841
e8d9bc73,0.014528765
3d84dc38,0.000847672
18ed9005,0.0008517064
a952cf3a,0.0008728128
40637858,0.00088141096
0297e9ca,0.0021190783
c931f274,0.00096172036
2340ffee,0.0008547572
54f60cc4,0.0008546489
11acce36,0.00089771574
b28d5ad5,0.0015151867
dcb28d1d,0.0013391502
edece0e9,0.001778213
54e1b456,0.0010033366
9efb1574,0.008261121
a4d65f99,0.0010218517
3559457a,0.0008479325
0eedcae4,0.037375536
7a15f80e,0.0008381004
7d93d494,0.00086669665
c65b89e6,0.0022124336
4c4559a3,0.00086025323
01dd1826,0.0008605603
38f7e6ad,0.00088963966
26f710d2,0.0008685312
b0f513d6,0.0008499702
80535020,0.0008696743
9fc9908a,0.00096006517
b737fc68,0.0020526366
17aca177,0.009996328
09dfb213,0.00085149583
522b0a27,0.050039496
cb734da9,0.0009688875
deba1a88,0.009518035
6932ac46,0.0012683445
b8072870,0.0008487797
c1f662bc,0.0009065778
ae785afc,0.0008502392
8d428bdf,0.0008670791
8f7962e2,0.0008647787
f4f9089a,0.0008509085
479dd51d,0.00085359043
75122134,0.00085808383
988b9672,0.0010370171
731ab6df,0.0013757724
5f0a2701,0.00086983305
6436ba2a,0.023697503
801cd038,0.0010278672
ddaf87d7,0.0014031143
ac9a8bfc,0.0008580752
22dc7ed9,0.0012277062
1e0f11bd,0.0009020955
78d7ec9c,0.001687778
fedebfab,0.00091858563
8a1709d3,0.0018401693
f18c5670,0.00085482723
48110b3f,0.0008671226
d41ca33f,0.0010284411
05b230be,0.001103343
5a98c21e,0.0011586413
4534ae3d,0.0011200965
24fcc60c,0.0012369882
f7afeb43,0.0008769067
f73d751c,0.0017163907
c838ab44,0.001584873
7cc49ae1,0.0008776589
c3b7f6f1,0.00091073173
532ba370,0.00090277864
5c9ab9da,0.0011459105
11f3392d,0.000866487
50be12ec,0.00095804763
7aabbd1e,0.0009862201
2dca9529,0.02280899
200c747f,0.00090029964
39436f98,0.0009657757
4e13e70e,0.0008756466
19c6e4f2,0.018147944
dfb6d64a,0.0012450389
38f55cc8,0.0014314614
29cbae14,0.009895597
a745d239,0.0013790684
00eb00ca,0.004649036
aa6d08f2,0.0008839411
4cb42ef8,0.0008850709
8a9b453c,0.0009544753
fde42871,0.0010211334
8a9a751d,0.0035643375
17a3a3fe,0.0008746776
471ecd54,0.0008568292
f4ddb8b1,0.0009102303
6b190dc4,0.0016063405
c288373b,0.00086172135
29774713,0.0075680027
ffd1d2c4,0.0020909521
f7d18d33,0.0009564292
9be89f07,0.003957403
83f89e6b,0.0009799788
307907e8,0.00088867923
6a47069b,0.00087729935
2a650542,0.0027471597
23691dca,0.0008737872
0733ae8c,0.0008730207
4986e895,0.0013273357
4fa9d35a,0.0009661774
75988bec,0.00085333677
43ac3247,0.00086737995
344486b4,0.00085910474
edf29429,0.00091796526
d07a0254,0.00085739803
e78d2706,0.00158907
4845687f,0.0010895764
0e350ec9,0.0008640972
12f369e3,0.0008681737
6dc96d6b,0.0009694032
da90a579,0.002526894
81863593,0.008289869
d8567004,0.00452217
166ab682,0.0009754689
f123b883,0.00087978935
ee5d50e6,0.0008918513
beda629e,0.0009049114
13a039d1,0.0021597513
c8464a55,0.00085913675
45f5b598,0.0010071357
9acf494c,0.00087562745
fdfc2e3e,0.0010361074
56e73302,0.00085285073
4ce20c95,0.0008788401
bf3a50b8,0.000863812
67b06b48,0.0009471528
74bf935f,0.0014758396
545bdaa5,0.056338742
aee7526e,0.00086088583
f02531b1,0.0010533415
c13f6890,0.00086213776
dce79ab8,0.0036265256
9b653726,0.0014861483
cf272ff2,0.0008699517
9c3b1ac9,0.0008580266
57fd6f75,0.0013357226
e87200ef,0.0008566635
4d15b0c0,0.0009060752
c5f27256,0.0008648534
faa4dde3,0.00085846527
330ad8c9,0.0010693193
1e29d266,0.0036414803
832af985,0.0008916393
2fae14d1,0.0008953162
53aef922,0.0008597112
e9f908f7,0.0009194468
363852b3,0.0008800883
ea55c008,0.0008886869
450c63a6,0.0008485537
f598c0a0,0.00086920836
5705e0f5,0.0009246789
f79526da,0.00286213
7ef04053,0.0011731331
f2708c46,0.00089672144
d65cefe4,0.0015016255
e0aa2de0,0.0008832314
3f70e7a7,0.00088349817
f0af81e2,0.0009517238
5dae4257,0.0008824369
a90bb7e0,0.00086888054
988b7ed9,0.00088620244
75f998ca,0.00085678604
abf00dc6,0.0008504903
1474528b,0.00085197994
58741e5c,0.00090901967
0c2868ca,0.0009380803
8735616d,0.0008761081
266bdf1e,0.004913242
fae000c7,0.00085183344
d9e0e9e8,0.0008860944
35a78d5a,0.00087483146
2a473bb1,0.0008420051
806d6cb4,0.0009816801
66c5e296,0.00085494865
a2a486a0,0.0024496035
b38a33ea,0.00086257
510031a9,0.00085815944
d198ca7d,0.0011513119
e224f3a3,0.0008775808
c68fe598,0.0012717454
e7368a2a,0.0008807527
4b3c4938,0.0008915442
3f810484,0.0010772999
14737698,0.008333946
1da1e4eb,0.0011551281
6d413355,0.0009310884
272631bb,0.0010859577
1ac77e7f,0.00085034774
10bbaadb,0.00091109896
b9359011,0.0008502067
77bee900,0.0008891976
999dfa76,0.0008603315
f20eea51,0.0009107483
9700b858,0.0008508826
a8879f09,0.816049
531ff1e6,0.0008757259
62f2ef5f,0.0008716709
2cd2779a,0.0008421142
23168539,0.83183694
62abd08b,0.001240529
05c061ee,0.0008670098
ba154a90,0.0008614421
9ebd4344,0.0008827203
1a74ca52,0.00088795094
bdaca93b,0.0008569276
e2c24f64,0.000871812
124d194a,0.0011447018
804f9c5d,0.00088039105
2b8e5d07,0.0010089615
d0245c1f,0.00086078997
a9270a5c,0.99244785
a3d17579,0.0008868855
a585fbf0,0.0008633511
8b1c94a6,0.0009199411
d4860be2,0.000897141
4454c6d7,0.0040324703
d73f25f6,0.3080892
e8410208,0.00086781976
ec1aa2ff,0.00092152104
a18a03e8,0.0010265548
b949cd87,0.0008604102
a7830f97,0.0053923493
e40d8546,0.009983957
834bb0bb,0.0008834797
f04d2aba,0.0008604213
24723e3e,0.00085895124
6e2d31c4,0.00086374074
7f3f3597,0.00085849885
aa89f692,0.00085665536
6e9f4ffe,0.00085431826
a9bda949,0.0016124371
e99b4f7b,0.0008911051
3a23fb38,0.00086543
f4027ba9,0.0013591088
b4190751,0.00093811605
f993cf2b,0.00094112864
c9ce9284,0.0008760297
8fa5544b,0.00158447
616c2e80,0.0016976987
83116193,0.004604746
e4c8dc74,0.0029594135
a3089eaf,0.00092579104
5357fa0a,0.0024458705
20434cd4,0.00086032413
09d83c00,0.00086712884
c29f75f6,0.0008690179
71f2d357,0.00085864903
9bd9bdf5,0.0016697317
aa02cb48,0.00084530906
66100b7f,0.0030912082
2199821f,0.011366177
15d2d622,0.0011438662
f1e76e75,0.0008863215
24488064,0.0009136182
de2f37fe,0.00096198975
2941eebf,0.0008647467
cfd07518,0.0008825205
7d4bc729,0.0008761081
39f9e09e,0.0008932426
8ca94386,0.001406432
1680c7a5,0.00092916354
49012f0e,0.00085271784
6e113557,0.00085619185
1e73b3a8,0.000870391
42c12427,0.00084882404
c5069fad,0.0008692018
a7e965ff,0.00085653627
afa054e4,0.00089097215
0fe2010f,0.00089010247
ffedb391,0.00087021274
f56ea8de,0.001101031
4396433b,0.00085371936
04be1927,0.00097375066
c0023ca1,0.0015399762
56e3373e,0.00090157305
7be44395,0.0010959745
148e8a5f,0.00085338025
1fea9a17,0.0009070517
79b1751d,0.00087765977
53acba15,0.0011910088
49a7547e,0.0008991238
5da5924e,0.0014646044
55b00f59,0.0008990526
81b46375,0.00086032576
d512b494,0.0013041948
4812564d,0.0009504922
58ac893b,0.00085465465
cbf02d96,0.0013350447
55186649,0.0021942828
42086bc0,0.005718129
f8333655,0.0009494179
4b32a2bb,0.0014953186
9650b8b4,0.0032885645
7282595a,0.0008635272
cf79932d,0.00088534935
1723d066,0.0010757641
9c4b567e,0.00086428534
346b9a7d,0.0010561484
5b81a783,0.0008941337
33417e0a,0.0008637024
10893074,0.0018127165
b23c8581,0.000865981
d7958c86,0.0009292088
201bd112,0.000902353
11f8bf8f,0.0014786258
39799f9b,0.0009546234
3e6c5fad,0.0011118747
a1857c62,0.0008876916
22590319,0.00094351405
07c04c3f,0.0017602863
105ebc14,0.01005644
82777b19,0.00093144964
4a72ba67,0.0008756583
fd3f1b56,0.000844685
5bca5d33,0.00086247956
6af2a786,0.001043816
3cc73153,0.0008770687
58dee478,0.011813093
2682887e,0.00084835914
0bfbbcb7,0.0008901123
748f65be,0.00086047174
290a2e4c,0.00092877774
3f1fa628,0.00085175794
76c80cf6,0.0008524091
7ad6d9e7,0.00084629876
d5711af5,0.0008562204
270334d9,0.00094225904
d0b856b6,0.00088410586
e25bef2a,0.00086277456
4b7b63bb,0.0018076968
5aa68f4a,0.000966659
d4eef325,0.000847834
61743b9d,0.0035241898
8966a7e8,0.0009435096
8053ebfa,0.00085231
70bc2e9a,0.00093547226
ab79b40a,0.0010532556
d9e26537,0.0008880821
e002fe30,0.0010437344
de4230b5,0.11368708
26bfad28,0.0008688465
af31c2e4,0.007748576
63ecbe16,0.00087530294
c6d4e035,0.00085627177
ded2605c,0.00087175437
772c72b3,0.0010522291
05c8789e,0.00085344946
f9e66780,0.00091721915
e2491046,0.00086746924
8cae8292,0.000857414
6ec767d9,0.0008632138
2525a9b6,0.0008582245
b31c6580,0.00088922726
9dbeef03,0.00088599144
944c7fb5,0.0031749078
10db0bbf,0.0008594618
638356b6,0.0008533497
deefdfcf,0.0013854469
04d62886,0.0013027083
04a7f298,0.00092006737
ce42cc69,0.00092428207
394d09bc,0.0008924855
c28158d7,0.0008868986
d6940fab,0.0008730045
ff3bf000,0.00092433975
8ed0ce21,0.0008918768
129b9c23,0.0012343962
e7c77563,0.0009086299
e6f914b3,0.00088799524
6f0b4c78,0.0008545227
c4bb057a,0.00089460885
ebab0032,0.0008662752
e0a77476,0.0012264072
a3563f32,0.0011250329
4b29b467,0.0008778337
1a0c455b,0.00095459446
8e2ec527,0.0008785316
7a62051c,0.0008499386
347fc3ad,0.0008653203
2b4f584c,0.0010256192
3e29b221,0.00095001736
6b21b538,0.0008560744
dd65ef2a,0.0012652008
44f418ba,0.00088830036
53fd11ae,0.00090764137
fcddc45b,0.00087005354
5c0062e4,0.00089020643
43b8592d,0.0008529099
eda6d8c9,0.0008607912
849dbb38,0.00094176363
15a668c1,0.023682216
5e1926b9,0.0008734821
c616d8da,0.0008444839
62e1fae7,0.0028922202
d9c70f22,0.0008569272
b6379f6c,0.0029220004
673524ea,0.0008680124
dd7993a2,0.00086667936
6160226d,0.0008968402
947e32ab,0.0010294341
f9643808,0.00086604286
f6a43231,0.0013003214
01e6b9d3,0.0013293871
8a74b6c8,0.0008878624
1f34f813,0.0008920387
8abb66f2,0.0008482081
1b96c7c7,0.0037860689
7f3a25f3,0.00095294503
8838bf8a,0.00087234634
3e58c026,0.00086318504
e79d660f,0.0008805836
f8580cb3,0.00086719065
e16ab2dd,0.0008565301
a5cac9cb,0.000865889
72289577,0.0008509147
b7d5e2d0,0.0015052044
b4b340c5,0.0038218212
438b4506,0.0008730457
6352f7bd,0.0015488865
6b7977a1,0.00090195716
63e9f082,0.0011041021
29b98e13,0.0015384167
2e4807c5,0.00087091286
daeb7ba9,0.0009179286
5fa93a5f,0.0009781255
8f22d0f0,0.00086473307
fc94ae19,0.017633822
583448da,0.00087804365
ad1bc992,0.0013260363
389b899e,0.000863716
f4a6bb3b,0.0011466782
3a3bfd2b,0.00089678506
0ef0ba82,0.0026166453
3ea416d1,0.00086252886
00e86f83,0.00088453427
9566e447,0.0008764998
b7c6961e,0.016120639
d3d5e214,0.0010157784
11c05ed5,0.00085330056
befd4480,0.0016627042
36ed5998,0.0008869856
c157dfdc,0.00096875377
e51c2d1b,0.0008618338
00bc15b9,0.00087052
f5659fe1,0.0008991496
5c4a2a0d,0.00085944455
65bc6182,0.0015429851
8a10b6ff,0.00086092734
0cf1b9d4,0.0010349547
4b4054bb,0.0010360745
b8962941,0.0008499026
e6542f11,0.25704092
27512d0f,0.0010934606
d9a319fa,0.0008492007
988782ba,0.0015364557
39f54490,0.00087821565
7f5ac67d,0.001793798
fb8beced,0.0010879904
5e8fafed,0.00086167455
23eac34f,0.0011266411
5545b3d0,0.0011267463
5f93b62e,0.00089463487
7aa554f4,0.0010378622
19423939,0.0008726008
8d4bb4b6,0.00086661
5614a2b9,0.0012777171
fef40c77,0.000859504
3f870f34,0.0009936052
4377932a,0.00088803
eb6d4452,0.00087351084
1426a5ca,0.0008520299
558d85ae,0.00085310714
d706caad,0.000848147
10b13d75,0.0010129787
6b6a870e,0.00087441516
7b42a0a4,0.00085098314
78c8704c,0.0008765528
04a178df,0.0011780233
c1f1e540,0.0018697539
4eb24032,0.0008857947
e56d18d7,0.00094431813
a6a85748,0.00090483594
6ed98e8b,0.0009968132
55f0687d,0.00085382594
a0eccdb7,0.0009071706
da940f4d,0.9681511
5f781dc2,0.00085667666
c294cdc5,0.00090936094
17ec5515,0.00085795793
7429aff0,0.0008509565
e603aeaf,0.00086709735
6729e48b,0.0008672196
1a66335b,0.0008868893
770c93a0,0.0010262257
8270f227,0.00089169195
564b35f9,0.0009257941
aa0d1be3,0.00086323585
f2085662,0.0020075496
be0a66b6,0.00084634585
ad797899,0.000853745
24c038bc,0.00087587774
3a54ebca,0.0009401086
6f929837,0.0008549103
d1b26032,0.0008603704
90171707,0.0008824049
3f01f1b4,0.00096637174
f740e461,0.00089299533
9c11c92b,0.00085032056
1433899a,0.00094610977
67573971,0.001579961
12602c4c,0.0008790801
3e2329fe,0.000886439
e44fe4e9,0.000864909
2edfc6a8,0.00086852786
8640f179,0.6711041
7572dce5,0.00086247915
8a540416,0.0009184845
e427fffd,0.0017880849
908232d1,0.0021083131
2f7f4f8e,0.00087637204
8dd62788,0.00086066197
21d434c5,0.0012195017
5ac968fc,0.07417879
4300ea16,0.0008636424
d839ae45,0.0009094267
e1fa431e,0.001082179
6c313d01,0.001098515
2f17493b,0.0008635346
b9634187,0.00094314746
4e6e975c,0.0010569773
622e893c,0.0008519779
dcb4520f,0.0008703604
3c68e712,0.0010199094
3b66e8ee,0.0010473082
4c806f7b,0.00088934076
bf5497d6,0.00089836423
4c7024cb,0.008054338
56855008,0.0008570497
01014936,0.0028136778
63086378,0.00090253394
df37402e,0.0014485001
c331cddc,0.0008712557
98e1686f,0.0009777934
4471fa35,0.0009189857
ceee8c9e,0.00089377345
910f4d3a,0.000864789
f0b08a6d,0.001040717
770622c2,0.0015411306
5c2d5414,0.0008669714
92ec4daa,0.0009180011
780f782a,0.00090555055
316701c9,0.0010758588
18fd0306,0.0012617008
abc9ef3b,0.0008623777
953d1ba3,0.0431553
cb0461a8,0.0008650458
d953dbf4,0.0008560716
33572cfd,0.0008623957
98d56c22,0.00087068015
55a4d1cc,0.0010273291
e7ba8454,0.00087265973
2158b47e,0.00085832796
ae9dd511,0.00089179986
058041be,0.0008708034
c435d4c1,0.0008621201
45a1c9e3,0.0009079428
aa2d1a9c,0.00089629606
49727d31,0.002861918
61c866bc,0.001052521
d60bb39c,0.00087006146
bd8d4f2f,0.0008841387
2b1e8972,0.00089615386
6d6deb56,0.00089098624
2cc12071,0.0008958725
189f9ba3,0.00086134294
7f95720c,0.0022354226
df7dbfd3,0.0008935469
432f8e4a,0.0013981556
d017313d,0.00087481603
03769db8,0.0011953677
8d074a1f,0.0010107472
2c6d68e6,0.0008686354
2cbe05dc,0.00084798265
fa5ffe1c,0.005555568
317f1157,0.00085363886
e3842e47,0.0012101033
06bf7cca,0.0009964274
5f6c0faa,0.00085299567
e4201fcb,0.00085507287
48b717ee,0.0008562179
e1d42da0,0.0009261559
6c1bac7e,0.000893444
d44276f9,0.00087722874
52381364,0.0009699658
3844974a,0.0009053258
f339b7ee,0.0009328187
bd4bd01c,0.008216033
577d4282,0.0009932648
002499ce,0.0008755674
136b5714,0.003892626
30bbe99f,0.0009186976
94aae9ce,0.00092954614
2922b530,0.0013241293
7d0e4143,0.0009164718
0a3235b5,0.001069967
bdcf4add,0.00086825644
228f3e32,0.19515727
e32bc50b,0.00086967804
2d4872ae,0.0008782884
e9df8091,0.00090366084
071f9206,0.001092188
e0b7d128,0.0008652338
16f81019,0.0008847635
3d31d2fc,0.0009638495
a1735d68,0.0008651566
cb7e1a76,0.0008732407
3f431e31,0.00086977874
a8fe3410,0.0009326618
0e49f16d,0.0008537267
39db28ee,0.00090932363
652c34bd,0.0008503534
0f45c7db,0.00088444917
8ae51b5c,0.0008492101
9f4beb16,0.00093090313
08cb1c1d,0.0008651315
e208d57d,0.0008659183
da22ab8c,0.0009110078
55435706,0.00093057577
0087756f,0.000898979
99c77483,0.0008951081
4ece4a3f,0.00085527904
7e30c6cc,0.0008568211
14518a44,0.0008503165
2c6588fb,0.0008612157
e6a0d900,0.0008485217
94e31644,0.0008925458
b7121e14,0.0034164381
d5eca22f,0.000916739
803f648e,0.0020566669
ba45a887,0.001166474
0eecb565,0.0010629669
3da3d0e6,0.04562057
8af7bbbe,0.0008496196
8907a559,0.00087534805
258492de,0.00086668186
a03c9c35,0.000902389
416d51ca,0.000914781
79f8567a,0.0009046691
3ed07bcc,0.0008594253
ebb7474b,0.0008548378
6efc4232,0.001163847
0b3513f6,0.00085993035
60aeff79,0.0009787873
f4dd4d86,0.0008679231
c4815281,0.0008617781
685d3914,0.0052798484
60e2d78f,0.0008670098
abf7cc27,0.00087331777
c5aaa416,0.0008518837
99864975,0.00085920136
22b282bd,0.0019336315
031ab835,0.00086147466
c42d4881,0.000898322
0d536f4f,0.0008552416
9c59e6cd,0.0009999669
af53c4b7,0.00084277155
66926704,0.0011265805
172fa973,0.0009591481
368146b4,0.0008828221
e5514611,0.0010954249
78e67d90,0.0008489342
146aa7c4,0.0031833218
e41afcfd,0.00086676446
82ce72de,0.00094140874
079f75f3,0.00086127396
1dd68284,0.0009001807
cf29736e,0.0008989482
63a8241e,0.00086404575
b2337930,0.003253597
07ecbdab,0.015506603
ef565768,0.00085852057
5b375d65,0.0012618161
5c5ba5d6,0.0013815324
efbd5842,0.0008922555
0e522c5e,0.0008640926
1bee2a80,0.0010840694
cb8fbb14,0.00092978525
df27d70e,0.0012389122
fd61b1b5,0.0017190179
3a5f4757,0.0008830159
b4e4e9ca,0.0008897349
3f221b15,0.00212575
b41adaaa,0.0012201008
aff08afe,0.0010584551
6dfcb8ce,0.0008798472
d19cf9c2,0.0026072394
3a3b9d6a,0.0011118641
0ae53677,0.00088573905
c1708dde,0.0012905421
4abc7a15,0.0008479519
953165dc,0.00087221677
fa2b6571,0.00086721056
1ab4a7cf,0.00095266005
d89e3481,0.0010157905
9b37f9f3,0.000870871
7176ec4f,0.00085551455
462d9bbc,0.000871303
a61048d1,0.019337052
ff2e4353,0.0010403417
036254e1,0.0008492833
928b4d06,0.001011432
e6ce8015,0.00085737894
7276219a,0.0012926671
70058d50,0.00084851525
0fd8a7b6,0.0008529608
8d1404ba,0.0010334807
94dc8fc4,0.0009279815
d9b6fde6,0.0008985025
af06d66f,0.0009077308
845a4988,0.0009031886
74d91378,0.0009321936
4fc692fa,0.0008935707
db0ed0f3,0.00087105815
223b7991,0.0009083334
9184b7e6,0.0008835811
6c2eea4e,0.001565338
001ded12,0.0008911169
bf94590d,0.0008926177
f50794e9,0.0009735461
79cf8be5,0.001956623
a694f8e8,0.013505516
e4949337,0.00093166076
77cfeb2f,0.00089428277
2324919e,0.00093873707
ef0249c9,0.0019753473
25dbf87e,0.000871597
9cf5993d,0.0009122273
a54c16e3,0.0009660365
6846d51b,0.0009883143
ddeecb25,0.00092887244
51ed186c,0.0011056772
a1c89eca,0.00087684725
4ef96409,0.0009415833
2db02209,0.0008940604
723de9a9,0.00085602544
7b143fb9,0.0010415567
1515531e,0.0015343203
e78bcf0c,0.0008628786
ce31cc4a,0.00087644625
9a68e4db,0.00091965485
72255985,0.0008956438
07502158,0.0008810667
c0bbe2ef,0.00086817
44fbe4f3,0.00085525657
d4e982ba,0.004047336
7b54bb35,0.0017592241
63a57073,0.0008820653
7184a428,0.00092186
f98b9876,0.0009547845
9ce00ed0,0.00089858763
db7c7f35,0.00085143506
a8a0ca47,0.0008438018
1595e0d0,0.00084652175
4c2ac6b3,0.0008676932
2f4e4e98,0.0020940315
e5fcd1aa,0.0010186146
1f814e48,0.0009024842
9ecc31d4,0.0008653364
de3684b2,0.032349247
626dbbb5,0.00092768995
e26bb95a,0.001760923
34cefd3e,0.0009151372
0624bb68,0.0008970017
e3f4e16b,0.0008668905
29e9fb82,0.0009660136
583690c6,0.00092605426
e56c3c4e,0.0012710122
6bdab7f9,0.0008910555
819e977c,0.000845813
a3d15bb7,0.00088774826
a9a8903f,0.000914422
fec3e6ca,0.000889282
79252d59,0.0011811006
2ae38964,0.0008894959
eb9099ae,0.0008900665
8855e007,0.0009029649
58866885,0.0010120155
b8ab92e8,0.00088932633
ac301c8e,0.00088230736
0b06b32e,0.00087999355
84e3c994,0.00088975654
d25a10c1,0.0009299776
23d5b214,0.00085989066
815b1567,0.001683267
5480b880,0.001691089
7930b027,0.0012342471
c88a9149,0.0008716227
7ebf9323,0.00092078425
e65bd0ba,0.0008571126
55f51f16,0.00087087805
1d375d26,0.0008860421
12393009,0.001062481
60a9bd6a,0.001378595
210292f7,0.00091993803
52919747,0.0027382255
d7afd54b,0.06190888
17d87f07,0.00090173545
5624a9b0,0.0009947313
00ab0fa0,0.00087989075
6b69cd0c,0.026608037
8f5cc622,0.0014876392
d4363aab,0.00088329415
84ab62ee,0.0009138358
297f171e,0.00090344215
2efaa8ca,0.0009661222
d8fa4165,0.0030403752
07cd0ddf,0.022156648
9aa79101,0.0008819464
c673e544,0.00087613065
77f2c72a,0.0008637049
c5ffcd9c,0.00094969204
f26f7977,0.0013607189
3c3079f6,0.00089660863
6aa72127,0.0008974412
42a94654,0.00087852316
a292c626,0.0008847071
7cd28b6a,0.0031937473
1b795fd1,0.0008760088
d5e93e82,0.0018303118
9d4a88be,0.0010006703
4892afae,0.00085590314
2ac599cd,0.00087640545
45af42f5,0.0008675725
8b6e1eaa,0.0010189262
c24a6a5b,0.00085146906
a0039db1,0.001141639
a007ce70,0.0008759116
26f89d66,0.0011416087
72e28053,0.0009036801
a19feea6,0.00093081786
738fdfb4,0.00091054797
e7b299ec,0.0053439606
ba60ed49,0.00086735596
e9793b28,0.0010787675
2ca5b408,0.00087238016
7582fee9,0.0008678342
7cb045bb,0.0009752585
6538e332,0.00089286856
5bbc2386,0.00095918105
55edb9db,0.0009664287
68ec8ed8,0.0008918313
eb7b39ed,0.000878874
d9dd3829,0.0008505365
85c13c62,0.00086660875
888c59c2,0.0009232871
f69f6407,0.0008785266
0f0e21a9,0.0009360518
6d059b3e,0.00089599926
e03d9689,0.000864932
e94993d3,0.00089216535
d43b3fab,0.0008975455
798cd567,0.001075884
7b4a3429,0.00088423555
ed4640cf,0.00091152487
22525962,0.00085929484
a68d9c34,0.0013160395
7bcc8d99,0.0009034821
8469a033,0.0009060908
1c707a11,0.00088616874
11face93,0.0009472511
a051194a,0.0009770814
076fd98a,0.0009098706
9d54510e,0.0008781415
4f8720c0,0.00086982193
aa0d7bf5,0.0008756082
f5d4a708,0.0008991936
067de5d9,0.0010740785
e30de8e0,0.00094007835
2ee1e06b,0.0010026408
02911375,0.0009036682
b50fd079,0.0008894412
7c28ad23,0.00088738045
604599b0,0.000903343
f1a3cb33,0.00088612986
92f7e295,0.0010757416
c6ed13ba,0.0008753721
74f1216c,0.0009387348
1120f8a9,0.000859292
c0605d79,0.029417474
14567116,0.0010168358
3b24706d,0.00091139326
ddd98b68,0.0008766184
86f6a90c,0.0014568495
9314c397,0.011863989
a31a0a7e,0.00086119433
59b96c43,0.00096960005
c1ef8d5f,0.000876986
78a2e96b,0.00087049475
00612a64,0.00089495373
878070ca,0.0009946574
7598468f,0.0012086222
ac8897a0,0.0009074654
caa6975b,0.00096008216
4fa5410b,0.0009570504
efbe43ad,0.0013742127
ace56a66,0.00088145834
dc98f562,0.0012349173
3820e20b,0.0008688506
ce02f51d,0.0018878774
50bde423,0.0013640891
64aa35ce,0.0009205579
0070f0a8,0.0009474994
74d46b4c,0.0012058918
35729a23,0.0008857217
8f4a1bf6,0.005255415
3daffe28,0.0009414856
90dd8dba,0.0009294514
619af332,0.0021284157
2982ea7b,0.10016044
b8220a0e,0.0009412958
0199a720,0.000858065
d5d74870,0.19328412
c4a3161a,0.0038571802
85ccfb10,0.004166436
067d9a19,0.981215
2eb5f2bd,0.0008732578
fc174612,0.0009006616
b4a8fc14,0.0008810766
9c569628,0.00088045653
474ca796,0.0008725517
30054c83,0.0008976515
41f0d228,0.0066715498
48e08f2c,0.0008757051
0aec00b7,0.00088491786
7765caa1,0.0013417125
90f3342d,0.0009135911
bb4b78cd,0.00095147715
9bc59b24,0.00089323026
0ce8115b,0.0009619036
aaec9652,0.0009108659
3735eecb,0.00086315616
7828b20b,0.0008948523
8a1ea658,0.001674797
fecd8690,0.0028434328
172dd3e1,0.0009083123
fd767a23,0.0009008277
c7579768,0.0008920234
5325c20d,0.00093934673
7168046a,0.0036961841
d94186b6,0.00097648666
0128361d,0.0009815431
65ded8ea,0.0009368361
7b5fd9e6,0.0010701739
e6639d5d,0.00089865795
34987a71,0.00088349526
1d86f223,0.0008767529
6c782e18,0.0008889786
c7dcc4ff,0.00088329206
a7c08435,0.00090726564
0202b565,0.0009373771
f22c8d16,0.0008607169
76a12922,0.0008928779
eed52e9d,0.0010016498
3419b05c,0.00090737373
26544729,0.0010079718
cabe2b8e,0.007236093
7219e941,0.0012974103
cdd9f57b,0.0008647754
09569d31,0.0008936794
7e80cbee,0.0009038127
86a0cde7,0.002083045
fa6bd1cf,0.0008901517
7330d081,0.00089875207
de3b0995,0.00095048
b9499889,0.0012230497
3867a1c0,0.0011011998
d991a774,0.0010253311
e5b81e7c,0.0031245842
29edaf59,0.0008753792
c3f63f01,0.0009815262
4afc6ffa,0.0008734218
bbd127e2,0.0009066064
d059b50a,0.00087988534
55552d41,0.00095049496
2de27d89,0.00091642985
99dfa045,0.0010706179
4933ba42,0.00092915824
0e946203,0.0011864513
b3c1eeb3,0.014547714
e8d3cc04,0.00086225895
bd613f8b,0.0008859484
91c9df46,0.024792856
44c651bc,0.0008877538
4b89c172,0.0009065071
b8e79647,0.0009225105
5dfd2584,0.0010591511
30f7971d,0.00089596474
4d02372c,0.0008726224
3d0bcf51,0.0008811027
6cb3ca0c,0.001438405
ef99b300,0.00089111016
4e800462,0.00088659866
a1e970b4,0.00088210567
ba62e3ce,0.0009149624
ba96778b,0.0008775234
02aecb71,0.02199615
0108dec0,0.0009194403
be85f5a8,0.000950226
2eef2fce,0.0008715014
7c0f69a4,0.0009901351
2348a13b,0.0039971694
3892954d,0.0011354896
92abc493,0.0011013851
403714df,0.0008535429
7619a8d3,0.0022106792
25027016,0.0009433217
a6246437,0.0008649378
819e7bc8,0.11425469
945d0061,0.0008687613
ee277857,0.00089167454
9857f862,0.0009877642
c153b1d4,0.0008891197
06bf4998,0.0008788484
b90101c6,0.0015814701
17ab08c8,0.0028547717
b40a39d9,0.0013532122
1e4d2b0a,0.0016878599
71b99961,0.009948293
be65f231,0.0009137654
b5a6c58b,0.0008853206
2a582aff,0.00551611
6bb037df,0.0008689335
2851e086,0.0008774323
0afa2583,0.00096038723
7475a500,0.0015536206
94275f27,0.0009718803
445d02da,0.00090895634
7eaf163a,0.0008744952
b63f2bbb,0.0009004488
3ff200a8,0.0008789854
29ce0d6c,0.00087160565
24645f90,0.0027472991
fab840f1,0.003138207
0e0b4c62,0.0008833745
6b5b1617,0.0008922419
d621a849,0.00086882
62e26620,0.0009850702
10f31704,0.0008841463
eb69ff82,0.0009166761
eaa9a659,0.0009397576
23daf9f3,0.0008577327
b3449fc8,0.0015210536
80a9a42d,0.00087439275
129c9241,0.0008929465
48418143,0.0008658477
cff92070,0.0034695116
a75f7c81,0.0009135416
6bb0fece,0.0012677514
c4292709,0.0009564479
6541b1d5,0.00088756176
c22e20aa,0.0084690275
2dc5e468,0.0008567109
1321222e,0.0008859493
da1fc472,0.0009056239
6acb6ecc,0.00090421585
50c2355f,0.00094982237
b480d90f,0.0029268863
2ad4ed82,0.00090682786
8ca4d391,0.00088091975
97b38980,0.00088206783
17b4f73c,0.0008831207
60c14970,0.025016028
318cd413,0.00088894507
d0df699e,0.0010399662
91f7629f,0.0012682431
afac231c,0.00093306496
a7572981,0.00090470276
f235f851,0.00088160735
ee5c71e3,0.0008863807
3fbe4349,0.0020024078
1fe5efa4,0.22111161
c35d80f3,0.0017113634
24c4b47d,0.0008977593
e7ce3b8a,0.00089095434
94539965,0.0009154115
64813e53,0.0018931249
4dca8453,0.0009033031
9ccfe631,0.0009359635
98e15952,0.00087002583
8b227aa9,0.00096355926
8f9ab601,0.0014061388
eec7a48e,0.0009451155
7747b7cc,0.0011047086
6e7049be,0.0008913237
2c1de293,0.000941909
79ecdc84,0.0040474473
a62fa3f8,0.00089834025
2832bce6,0.00094824267
324e24be,0.0009082127
c5ba74b8,0.00090090244
79df0f9a,0.00089626445
007ed7a0,0.0010793189
e3c38f87,0.00089687185
8529deb2,0.0008964237
192695d9,0.027678877
b42c2fb0,0.004811385
7cb4c36a,0.0008773726
d0c0829e,0.001113137
430a9e18,0.0009403335
495b3ff3,0.030928068
18c5c579,0.00085867965
725e7205,0.0077003962
fca8d076,0.00568882
30d1ec30,0.00089231075
39dfad3d,0.00095787283
cfcada40,0.00088146544
2bb19b9f,0.0008964677
4562ad2a,0.0009671223
b52ecc0f,0.0009402744
52e1e85a,0.00091838307
15ec3d1f,0.0009008895
5ed87350,0.00089531584
319ee730,0.0008881832
9cfe93ab,0.0016549118
8453173b,0.00087453506
ef7d217c,0.0008787316
3b1cdc01,0.00086412847
f966860b,0.0008789837
34cc7ba8,0.0009382725
63fd73e0,0.0008894077
a009701b,0.00089433015
35d5b2bf,0.0017583609
dca0eb4b,0.0012816124
c569fb61,0.000889545
2cb0f0bd,0.975683
46f461cf,0.001878497
85da9e92,0.0013335199
e531bebd,0.024229303
29465c51,0.000893483
beb07159,0.00095358444
1760d30f,0.0009570003
6892b737,0.040061515
26021409,0.0008998146
2d17bc37,0.00090071827
41aa39a4,0.0009311231
e2789887,0.0009205824
b2de7607,0.00095082464
b2263077,0.044525787
0965ac31,0.000898556
972e4b66,0.0009049636
2a923a6b,0.0017420052
7e13335d,0.0014482485
77aab3a7,0.0008571804
8b346397,0.0018000022
9c632eef,0.0010605814
42920d2c,0.0008647318
733ccf43,0.000937932
67a2e019,0.0011832167
0f2ed1ef,0.0008672519
90c6eaa6,0.0009059859
1e5c131f,0.0016094928
dbd804e6,0.0008789193
0eb5bc6d,0.0063824574
77523a7e,0.0010632721
f7e70a49,0.00089632504
bc218533,0.00090884423
2fdf5488,0.0014652984
8b28efce,0.0008826867
1f49166a,0.0016007418
1dbe4d88,0.008349325
901ae1b7,0.00090354757
8131ad43,0.000909185
8051b652,0.0009815061
e3c84726,0.00090837106
9f776dc9,0.0031207397
4038bcba,0.00085912115
13369bd3,0.0010213525
56978d26,0.00090937613
2012b537,0.001028736
2f0e6196,0.0010098576
0ad81102,0.0009081609
f6411559,0.005360552
b02fb6cf,0.0014036282
25e8ecc9,0.00092184637
4481c2b5,0.00089836685
d8faeb11,0.00084950466
22354aaf,0.0009820614
38011e4e,0.0011053933
5be110ed,0.0019076221
a078b357,0.0010680018
423fc95a,0.00087731733
e95b6a1e,0.0010316132
bf3471db,0.0009472796
b703d385,0.00085544854
89e29d1b,0.0014688848
a7d3e846,0.00088968576
97bd039f,0.00088060996
bf1af6e9,0.0008584121
240e0103,0.0009927677
3ff00d26,0.00089828466
c060d361,0.00089125196
638e33ed,0.00089265
45c03b56,0.00092671235
80ea5261,0.0024856583
287dfa70,0.00089177996
5dbb2192,0.42759866
b28432ea,0.0009028564
50d46484,0.00086188474
61d89289,0.0008700901
b7215f5b,0.00086121156
8139296f,0.0009260146
d501732d,0.0008760581
f329df0b,0.00091991783
6e99f351,0.0008879851
8a60e1d2,0.00087471015
0090893e,0.0008669029
c8b310e3,0.00091154524
134a17bd,0.0013871605
93e6147d,0.0009301521
6c2294fd,0.0008753272
22f30509,0.002154076
be75a2ab,0.0009070189
a5546d62,0.00085651176
2f5b3790,0.0008699301
9a4c1f74,0.071874596
25c0aa2e,0.0012657944
8e4a7ee6,0.00088418834
393ad64b,0.0009184972
4114bbc7,0.0015101404
107ba4cf,0.0008967403
15c05a4b,0.0012663051
9613bb70,0.0009413842
92e2c6f1,0.00111375
64986ea6,0.00089452654
0718f389,0.0008916784
53b5d726,0.00087851315
e6a9a51d,0.002929217
592cca8f,0.0011791347
1f3718ac,0.00090475363
e4a866ee,0.00085042464
e562bdfd,0.0016382236
7514f6e2,0.0008834119
00ddb4a3,0.0014215114
ab55bfc2,0.0019254835
f3ab0fae,0.0008933733
00b445af,0.0008893366
5cde3a03,0.007757423
d447b721,0.0008847336
41e120be,0.0009040616
66368d71,0.0010908606
87b389fb,0.0011300409
2e792f4d,0.0009593136
5fbe6778,0.0010001633
7d03617b,0.0027654069
34a64442,0.0015037132
dafddcc4,0.0013433185
0d897bf5,0.0010180436
03a0520f,0.0008850405
c4e97ab3,0.0010576657
e56f99c8,0.0017160386
07a42305,0.00088663964
115af837,0.000862752
4a6bcf50,0.0010348749
b67f4a2a,0.00091119
2d6a7bf8,0.000892366
f8a4147c,0.0009154977
12736ddf,0.0009098524
7e6ea528,0.0008724711
e1102c52,0.00089712057
c212815f,0.0013746751
b37a2648,0.00094491616
cb58f048,0.0011035169
af783c22,0.00094342517
471a1529,0.0008559594
c87175c3,0.00092493976
54e133e4,0.00085629063
7e551050,0.00088971335
f389183b,0.0058406554
4b098fb2,0.00086738245
e678a4c5,0.00089348387
7ecf387e,0.0008781357
9f03d5ee,0.00086331414
3dc18b36,0.0009107787
3c1614b3,0.0013298539
99e88299,0.00094621215
8b8711eb,0.0008701365
54107a63,0.0009045899
d3e20d4e,0.00092628563
c5f3f38a,0.0010524377
4ba47aed,0.00095902564
789aab5b,0.0029955606
63ce0242,0.0010631572
993ec64d,0.0013947774
fcc3bae0,0.048308928
90345a6f,0.0008551449
6ab882cf,0.00088794244
eeb2bf18,0.00089653145
17894401,0.0008959161
4b4975e3,0.0010955621
ee4dc90b,0.00089400087
47c92536,0.00087286107
388e2d54,0.00085578643
3c89311c,0.0008930393
77b3ea06,0.0008953831
dc4cbb57,0.00088576437
a9dfca1b,0.008113522
7d833bd7,0.0021017492
4b2d24f6,0.00092053245
04fde0d6,0.00092892855
1d354058,0.00086227903
b64e2a5a,0.00088321464
64b2120e,0.0010707323
3d5712fc,0.0011983219
930cc329,0.0008692109
04d13431,0.0026987302
c24a5d52,0.0010780098
afda6691,0.00088434335
b7697285,0.000882141
6c25202b,0.00096713984
54460ab9,0.0008737726
53697158,0.0009655366
b917c160,0.0022477221
c75ffd24,0.0028840855
769f5561,0.00090228545
b9cc735f,0.0008684054
76794006,0.045957115
edb0fac5,0.0008672502
d0a2357c,0.00095898006
21b3d4eb,0.000902147
7d6afb17,0.00090230006
87f62dfc,0.00087532884
1c3d11e9,0.0008688664
331e004e,0.001214125
13cc7d08,0.002223224
3f680696,0.0015276421
fdd260bc,0.00087635947
57d1c838,0.0008617493
fbc895db,0.0009063662
4a08d0c8,0.0009294328
c2fd2503,0.0009573149
89cfe13d,0.00089000235
a24ba053,0.00089448737
576c68ed,0.00088943186
862621a1,0.00088757067
0c5707e4,0.00087961
cd0ef9dd,0.00085601484
39f1eb3a,0.000939252
c3397b75,0.0009220541
1b3933b9,0.0008624487
4030f473,0.0009239259
32c08a6b,0.0014321179
048a0974,0.0009050701
d9856210,0.00089700264
6dd49b8a,0.00084859564
50b39791,0.00088388217
e0030d11,0.0011382761
687391b4,0.0008678024
5ca55dfe,0.00089870533
5e8e8a83,0.00095365086
bd7866cc,0.0008735916
cdeb7389,0.0008942994
7897484a,0.0008822645
c81d62d1,0.00087229814
7ff0707d,0.00103818
cb9a14e3,0.0019583139
6e8323b2,0.00088187377
4d55944a,0.0011725114
5878dec8,0.0008715944
e4307e69,0.0009416532
0cd661ce,0.0010059841
3f084daf,0.0009454299
d8ecb681,0.0014114529
f60610bb,0.00087391713
1c567dc1,0.0009030768
22f8f820,0.00096979213
aaa8d37c,0.0008837879
ac1f3469,0.0022655462
441983e3,0.00090984546
9d8e5c7d,0.00473376
40b5e7f6,0.00090926304
330a556e,0.0008565831
e993195b,0.0009334894
404e455b,0.00094831584
4bc84789,0.00094257295
8a49befb,0.00095483824
37df282c,0.001002234
6c20ac8f,0.0017528897
6603f421,0.0012061812
ec87731a,0.0040758247
e48bd676,0.001169326
fb821c6a,0.0008767102
114449d6,0.0017485755
02980e2e,0.0009109778
0bc093f5,0.0022764183
1bdd96a0,0.00089042785
89b00c3e,0.00089691364
8b54db42,0.00087791897
034ff935,0.000949024
2f222c90,0.0008676494
bbb9c86b,0.04219912
c9a723f5,0.00087532634
24d3986a,0.0008901292
1db19a7d,0.0026867853
fdf6e9f4,0.00089154165
ab6ac7a5,0.0009446285
f952cb67,0.0012107298
b614b209,0.0009380607
6a6e4c4a,0.0010410432
3bc9654f,0.0009330618
c4c59b4c,0.0066060703
5063cbc7,0.0008971021
42665da5,0.00086635654
f61f6b2c,0.000902111
865f9d4c,0.0008735824
006e3d8b,0.006757991
dd36b137,0.0010629796
83334768,0.0008726973
00cece65,0.0008617435
af108e84,0.0009905815
ebeaa0ef,0.0025572267
91f534aa,0.00088504475
9f882bfe,0.0008724532
5630384a,0.0009604814
06f996cb,0.0008628963
af638184,0.00092093425
acac3ee3,0.0030111163
cd506af0,0.00088706333
f8403508,0.00090363534
ab424f6f,0.0008772906
e342c756,0.00092317886
fe657475,0.0009289591
a8065b40,0.00088573736
debf983b,0.0009590174
1a36c90b,0.0008811497
beddbaa1,0.0010659382
516a88bf,0.0009135403
d7f03e44,0.0009522657
36432aa8,0.00091230246
a4163728,0.0010704634
4091d5b6,0.0011171014
5c537447,0.0011127663
943e501b,0.00090134155
6152c4ce,0.00088087854
ed10ce33,0.0022103817
e4a93d8c,0.0008706042
5fc157b8,0.0008763402
29c03fd3,0.00086413097
28de353f,0.6554446
2c09890a,0.0008792995
1f226d99,0.0008868157
3c2ecf27,0.0019641959
0f6c6895,0.000911699
66a92367,0.00089120865
9180be5c,0.00085863954
a1772936,0.0008902725
b2bbd07e,0.00089598517
3992fe65,0.00091139285
e6659175,0.0009319565
731d62a7,0.0008894993
bbc3c238,0.0008731331
1f085f63,0.0008924153
8113e773,0.020899348
98341ff7,0.00088817644
41504bc2,0.0008644599
34d6e3d6,0.0008902453
2e6e2975,0.0010792861
77db93d6,0.00090254
bf58a3c4,0.00444553
54e92a2e,0.0010842264
cd7a28e9,0.0008580736
0b4c5a2c,0.0009220308
64382c5a,0.000920318
80526df9,0.00086799497
126561c7,0.00090130925
ca0c861a,0.00095747993
16c06c88,0.0008964557
2f2b058e,0.0008802971
0a5fb48a,0.00086257653
7cbbebaf,0.00087874715
a991fa93,0.020354135
05ba022e,0.0009220352
eac3d0c4,0.0013142244
d1c406c3,0.001322048
6faac1be,0.0008933767
55fd6f9f,0.00094150665
9535f77e,0.00086593564
5896cd79,0.0008838628
1f4128e6,0.001116439
69b47c5c,0.00084988924
e3809d21,0.0008959553
cfde4866,0.00086529634
2e8b6ba9,0.0016151436
1a4eaee2,0.00086227653
849ffd4f,0.0009882409
a88683de,0.0010146459
bbbb4de1,0.0010966482
052218ff,0.0014679444
78e3c5b4,0.0012105188
1d26a5e2,0.00089757756
8f7b7b27,0.00084539846
f0c51a2f,0.000905488
532ccfd6,0.0008802635
1d1ca621,0.0014047815
5705a5c1,0.00086999644
2793825a,0.0009766374
8703b9ea,0.0008671899
5a3accf2,0.00091236684
912001f1,0.0011276826
79c0b7c4,0.0008727264
524a0a0b,0.0008648101
92bec9bc,0.00088613795
a9c16183,0.00087946287
2a72f1ce,0.00093047204
98f2a4ec,0.0010676607
ee7ca5ed,0.0009477315
a95c1a5d,0.00091359636
5eb4d3be,0.0008652074
83f0cb8c,0.0008682349
43361127,0.0009882879
bb7ea8a5,0.0032569866
140288a1,0.0008471419
c1a2f925,0.0008497439
d93fd0e5,0.0008675032
d5f0537e,0.0010555681
66de12aa,0.0010157949
a68166fa,0.0014363744
23786af8,0.023811243
bf621329,0.00085954566
44d6f5b8,0.0009259352
b38a25cc,0.0008776075
77a25584,0.0009932648
4ed3880c,0.00087052747
3d6b0e54,0.00085153565
62747142,0.00087381224
9577a5b1,0.000859292
636161dc,0.00085486396
4fe4f5b5,0.0030674357
34aeda4a,0.0017938303
09422680,0.0008683169
b0eba02f,0.0008789248
f72bd768,0.00087030476
a00c8dd0,0.0008515234
471d3f3e,0.00085577095
00aed6d7,0.0009273982
47058c37,0.0008896951
7d74b005,0.0010536863
e287bb00,0.00084979885
8a5b4119,0.00092549506
117a0309,0.000851984
13328d70,0.0011368088
f11aae89,0.0046716924
d1dd3354,0.0008650507
ae288f60,0.0008994314
15f500a2,0.0009921654
9c55e53b,0.0008688892
4d41bafe,0.015370825
6896a303,0.030612586
be0705ee,0.00088796363
cec33d50,0.00087917375
e2047d73,0.0008535075
2ad20341,0.0012962939
3db2dd81,0.00087004784
825f1474,0.08496685
4f13f3a4,0.0011670236
85d305a9,0.0008742332
e5e6f1d3,0.0011022153
cf87e12a,0.00085073017
cf120a6d,0.00085010024
68233122,0.0009574654
3d9fcf49,0.0011997758
0552ad31,0.0008846051
97214bf6,0.0019052958
9901b1db,0.0008928908
0a155f69,0.0008834767
c3cc0615,0.001116628
7c3e3af2,0.00084410293
89891b3b,0.0025492327
b64cabfd,0.00094368483
ec030d4a,0.0017886246
2eb9da34,0.00090434594
900168c5,0.001597701
7fb0c0c9,0.0012574281
60552671,0.00088564033
52334ef7,0.001024506
6c5dd762,0.0011152879
fe65ba64,0.9896004
0b1965da,0.00089479424
1fabf1ca,0.00086227944
0c444b8c,0.0009381411
d4b5dc53,0.0008584792
fe0daf6a,0.00092542986
cc8c1409,0.0030214593
3c967576,0.0008636457
4fd629ef,0.0009769516
14708108,0.013570981
01643af5,0.0020337745
66c4efc9,0.0009317962
2a106229,0.0008815653
b7d37275,0.0009203194
67ab3e7d,0.00086893106
b41e5b31,0.0010191994
7a6aa0e5,0.0017160092
3d5388c8,0.0008613856
dfd21c53,0.0008695571
b798501e,0.00088224356
063483b4,0.010974871
e6a7cfb1,0.0009354812
eb5e6d77,0.0009925399
a071ad10,0.0008598513
ca9f7ae3,0.0008782872
e9961e82,0.00086188474
11b66bf2,0.0008583896
f71e6535,0.0107501205
47456a32,0.00085245416
327d7b96,0.0012326245
39b1cbba,0.0009844581
aa6f6b5b,0.001369904
0b8e5f19,0.0009139864
1b9149f5,0.0015943728
f7159663,0.00085683214
0038e2d1,0.0012271965
e73a5aa2,0.0008701142
f0403743,0.002239553
32b10749,0.0010547463
0748e17c,0.00089856546
4c46456b,0.0010114054
a6f83923,0.1588611
b0eecdbc,0.0009771236
910d0390,0.0008497447
a6d257d4,0.0010578079
8543401e,0.00085366576
95caeb2d,0.0008805198
b3e6a1ac,0.0017105142
1675b213,0.0008564003
6d5a6033,0.00087701273
014240ad,0.00084658747
446b1f25,0.00139047
116c3577,0.00089988834
4715f093,0.000862072
c1e2ec52,0.00086810335
f1566575,0.00084667956
2104e3ec,0.00087368314
e6bbfae7,0.0008464645
ecfae62c,0.0009198092
7dece5b8,0.0008900512
b0dc95dc,0.0062354235
026e9cbc,0.012666709
fbab83ad,0.0008595937
87dbbedc,0.0012023848
97aa6fbf,0.00089222786
67cd7355,0.0017957739
812ff693,0.0012441458
d90a80c2,0.0011561556
7cfd6b07,0.0008497131
f3d1ed62,0.0008797948
9c4550f7,0.0021520108
79b77c0b,0.0008928899
d2bb662e,0.00092411257
3e4d8685,0.001138675
421c8d9b,0.00087230856
76d3f0ea,0.0010789385
b0690f26,0.0012591856
5c3b2b96,0.0010041757
916d1565,0.00088392606
c8b8f999,0.0009755219
303e2840,0.00085308513
36e0fb4e,0.009532524
844c13ce,0.0008837158
f760c50a,0.0011276079
93d1f368,0.0008863503
196bc73b,0.000874696
0f8f6459,0.0022720245
87268dfa,0.0008951047
d7f57c60,0.0030608508
401d1999,0.00092965417
0e147ccb,0.00088943617
fda66cbb,0.00262534
8eb71941,0.00086211355
0a2412df,0.003130781
73c8f69b,0.00087456516
68fa6625,0.0010142139
70c2f445,0.0008753097
22461df2,0.0008538878
a28fd95e,0.03057029
24351553,0.0011672432
27bbdc62,0.0008790875
350e26ff,0.00084971107
8d674f56,0.00093759684
7cf23840,0.007893744
62575e40,0.0008877457
4b70361f,0.0019120697
698ba926,0.00089624827
d7ae0054,0.0012688749
cc664bff,0.00086744153
e2e86a27,0.0009786688
fdf7ed1f,0.0008503583
376adedc,0.0009063706
478f3025,0.0009465178
9a0e5a26,0.0008592743
e9340730,0.0008437784
862c0e2c,0.0008503688
81dde7fe,0.001508344
c3678bfc,0.0008577384
d0e4f4f0,0.0026265676
b9136063,0.0008614837
3c16a755,0.0008640437
ada3b0df,0.00087260664
f289d122,0.0008486009
a2a74d4f,0.0018599905
8edb5525,0.00086219364
48755eaa,0.0012255103
577ef1e9,0.0008797973
aa19f874,0.017681986
1ec620bd,0.00088242383
faaace61,0.012365882
3bcab322,0.0019062319
770377fc,0.77506673
b2114836,0.0009224535
688b897c,0.00086375925
f2f88638,0.00085932086
9a8a9286,0.00086723943
f517029a,0.0008703546
c4a8ae7b,0.0799291
a67ff429,0.001251982
66b78bb8,0.004726669
48cd6c58,0.0008774968
611d8f62,0.0049198275
c2b9c0b8,0.0009796821
7707f58d,0.001031649
4dd3a4d9,0.0016727836
1e1a964a,0.00088086096
04e1fa1d,0.00097337126
09435a99,0.0012954026
eebab96a,0.0009629866
c4e65092,0.0014758349
518eaab1,0.00087997253
8a7aee81,0.00086375425
679aef7d,0.00084835227
d1213866,0.0009030982
14d9ed2c,0.00088452623
f0902422,0.00087310345
2fa3d42f,0.00087835785
d02fce28,0.0009205588
38f568ef,0.00086192414
ac01b6f2,0.00089988875
bde4ef29,0.0022723987
e303844b,0.0008486782
fdc4d47d,0.0014770033
8446f247,0.0009448734
4f90b58e,0.00087556615
226ff1f7,0.0008555011
847d7faa,0.0008986903
7881c12a,0.00092868746
f4024120,0.0008962264
ff892553,0.00089646
75307135,0.0008506759
5db3cd56,0.00091206393
9e89e440,0.0008655809
e7de1593,0.0009667134
efbf2a48,0.0008774457
3a4e9771,0.0008491672
5838e788,0.0008660148
9f2842dd,0.0009415932
539b716f,0.00084816763
55208ec5,0.001119284
685cf9cc,0.00094146124
19750582,0.0013482042
dbe7523d,0.0011352658
b1b121c3,0.0019779755
10f3532b,0.0014465069
965ab1ff,0.000886951
bb43a21b,0.0023444013
9cbfb223,0.0009786247
de90194d,0.001095249
80087f2d,0.0011728219
d3c171cd,0.0009756535
fe3362e2,0.00085143343
c67c7d7a,0.005043732
5749257a,0.00086715096
164e61d0,0.00086833094
689272ff,0.0008539253
e71c53e2,0.0008603504
74c5c9a9,0.0010543449
0ce04bb5,0.0008543835
3d0c0809,0.00094383146
5c89b071,0.01284233
7d8b4b7e,0.00086509273
a1502906,0.0008648159
bd7140c6,0.000871599
772fa964,0.0010918758
ad81a9b1,0.001028448
9f97ef87,0.009578131
e6ea1117,0.0013046173
3760f15a,0.0008599553
6cb0b8e0,0.0009376416
c9561c62,0.0011482838
74af7eba,0.0017711822
2a50c22a,0.0019361363
ad88fde9,0.0010885327
d1fb089b,0.0008762166
533ee728,0.0008630126
c78d6ecb,0.0008608973
aab2e873,0.00086162443
77192372,0.0012701204
2ed368be,0.0008610705
60f63e38,0.0011892199
9fa3938e,0.000845919
b30ed655,0.0008822524
72e5c8df,0.00088258914
317b1534,0.00088555855
98142eef,0.0008576208
31b2437b,0.011014356
dd20f684,0.00089324894
f8ab6792,0.0009968338
eef76519,0.00087001204
d5b81f51,0.00087030145
ab6d2c5b,0.0008548199
f6be2463,0.0008951575
72dd76cc,0.0025126499
817a453a,0.0008507691
5d4c3a69,0.0008510461
b6054526,0.00087855756
a29871b6,0.0017833826
86d813b3,0.0008760122
1ad41caa,0.0008748502
da091a3f,0.0008719683
2f5e0487,0.00088625995
e0555baf,0.0017662941
1489be6d,0.00091802527
8b557760,0.0009688867
fd6b6cb1,0.0010493967
e02a5e3c,0.0014292853
fc180ddd,0.0008569444
d7bee6d9,0.00086759654
7b5a9cbf,0.0012735765
d5a789f2,0.0017488094
5ffbca9a,0.0008898668
6e428b46,0.0008604086
10c07bf8,0.0026247217
fea96485,0.0009567214
c702ef53,0.0009353337
db8b476b,0.00083968864
659e07bb,0.0008681439
a76a6b61,0.00087109086
05aeadea,0.00086736016
c0b3e7aa,0.00085943966
d0d5fede,0.0012463692
caccb98e,0.0011028931
abbb5483,0.0009065856
0c98305c,0.0010508097
0f169919,0.85456085
771a7c96,0.00087078766
bb16e5bf,0.0008609871
2e233a38,0.33812985
8b19650a,0.0008431603
210f0cf6,0.0008717685
ddb126fe,0.00087555323
60af0d27,0.0009579805
4da8ef59,0.00084952894
001a4a31,0.00096181844
290f0c4b,0.0008893175
304ead61,0.001059915
dfea5568,0.00086082437
fbf31585,0.0011644912
a242cc7a,0.00086424913
d1b651dc,0.0008514569
427b3ec0,0.0012190349
df39bc17,0.0010002251
aaa69169,0.0015561375
bca2d2fa,0.0009033495
2989be14,0.0008532819
a09e984c,0.0010939082
ceafde35,0.0009180103
ef217ece,0.0016635242
fde2c2ad,0.00094541814
93abb9c5,0.0008844225
bc843321,0.0008550794
bf61db68,0.00086838467
444e9991,0.0008789779
7a6df999,0.00085385283
230d3c6a,0.0008803189
55104732,0.0019846682
a10a776c,0.00102929
957957a9,0.0008481749
edd79347,0.0011366236
ef8a131f,0.00088013936
27682ed0,0.0010681485
8ba9d9c4,0.0060872077
859ad212,0.0016468092
e2a11155,0.000867016
ca4dd048,0.0019454041
46b31e9c,0.0011233719
a3abcb2e,0.0008734335
f64e09c8,0.00085821346
74283684,0.0008723451
e7f7b004,0.0013472633
a7de5277,0.0008854804
71092ef2,0.000930606
afbf1481,0.0009154271
af716b92,0.08943971
8bcad31e,0.0024356076
75410a51,0.00092556485
e85e2ec9,0.00085761386
d8cfaa2e,0.002877883
ca9e4e87,0.15191196
7e1a6c7e,0.0008901232
c7406234,0.00087224087
8b43efd2,0.0008539155
9dc264b0,0.000864899
cdbc1e96,0.00088288094
af082f2f,0.001568498
f465315f,0.0008711195
8c8b6a9d,0.0008769848
28c8174f,0.00086612126
5b7abf7d,0.00088363927
82140c91,0.00084757345
dbf6be38,0.00086589105
5561b3df,0.0010661392
47db4f3c,0.6163523
275a9b38,0.00086929364
675deb73,0.0008533701
f50b09c3,0.0009613613
a1991197,0.00086367864
dee671d5,0.0008770331
acd135a7,0.00087169575
ac880f7a,0.003974578
2468528e,0.0008528998
d4b2d39f,0.0008622446
0d798cb2,0.0009010191
36c7cf81,0.0008664309
f9d6cf4e,0.0008577654
348e0612,0.0009119414
4e4c7667,0.00085935084
9a222fe1,0.02951303
fcd4c6bc,0.00089496956
92f1f490,0.028333956
db0b569d,0.0008711157
144c31e4,0.004508525
1622c3a4,0.0008935291
ccd8b2bd,0.00084995275
2861b4c1,0.0008547271
9f389a45,0.00088919164
1a7f284a,0.0008721453
05f943cd,0.1887563
05507841,0.003448458
1166ef3b,0.00086533267
9d36041d,0.0013584665
4b4a37e1,0.000847361
b8c719f3,0.0008840469
1fe6b414,0.0008745902
bab2715c,0.0008498783
c7cc9be6,0.013098617
cb5b56d5,0.0010287102
50450a77,0.00088088185
cb1e4087,0.0009081141
37dc5cdf,0.0021886388
450bd0f5,0.0010212385
800ce519,0.0026776486
1b5b9f1e,0.00087382545
6a8d2d1f,0.00097266305
a7478d79,0.00091346184
16cfdfec,0.00086000987
d74c8422,0.0022297346
28a9dd1b,0.0013925465
8e3ca6a8,0.0008520997
9d0592a8,0.0008567778
bd7f7178,0.0008929881
eaef0ec0,0.0008542996
3229a6ca,0.0010526648
4495ef02,0.0040788683
40ea3347,0.0009412344
12e73277,0.003645185
92b55ac7,0.0008517003
25bbd5ee,0.0030806637
0dc72d67,0.00086230284
bf652d62,0.0008550716
79bf94b6,0.00085213425
5462ec96,0.00088556187
9cfc9c54,0.0008945922
aa892fa9,0.00087407156
e2f38402,0.00086884527
32f0c737,0.0011529663
08f6feab,0.0008561829
54c5c0cc,0.010125496
e18f77bd,0.00086356956
54e09643,0.0010929971
22504ae7,0.00088205026
c08f28e3,0.00084926107
07c6cebb,0.00088389986
672e1b58,0.00088441913
2a0f50a5,0.0008813143
a4e8756a,0.058290914
c1681fee,0.00087888486
4051b1a7,0.00094074797
cb6b362e,0.00086564186
b463c211,0.0008561519
5151ddd9,0.00089387945
c5111b4b,0.00085646845
0db4d664,0.00094553217
303f7e5d,0.0008558541
a87a0e28,0.0008686164
39e8b3fb,0.0008646601
4f2c50c6,0.8307046
78d078e6,0.0008772359
f25524d0,0.0009228342
04560773,0.0009628545
28cd717b,0.00085575716
a6bb82be,0.0008624175
50773559,0.00085087656
56b9c8b9,0.0008678363
8dd5ad4b,0.0008430507
1e9e65a8,0.00088259886
9045f9a7,0.00086908956
f3a8e969,0.0008607883
116a6ed4,0.0008936053
7326bb26,0.0009055855
830cd233,0.00091172766
feaeb503,0.00090810104
cc39ad81,0.0008639103
57c6cbdc,0.0010189383
29094268,0.012835622
04ac7020,0.0009528447
a6d806ce,0.00085393747
510da9b4,0.00094443327
72d3eabb,0.0016896478
72dc3f31,0.00091580104
4ab2921b,0.0010613706
ea13ac79,0.00092913
13ea9eb4,0.00089508714
41ae7c98,0.00086204574
fcd35931,0.24748059
b69b26a8,0.00086134946
3c216fc7,0.00086859736
320a8436,0.0009258721
ba2eb3f6,0.32209134
00f23567,0.00091381924
0e4d7333,0.0008757906
65404f9a,0.0008683909
e9f3faea,0.0010520222
148c9b6e,0.00090777845
cf495630,0.0008943689
9d2a9138,0.0011256557
49e816c7,0.0012230324
adb9ad79,0.0009123238
a463c80f,0.0014169471
2cec94c4,0.0008626185
4bbddeba,0.000860455
1b33dc07,0.034625374
f5e3fceb,0.00086135394
1c82c68d,0.0041521383
6df062ef,0.0010060555
01e65725,0.0012984921
60d18a15,0.64832395
dedc52ac,0.000860052
6a1464cd,0.00090215175
059065f7,0.000858674
7e3ea6cb,0.0013251002
c4522650,0.0010543666
0c84a8d6,0.00092586287
953db43a,0.003142164
a73cfcc3,0.00095858035
082e7551,0.0011235398
fc5ef9fc,0.00086121523
9d923a1b,0.0008711826
f6ed51ed,0.000881342
db53d34f,0.0023062783
79e0987c,0.0020206172
05649928,0.0012438544
2fd01f9c,0.000959884
6c88e20d,0.0008682954
95e51812,0.000904196
fa5b32c3,0.0008495233
24341d6a,0.6960173
d27958e1,0.00094278087
8757e7a0,0.0009224552
dfaf3d7f,0.00090126815
062ff5e1,0.0023059763
32632cc1,0.000881851
f43ea8c3,0.00093039364
5a5d41f3,0.0010853021
d2258963,0.00087333977
3e31b417,0.0010501137
af65cbb9,0.0009593323
c6b431ba,0.000855363
3a674824,0.00088293734
fbaf5d83,0.00091908243
2227de18,0.0008573291
16b4dade,0.0037111437
25803b92,0.00085222715
53aceb60,0.0014859501
4714d6a9,0.000948793
463202cc,0.000889473
ce2cbd36,0.0008704483
e6c80fcd,0.007775178
d67939c8,0.0008915586
9cc345f9,0.0008931034
765aa483,0.00090468983
59643216,0.00089390454
8bd8113f,0.0008728743
36edf300,0.0008623176
2946da63,0.00085299806
426a9f2d,0.0048283907
fc83b3d1,0.0008588994
c418a54a,0.0008634811
d35b3560,0.00096712925
be3e715d,0.0018857969
8cf516c3,0.0010804792
f6fe37e8,0.0009381089
79a3f77e,0.0008609088
80d210f2,0.037157882
3b3c0b91,0.0010373723
c3302bb5,0.0009622377
f2fea3f8,0.0041846796
34f63a3b,0.09902398
17e9dabf,0.000850261
f8fd8608,0.00086868845
2190eb95,0.00085456745
f031e759,0.007225016
ae3ea158,0.0009532643
846b5337,0.00088688516
e4bd26a1,0.0008837285
c2b9e8a6,0.00087140355
be9a9420,0.00085930823
f6fa4e6f,0.00087698345
2b72cef2,0.0009123846
40c79d56,0.0008693003
95302364,0.0059584924
03c481dd,0.004480719
8a3052f8,0.00087778474
2e5ab3bf,0.0008691024
6321cc8b,0.00089444645
94110b97,0.0009997479
1f10b19f,0.0009644374
5456d51e,0.0014768266
2976eabf,0.000871088
fe9f6289,0.0008611279
580c22cf,0.0012130569
2be8890b,0.0015872712
efdbdff1,0.00086618494
91d67ba5,0.011813498
0902d93d,0.016638868
570aadf9,0.0009669584
4bdd22ce,0.00085497915
eb309743,0.0009177197
c4277022,0.0008645414
f0bb4233,0.00085353805
f45fc99c,0.00093745487
aaf3d94f,0.016703013
99618fcb,0.00085414294
0ca6e010,0.40154618
de91e3fc,0.0008781596
e0ca4ee0,0.000856991
e04e74ed,0.0008882635
63713b68,0.0008686064
8b1a4924,0.00085144467
53e28c18,0.0008783914
03a95ac4,0.0010770173
93952144,0.0008790474
15ae5d96,0.00089174556
8967f5c1,0.0008602324
28d14a36,0.6769672
3feb0ceb,0.00093135907
b8c825c7,0.001974133
e2180000,0.0010765591
1834ec48,0.001996994
fd56f4e6,0.0010674786
827aa818,0.0013961743
0817b561,0.007148073
faf83fe9,0.00084609556
94768709,0.0009025538
7ba20d37,0.0010310127
34b3595a,0.0043129185
c197d0f7,0.00085630285
ed585785,0.0013021377
9be088e7,0.0009304947
ec19ade6,0.0010541673
a30150e0,0.0011187082
ea5a2937,0.018838417
0d4c8d86,0.0009932946
dc90f862,0.0008672155
cba82f19,0.00085939345
a440456b,0.00085695577
eae1071a,0.0008667289
0fe02c77,0.00343836
4909ba8c,0.0008670081
f191b1f3,0.0008726208
6dc8c9cc,0.0014406685
af8bfcd2,0.00096381677
b6b235c8,0.00095847395
40b3e499,0.0008675423
6a43b4a7,0.0008631529
50a3411b,0.0011897059
aefa8503,0.0008642219
54667f86,0.00087488483
efe8f63c,0.010388961
10da49d3,0.00089882576
086c676a,0.0008797747
afee77d6,0.00085482886
4738b53e,0.0010993624
20e19177,0.0008828721
4d3c946a,0.0010108944
1cf3e0ec,0.0023993843
c408bda0,0.0008847716
022abf8e,0.0008432503
b280bc3a,0.0037760178
897e99cf,0.0009842606
d462efce,0.00086827046
2fff90a8,0.00086529355
44581dc8,0.00087585195
f8185c60,0.01954123
20624df9,0.0008699292
d6496770,0.0009425258
39c5e86c,0.0008715878
4c12519c,0.0009216931
d187de57,0.015410423
cdd39ac8,0.00098403
293e5653,0.000879235
d6df68c3,0.0008987967
1cb6f3de,0.0021597482
9dd08090,0.0008743277
bc85ea21,0.0008561201
ea5e743c,0.0009350383
338ecd8b,0.00091488904
4b4553a5,0.00088633335
2e53cc44,0.005497452
21c872c6,0.0008910512
7f8f82c4,0.0008901393
a1a80714,0.00087082497
385b079b,0.00090926135
a28c6041,0.00092165486
d4d8a929,0.0011460062
fe75ab09,0.00097159145
c8fb5044,0.001249425
29f12f57,0.0035336306
f2641d45,0.0009402408
2db560d0,0.0008817519
ccc1e9c0,0.00088584033
71d5e236,0.00086740224
dc0f9a96,0.0012768717
3dbde7f7,0.03861537
e643f359,0.00091633113
f35496b6,0.0013885201
c0381cc3,0.0008725409
092c1141,0.00088709727
adbb5961,0.00085796975
c63c3a18,0.0056409426
cf7e2f6e,0.0036886642
0092651b,0.00092420017
b04585d6,0.0012148874
7e5d012e,0.0010692134
7a76a38c,0.00091260386
51a75ef3,0.00086781854
56c8272d,0.00087934814
11289c50,0.0010071838
68e8d021,0.0014134558
a8889e74,0.0008587918
ab9bd0e9,0.0008574459
ef7b45e9,0.5689198
314a5dcb,0.0008702663
5076c8ef,0.6738475
b30eb2b6,0.0015035642
7ea73743,0.0025745
daaa4d22,0.0008818002
96d55967,0.0009046389
29a72a10,0.00087842444
858d51d6,0.0020710002
a01ff488,0.03186121
0c11f668,0.00088388094
fae4df9f,0.0009044666
f52b72ec,0.0013024936
443ecd45,0.00091051403
224c1ffd,0.0010465034
1ac640d9,0.0008743582
fcfac587,0.0008600631
db4e4883,0.0008809607
e9206a8f,0.0009138301
633a1625,0.0020305463
46a7f9e5,0.00087795255
5e329179,0.0037336142
3e4d2b14,0.002138598
3206ac36,0.0011090032
4ac5d820,0.000869906
74fae5b3,0.0018500658
75c0712d,0.0008775711
71fb3597,0.000885366
251304f0,0.0008949298
4734c9fc,0.0069141407
c27c6bc8,0.0012713197
ba51384a,0.0014800809
8c32e65a,0.0009541107
8ccf2d78,0.0024216266
1c545007,0.0009072933
22d0bb6f,0.0008601693
ad7a8b8b,0.00086028065
c68b7540,0.00090879184
cbcf376f,0.010463363
fc2fdc3b,0.0008754239
c61b52f0,0.0012193304
96043deb,0.0009300715
3381cc65,0.0008644191
d5d362ef,0.00089830434
caa99a10,0.0009100344
30b0ce25,0.00094195304
11fdfe6e,0.00091327354
486f73f9,0.9980427
4eb744ae,0.0009591309
9d2888a9,0.000895596
592dfa51,0.001571169
6846dfca,0.0008736273
32258e03,0.0016737554
c3db764c,0.00093885284
2397e82b,0.0008639741
72dbc61e,0.0046259575
4a2db6de,0.0008827329
6aa58a5d,0.0042734724
8ee4cf29,0.00088597834
063cae46,0.0008689566
7a0da506,0.013758682
4c508368,0.0008766276
9d9012c7,0.0008986202
c12d5a9e,0.00093202124
c7c7ac3c,0.10471901
b7fdce76,0.0009100925
efb551e7,0.00091738737
a0fc3490,0.0008831022
c89caf33,0.0008652621
bba280f4,0.0051618563
acc2fcfa,0.0013450966
8cf961f5,0.00088033197
66757f70,0.0013274944
c971c4b7,0.0008857956
fe30c7b5,0.0008756947
c26a2fcc,0.005606888
6726be56,0.0008977247
e28e4e51,0.0010258119
e7dab2cd,0.00087504694
fa9a08fd,0.000937546
b1c5c3c5,0.00085054705
dc3a405d,0.009949807
393639bb,0.1389785
431c2672,0.00094277813
7adbda00,0.0011996136
22a87c62,0.001407006
4d1d5f34,0.0010316245
0c7e7556,0.0008742373
8af67915,0.0008518724
d58f47f1,0.0011383573
639184b7,0.0008732762
ed50a498,0.0010240122
a8940eae,0.00090343435
931471be,0.000869232
da53c0c5,0.0008584183
a6f69bd5,0.0009860758
fcb3d3e3,0.0018676613
c2496768,0.0008969047
8b43341b,0.00087032974
2d114889,0.0028711422
33983be8,0.0009497934
1ae263e0,0.0008552529
89d7e8b3,0.0008973873
fbac10d3,0.00089892506
1b79a31a,0.002413462
67b7bfc2,0.0008813151
ead9055e,0.0035156836
bf12cc09,0.0008746427
d4595bd6,0.0009017921
358ff7ea,0.003121348
e27ab588,0.007255046
65c5a083,0.12469363
640f44e3,0.0008590626
e05b81f9,0.00088435685
43d6d276,0.00091050356
cb4285d2,0.9954987
d15c98e3,0.0009086568
beb0163b,0.0009469602
09aea29b,0.00089309405
eb427d5a,0.0009263923
e2da0856,0.0011895894
efa4115d,0.00087935815
7e9550f6,0.00090287277
5602f30e,0.00088008784
5e07edc4,0.0009971623
e04d5a85,0.0008736157
a8f9977c,0.0016824115
977ca53b,0.0008980322
43c18c95,0.00091199705
93b6dcca,0.0008754156
24e54670,0.0008902542
73ef34a0,0.0008624384
e045e6d5,0.0008836321
ffa01251,0.0009077266
0b13c106,0.0008684881
063066a5,0.476006
31ffd198,0.0009070202
8a155937,0.00090001523
ee81528a,0.0009522621
f8131714,0.002753563
84ec5a9a,0.0013764441
eb57f56a,0.00087023026
1ebf5a6a,0.0008603611
8233e5a3,0.000994754
1a827586,0.0008653945
20c111ef,0.0008627561
d2e1cb9c,0.0009119414
a9b1cb60,0.00088465767
a6dd41b3,0.0008628745
9e82af3a,0.0009880892
fc60d56b,0.0010811146
72a1dcbe,0.0010235527
ec969a3a,0.0011173513
05d2e829,0.0011044904
10abbfd0,0.00089566904
bc4c3353,0.0008586363
3b9ca38e,0.97950375
4975d801,0.0009159354
cd9df4d3,0.0008926883
3e1a3a6a,0.000890858
305fafd1,0.15912193
775346c5,0.0012762201
077e1146,0.0009479952
038dbdbc,0.00090555655
82d98d4d,0.83082175
6b68421f,0.00087625295
ce40b19f,0.00086120743
f07c25ec,0.0008681787
3831c40e,0.00094174757
e2c2b9e8,0.0013004415
6de31b1d,0.001830454
6d5e88e1,0.0008606128
2e2a5334,0.0008658428
10dbe433,0.00086188805
d7d26583,0.0019054408
96a5b1ba,0.00092521304
aeb8d5eb,0.00091258204
967ad0c9,0.0008964617
1edcb4bd,0.003052392
dcf85b56,0.0050390367
2a2628fd,0.0015362208
36155e1d,0.014147791
35eb64df,0.0015120065
aafbd07b,0.43223524
a86fed89,0.0023916287
efe1f133,0.0010177898
757ce4d5,0.0010692884
38adf8f6,0.00088385306
bf281e96,0.00090184284
294190fe,0.014811645
6a95f104,0.00089963723
c74bb8b4,0.0008705553
d46f8dd3,0.001129854
3db28e34,0.0034918825
ec35b05e,0.0009091522
e4d47492,0.0008807963
2ca7090d,0.0009879218
8c7536e1,0.0008710333
cc06e5de,0.0009295599
cf0af105,0.0008662252
ed77f4b7,0.0027936965
ddb14eca,0.00089517114
bc571e4a,0.0038593432
09808ba3,0.0008978628
41095e4e,0.00094842655
c16ea210,0.002124044
684527a9,0.0008733764
8c05b49d,0.00087375054
d0f93a58,0.0009079669
64f718d2,0.0013629625
1a300dd3,0.0009078295
ad67dd05,0.0008916707
b5002b99,0.001039819
25fc4ece,0.0009471128
d28a3c6b,0.0009502921
84f9d127,0.0009032889
8fa5a38f,0.0010810117
08a1303b,0.0011423043
5d207712,0.0008826437
8d7ccce7,0.006939295
3fbdc6d4,0.0019928038
0d6ed891,0.12178515
a2f1385c,0.0032349636
19e2aaf1,0.06405052
4236b5d1,0.00086293125
ef110949,0.000996098
536b6857,0.0010069112
5b141b0b,0.00092950277
0b405a2e,0.00086261437
ef5e65c1,0.0008932558
8cf7476d,0.00091082725
514b12d8,0.006016121
f7ff17c2,0.00086887757
29d67770,0.00089762406
0190e3bd,0.00088553317
951b7786,0.0009051804
2e71c051,0.0015505363
aec09043,0.000900557
0d0fae12,0.0008751691
78845e3a,0.001163556
e0341333,0.0008898857
7762f8ea,0.032788258
169e925d,0.8285446
8c008705,0.0011086899
75a8f47e,0.0008588081
727b37ac,0.00094940065
7f9f8ad9,0.0009696078
d839b349,0.00087109546
f03f0796,0.0008824075
e761a662,0.0008844504
3b889c6c,0.0008961697
123cbfa2,0.00086592074
a16a29a4,0.00087884086
24187331,0.0011172347
7fa7b343,0.00086690165
e18e6869,0.0010813227
c6f786c9,0.0008869476
831bb13b,0.0008647812
fce052c8,0.000900433
479ebb64,0.0014526458
00c96468,0.000866175
f90516cd,0.0010107702
22e1add4,0.00089387223
c568c399,0.0009146698
d802b8db,0.00091518555
4007d7e2,0.0035466144
b4850355,0.45446128
6ca1bdfd,0.0013222011
cdb35383,0.0008721154
ba5f96f2,0.0008992844
905d9173,0.0009025081
3f084128,0.0008898273
36ef1449,0.002674705
69aa309b,0.00087509706
e447d8a0,0.0008740953
cae040c6,0.00089656503
5ae2b2b9,0.00093476934
e0f62bda,0.00087466015
0e676990,0.0013501947
37794c3f,0.00086489244
831704d4,0.0011431223
02479505,0.0011455346
77f775d7,0.00092499785
abb291a3,0.005731366
00f71277,0.0008588343
d00580a7,0.0008891959
07c207cb,0.0008792978
b9097194,0.0049772966
c329f14c,0.0520841
96da6aa6,0.00087108003
bac5c811,0.0013599116
68f839a8,0.00088870287
6fc3ec37,0.0016164653
1b3064a3,0.0010700383
8c4e9e61,0.00087087473
da79e46f,0.0008744226
7e14f7eb,0.0011103908
2b079885,0.0009397192
6ad420f8,0.031956244
dc767617,0.000944746
53c2aa01,0.0010232213
97a3af4f,0.00090638443
7f47debb,0.0012414509
caf09fe2,0.00088231586
f778942f,0.00087351544
1b3b2bed,0.00085435173
cf0b449d,0.0009620778
1b99a06c,0.00092352636
57a70c3d,0.000951101
4b3ff98b,0.0008726456
3bbb5ffd,0.00090409786
47121bce,0.0013696346
e85b8cf6,0.0009656386
afe6900f,0.0010630237
b47e7000,0.0008694876
d20b5fdf,0.0009030535
6875ef0b,0.0010601656
c696cfb1,0.0008613036
636b7b64,0.0009171968
27550374,0.00089890196
e33a797c,0.0010283133
219d6e16,0.00092801877
b959865c,0.002595066
a46b2629,0.008763074
ec041b33,0.00091798016
a4c3f3c8,0.0008639214
dea39886,0.0010441387
684f2c70,0.00089049817
14a3ab3d,0.0018701908
f23994c4,0.0008608294
257b3876,0.0009938201
5a752b9c,0.002395363
471b4cfc,0.0029322542
2aa5c46b,0.0013230318
f1635962,0.00088510296
040147e2,0.0008819216
4b8612f3,0.00090169115
78e9f736,0.0009205938
d0edd8ee,0.0008841412
5c7453db,0.001553134
0ff708e8,0.001497764
1acbdafd,0.001152094
19e22ca0,0.0009972141
f4c2d939,0.0009249698
ed9a3796,0.15064391
99cb484b,0.0009136295
f5ef23e3,0.0016914392
d6835a41,0.0015029601
46d2f9d7,0.0008514503
99ab7fc2,0.0017625166
33c7be56,0.00086825725
d275d848,0.0009468713
036c8e30,0.0012995247
f633415e,0.00090000924
f7a5b52b,0.0013021426
7e78b18e,0.0008794113
98fb709f,0.0011162854
17bf9174,0.0009302009
ab3e6060,0.0012333791
31f42ced,0.0024707916
b14f778c,0.00086698093
f8283ee5,0.0013332036
acab07df,0.0028603096
88f0b219,0.0013973967
6c7b845e,0.000888951
efd7b5fa,0.00094760687
a824cf4b,0.0035749415
bf5420fe,0.00086544856
26ac418f,0.00091589737
ad31f746,0.0008875999
acc06c8c,0.0009070374
973316d2,0.0008904507
863c63d0,0.00090286805
b1f6c4c4,0.0065062167
fde75107,0.00085878116
1c23f573,0.0014715741
dadcff2b,0.0010166789
ab133376,0.0009839592
ba6cdc64,0.0010651201
68c3ba32,0.000928622
d475d0ba,0.0023679277
2ed79fb5,0.0009008698
38a01568,0.0009352691
8cf5f1e1,0.0037444937
00f984ae,0.007088782
1be9ece2,0.0009056709
308a1dfe,0.0008782128
f8e9d674,0.0009838262
7cdd4754,0.46906507
dfb41dfa,0.0009023448
70bac17f,0.00091234245
6bf54989,0.0010484112
7cdd4305,0.11348174
924d7f5b,0.0033252207
2424d509,0.0009523042
36e7f503,0.00097177335
aa51ba33,0.00095022505
a5ea5cb9,0.00085414416
c673bfc1,0.00093846384
e0bef3f4,0.00087006355
d6c85cef,0.00088677014
a2aec46a,0.00087875593
bd9394a3,0.001155675
e32b7d6a,0.0008930703
ae705011,0.031437963
df007fe3,0.0012856653
e8b5d7db,0.0008757526
080b2ecb,0.001622129
946e0a57,0.0008912622
2027e472,0.00087030354
e8ba7488,0.00093607855
b9d020b0,0.0008683673
20140b99,0.011598165
a410351d,0.0008736078
33fff8bc,0.0025136026
21da9181,0.0008778585
f27cd3e2,0.00085637585
5dda37fd,0.00089929986
a6841a6f,0.00092793163
57bd1886,0.0014627874
adede611,0.00091203954
c014520c,0.0008633626
dc8171e7,0.0008896569
ac9c35ad,0.0008992562
d95ad240,0.0017212091
9a8ad9d9,0.00090183166
de7df78e,0.000941211
0eede4d1,0.00088193925
301cc8ba,0.00085308804
dfeaee79,0.0008622236
fb8a5d27,0.00090975256
c0d89312,0.0009128924
960f6cb5,0.0009244217
2200fb2c,0.0009510783
f4a7b73b,0.0009396019
ad6885ec,0.00088402204
b0c6b9ce,0.010376266
5bd5d9b2,0.0038859453
51086de7,0.00088615227
fd4e9960,0.00097120274
cfacfe52,0.00092526496
8be210b3,0.0044008205
da7d78c4,0.0009453596
191687c8,0.0008778304
5f0fa266,0.0008867029
34dbf181,0.0061871405
ad4db7d4,0.000929586
6fb1bfdf,0.0015076926
2e5b67cd,0.0008730078
b5c1f134,0.000889129
20ac1e6d,0.0010446511
5f63f979,0.00473314
9650715f,0.0036119733
2ef65a4c,0.00088619406
c9d016b7,0.0081545785
4a172a42,0.0010763417
d9091074,0.0008852531
3dd539e1,0.0011709561
84de100f,0.0009259542
8de0436e,0.011343212
a4ac439e,0.4037734
a26be26a,0.00084392884
c7111d43,0.0008711378
839b1076,0.002215639
a4061bcf,0.0009163972
24dc2b8a,0.00091678085
c33a0ea3,0.0013336196
0bb0e36c,0.0008833955
37b47cd6,0.00090006884
27062c0d,0.0009303046
b4f2e2a9,0.000868633
fb0d7910,0.00087357906
ae99fc58,0.0033373225
1bf0eaab,0.00088981504
2dc06a81,0.0009021591
430a1648,0.00086631114
df477b3b,0.0009092674
4465c897,0.0008831072
0c0b5de0,0.00090182474
0521c683,0.0009598219
baea38eb,0.00091759244
c57dadc3,0.0009778808
e480bf8b,0.0023907686
df103fd4,0.00086124527
39efa5af,0.0009167557
50fd4d75,0.0008971004
7bfe6d85,0.03387326
d5410b07,0.8775018
cca3b7f2,0.0008853366
9b8ecd8e,0.00088624895
bde639be,0.0008944648
a9c3c04f,0.0009936013
e377dfdf,0.15310638
da6d9397,0.005171326
194476f8,0.00091293734
b9439600,0.0008910745
e057897f,0.0008631772
25a3b877,0.0010144362
13f1045b,0.00091923005
bcf9bf52,0.00089934916
565e1505,0.0008769107
93e7fe02,0.004496631
0d17941c,0.0009968375
cb7ac55c,0.00090316543
b6e2ecc7,0.97881377
0e346fee,0.3340781
fa7ab874,0.0008728095
50d2f413,0.0017000822
144d4a78,0.0008938782
e6a0a8ad,0.00087120995
05f6d9e1,0.0009141106
72388570,0.0008791998
a3ace79b,0.0008922517
801136e4,0.00091149623
2e23c14d,0.0008798607
ae7d9974,0.001312272
17ea7185,0.0008652107
f9067698,0.0009041005
c6e6431f,0.0008695232
cfb5a206,0.00087025086
9f83dfee,0.0009167417
8dcac99a,0.026862524
9c074f15,0.00087954965
a1d880e5,0.00092410995
7c6d04c4,0.002080416
bf517ab2,0.004338479
8d5e1a1f,0.0009350143
9b7085d8,0.0008692419
a0b7a73c,0.0020287142
8bedb536,0.00085715065
6d7b286e,0.0009039127
1950a25c,0.00096380763
baf17ed3,0.0019101461
bdd2bb02,0.0015905238
0286f210,0.0018326108
746595ef,0.00090904214
924ef0fb,0.0008827754
0e39b880,0.0008747918
af695c3e,0.00091509795
c8ab31ef,0.0009332921
107be617,0.0009056791
4853bb9d,0.007037253
e969d434,0.0008557661
82b6825a,0.00091900415
882acab3,0.0028715653
535f24c2,0.002516548
654ef94e,0.00087636115
ea45dc41,0.00089838606
d366195e,0.0008985064
d97db3d8,0.0024760375
5238e64c,0.0015185053
5753cdcd,0.00088009
f5bd139a,0.0009957195
82d17e71,0.0009899711
6b47d09e,0.0023789473
972c02f7,0.0008748993
7379bfdd,0.00088803296
3fa4d1a7,0.0020152337
b26603a6,0.0015790474
a660e844,0.00092390535
79d8eac3,0.0008609896
78959628,0.00086331327
f651771a,0.00086725724
30223600,0.3862093
ccdb650b,0.00088209816
bc85a00e,0.00090780616
8f2a1273,0.039444577
5087501d,0.0010518669
a230bc6c,0.5056261
527610b7,0.0008677734
1c138b65,0.00097171083
173eff23,0.00087417394
9a6c3bbb,0.0009121886
d642f178,0.0008652865
2a2913fe,0.00085406593
c691104f,0.00089499715
85ed9fdd,0.043553773
3639589f,0.0017659459
1f2ba010,0.00092736457
ab465998,0.0008636234
e6bc5e45,0.0008710469
7fcc59da,0.00086591457
899cfbc6,0.0008650313
8ff1c6f4,0.008192879
bab3e696,0.0008941329
a5007477,0.0008758198
95bf9e4e,0.0009303528
6d71d7c3,0.0008640474
2653b792,0.0009441355
8d995218,0.000901251
1dc6e9bb,0.0008890451
56ae186f,0.0010104745
e49a657d,0.0016442897
b321bf90,0.0009072687
1650490f,0.0008611567
80f4c2a1,0.0009351194
74308d7e,0.0008798523
1962766f,0.0008836574
85adf51a,0.0008721199
bf142e6f,0.0010237946
199de5ca,0.00087315805
b5061c44,0.0044465493
40e83de8,0.0028027403
edba2919,0.00086311257
15d23ab3,0.00086152146
4e56d426,0.0010551951
03f95f60,0.0009001945
c5256356,0.00088465813
14008467,0.00087370176
08bba785,0.00097287155
48d948f5,0.0040731
78674dd3,0.004703323
808bdb57,0.000861443
5c755fef,0.0008773161
3aedaea0,0.0041963477
d49bf816,0.8667283
9e7de111,0.001046666
885a62d6,0.14555009
b836dd5a,0.0024964833
85db90cd,0.00087647635
7ccf1bad,0.0008898388
5ccbb88c,0.00124039
b2200609,0.0008621246
84fadc36,0.0024503097
fe2931df,0.0009076288
6a79637b,0.0008729858
ec9bddc3,0.00094229
4da0bf09,0.0012213297
ed71dc51,0.002400167
3d56fc44,0.047865354
134e47d0,0.0008955542
da344067,0.0015178105
57d72544,0.0008673407
2e075757,0.17692575
5aa8ee72,0.00086955505
3b583b36,0.0010083502
61265579,0.00091882364
c86747eb,0.0009057425
44fa1a5f,0.00084995886
4a82a67e,0.0022842544
69d9bd37,0.0009203904
1fdb6892,0.0008568472
7f59ec50,0.00094773236
7f419d08,0.0009175132
7333af06,0.0013354187
10bfd548,0.00097162067
aeb37b94,0.0034014694
634a6bb0,0.0008808312
9a5f18c2,0.00090459245
1fa2d600,0.000853425
d7b50643,0.0008635791
c5f1cf3f,0.0009021547
f2ed6419,0.0031872308
04d39f83,0.0009178796
6338c73a,0.00086504
e080f04b,0.00086771394
511743f6,0.00086100725
5f79dd71,0.00090010016
2eaa107f,0.0015713321
dd667ba5,0.0008903086
ae2f4da9,0.0008905996
80cf6265,0.0009061072
04017739,0.00092203956
03f335b6,0.0010668641
558916da,0.0008840514
a69c65ce,0.00091407174
cf5d40d9,0.0010612812
d2e08f09,0.00089893275
07f65293,0.001586956
06d64404,0.000884051
6df9c5f7,0.00089377514
70875ede,0.00088600325
62fa1513,0.03852917
ecc880d9,0.0017563744
43c29ef8,0.0038969694
94cb6172,0.0009293319
b14833dc,0.0008938552
b7b72eb5,0.0009545598
7d1d7ec8,0.0020432384
af33b13a,0.0008894781
7eac3a75,0.0008679289
c33c552b,0.00091404124
3e1644c2,0.00088875036
97dbb64a,0.0010133635
a7a4e1bd,0.0009123282
07ff7824,0.0010380816
40411121,0.00088181824
32053ec5,0.0008904829
7907bdff,0.000896051
93789a96,0.00086830615
90b0d5fd,0.0009087521
75ff8fd4,0.0008666257
5e6aeffc,0.0009115757
9ac61d42,0.0008659698
91a63c9c,0.0008888795
658fb3d3,0.00089965167
09e7a37d,0.00087466685
1dc87387,0.0008922385
3c1918bb,0.004003127
de51164f,0.01656157
d5c67c89,0.0008921713
07e3eaec,0.0008952181
a2fe4f7a,0.0008658094
c8963ad2,0.00088672363
e0bcf0cb,0.0008785859
1260d64c,0.0017925269
d27d9b7e,0.00093184994
da7ca45d,0.0015799206
250569e7,0.0008619932
e0d77c20,0.0009906201
a5c14c0a,0.00996167
2b8d17cd,0.0010463061
480baabd,0.00089946226
0cdb5446,0.00732507
8896eec9,0.01050733
55a38db1,0.00088024087
912cc126,0.0008839151
85aae459,0.0008793012
534d6abd,0.0009030083
4eab68aa,0.0008828826
bad92c42,0.0009824515
0064c5ca,0.0008687977
747ee459,0.0010994902
b27f41f2,0.0008651793
a377c19d,0.0008562102
a4e55577,0.0008701597
7f422fdf,0.00088554923
ad3393d4,0.00087251177
f5302d55,0.00087634736
fcfaaf6e,0.0012248066
f69a0bc1,0.0011409498
606138c7,0.0012540143
20cd1717,0.00088999106
1b9bdfe3,0.0035736458
bf612166,0.00087282824
8c9c9519,0.0008830829
6a25dede,0.0015047359
f9b60049,0.0008558097
8a3d0a6e,0.00085702486
bcf208b1,0.0023201185
c332685c,0.0009853762
dedd1298,0.00084998726
4a81699e,0.00090083625
207f0fd1,0.0008666604
bd6b4b91,0.0008633832
43f65b9b,0.00089784444
00b10762,0.0011217816
105fe46d,0.0008823285
333aa0c2,0.0015672724
182b9caf,0.09759659
6e08179a,0.000879168
74d5fa4b,0.00087702024
c1877a26,0.0009193737
1c8a182f,0.0008546164
73f0590c,0.000876215
5d8c972b,0.44847804
47284e77,0.0012577989
da474de7,0.0008660882
af70747a,0.0013000094
2ab73b21,0.0008616097
8bcdd0bc,0.0009449809
937ddf1e,0.0008806469
80e59370,0.0008938138
9a992cd2,0.00086533924
445373cd,0.0008751145
0d244cc1,0.00092341733
20728f9f,0.00089228776
696ec652,0.0008519873
87c542d1,0.0008598644
4b4426f8,0.0008562449
deaf7342,0.00086446234
e93769d1,0.0008804799
8db6d87d,0.00089427177
818335df,0.000866084
d678150d,0.0008845213
1076b1ca,0.00086173037
393be50f,0.0008647853
44848c74,0.0008900669
5e582233,0.9060406
e9ffd2eb,0.0013400492
480ae4d0,0.0009308978
8138a443,0.0008518736
1ff84e89,0.0009470924
4d3e112a,0.0008669461
a1be918a,0.007658467
7a8175c6,0.0011958197
be5aeb81,0.0010526243
815bd8b6,0.00086036435
e3a6d873,0.00093224156
342a6741,0.0008747577
3dbe932e,0.00088796107
68f2a7ce,0.07689918
4c617304,0.0008604086
72925018,0.00089787086
6be9749e,0.0009268563
7836e9ab,0.001188163
9b7e7aed,0.00087046204
dacd2945,0.0008566289
b3321f59,0.0008637856
521494ac,0.00087439275
6386132b,0.00085353275
207e38cd,0.00088475435
4cdc359d,0.00087355543
cd08c54e,0.00086780987
b895cad4,0.0009159558
03fd60c9,0.0008797466
33c8451f,0.0008774072
1923459c,0.0008727172
f9a3e5b3,0.00087014266
d7157ebe,0.00086825644
d6c104a7,0.0008623448
ecf44db6,0.000863709
f5f56dd7,0.00089459046
ace62e03,0.00086668757
6c0fdab3,0.00087718864
7e271787,0.0008654234
e9aa2fbc,0.00087602006
e5dcfc1c,0.0012141793
d5485abc,0.0008750236
a0ecdb90,0.0008580908
6d5e00bd,0.0008847808
69c10717,0.0009242178
b69609cb,0.00090383773
cb70fe10,0.0008712897
9c8d3255,0.002603304
9d577991,0.00086902414
2f17d7c1,0.00087791984
f3a570a4,0.00095164124
7f30ba44,0.0010731939
548c0765,0.00086406467
6801a83b,0.002353413
6ab1f6d2,0.0008850721
fbd29e42,0.0008724852
7176679f,0.0010696368
2cd21417,0.00085479463
7a6cf2c5,0.0008483398
17c95245,0.0013637306
14ca7d1c,0.0008837403
d4a53385,0.0008448018
2cb2c7c5,0.00087746745
efdc3cc1,0.0008597038
4a345573,0.00087449694
aa7265e9,0.0008922173
22ee4117,0.0059397793
612c38fe,0.00087634363
cc31ad70,0.00091831444
60e04b54,0.0008587504
9d462ca2,0.00090824737
4a7ad73d,0.0010768479
d1550bbe,0.0008806003
c0ecf990,0.0009983116
d350d65c,0.0008580687
b41be29e,0.0010142076
7e2e4795,0.00087983964
72186738,0.0008626303
53d41da4,0.0019254016
d65048c0,0.001990419
e955b20c,0.00086891523
b0278316,0.00088606664
3c90a74d,0.014175418
5cae59f7,0.0008560377
4aa59f41,0.0008562057
295bb97a,0.0056287996
c655a6db,0.0008903489
3cc33385,0.0008816482
bd52d2a6,0.0009947224
1f29fffe,0.0009101419
bba76eac,0.0008823323
7842fe7e,0.004699338
3c76bd79,0.0008782177
44046fcf,0.0009220308
7327a574,0.0008445828
09821ea2,0.00089842547
bfcc7021,0.0008901673
3a502717,0.00084962527
5f6470db,0.00086431904
1fdc82d4,0.000876023
4c98ed98,0.0008679198
4b23ccaa,0.0008900792
ed711b64,0.00085916993
59fe6b36,0.001191014
49bbe148,0.00085836306
2858fac5,0.000961516
81b2a2fd,0.00085994584
c0d63963,0.0008834069
4b915d2f,0.00092870777
8e383ff3,0.00086789747
c9e70573,0.00090861134
029eb364,0.0009206719
49194122,0.0009687593
b08874be,0.0008775569
f6938ef8,0.000892744
b9ced5b8,0.00088610954
4148e154,0.0008532477
f7072e14,0.00087912235
40a88087,0.0008663945
765b1705,0.0009777149
9628d1f6,0.004598633
501bf419,0.00085088675
c4993d13,0.0009487089
b416cceb,0.00090492563
9f564869,0.0009844885
0e448a91,0.0009016791
7629c8d9,0.0008638399
ca99fb7f,0.0009728044
b0791fe2,0.0008832706
ec83c3c0,0.0009062376
c48e70bf,0.0008685088
cb5be966,0.0009197004
c8256487,0.00091099483
e7beccde,0.00084715243
cc039162,0.000849869
df262cf4,0.0008714317
2ad9c8d3,0.0008875097
ff25c52c,0.0008672948
37c65be5,0.0010033236
27255622,0.0008608276
10e58002,0.0008892975
c3f3f4cf,0.0008897358
f0f343c0,0.0008772877
08d52e8d,0.00088400306
d5b83605,0.0010229992
37e2a254,0.0010391477
6ae75e02,0.0022271846
cb54f007,0.029392783
b76c712a,0.99322706
28b28bcd,0.00090732967
7d0f8535,0.002237886
2067508f,0.0008594765
bf7cde21,0.0009398087
381edade,0.00087097177
c9586526,0.0008847787
1f022cd4,0.0008643306
3c1da4b4,0.0008773984
a83f22a7,0.0009018024
b8dd728d,0.000851207
2832db20,0.0008654039
e19c6320,0.0008853354
68187ef9,0.00086799456
b2ba6edb,0.0008643759
6541332b,0.001221207
5259eeb5,0.00087399536
e12e5f0f,0.0008507436
0eedee2d,0.0027019754
9a67c270,0.000898372
2f40f6a6,0.000847462
f0cc3407,0.00086268125
c19ca868,0.0010217885
409ec644,0.000872326
a43fbe3d,0.0008662525
30641024,0.00090863084
4af2428a,0.00088724605
a5f89e25,0.0008667492
fd2207a1,0.0009108277
0abaef04,0.0009532647
873383ee,0.0026198197
836ddd6b,0.00088678283
ba7e45f3,0.0009160649
f7109cb0,0.00086159195
5ba27b5a,0.0008680745
083cf619,0.00085381995
fd046d99,0.0008945453
470fbf4a,0.0008872772
4508c9ab,0.00085728
32b780cb,0.0008544962
177bdb1e,0.00093767955
ae24dfe8,0.00088168134
175952ea,0.00086822454
5acad779,0.0008524497
da99c80f,0.0008779888
74a641be,0.00087700563
d7d2dc9b,0.00085062
7c4302ed,0.0008516683
b98c69a4,0.0008592886
aa6b598c,0.0011639124
45c0475f,0.0008802983
9a61fc0b,0.0008791303
9e10c6e7,0.0009613723
f1f19f69,0.0008662633
86ee58b5,0.0011977729
cf836cc0,0.03458964
a6d88ec7,0.00087616994
4a54d364,0.001005254
0c8121d8,0.00087681087
7743c361,0.0008518935
a6465f8b,0.0008854632
311d1eda,0.0009810635
d7b2689c,0.0008854994
83593419,0.001035471
666dc8c0,0.10382309
10fb179d,0.0008558513
b3f2685d,0.0008864681
aad8860b,0.0008664717
3d78601b,0.00085298193
a6a42ebe,0.00087309687
e713d444,0.0009265406
2e9aeb94,0.0008601119
3d1347f2,0.001225885
bfbe301c,0.00093914446
bf12fef6,0.0008634457
65c38898,0.00085721386
23b64850,0.0009007676
07ff3384,0.89069694
d0ca6934,0.00088694505
89744803,0.00090430334
cc091e2f,0.0008536743
be5fede0,0.0008769943
e45592f8,0.0010738289
69e86803,0.00087225414
d2ab4041,0.0008659447
7df67b5f,0.000853268
7d59c089,0.0009257685
b0ce7327,0.00096080353
0478dc5a,0.00088014523
03aff127,0.00090536324
b78876d7,0.00088924245
9ce70661,0.00089376915
52ac0751,0.0008787107
0776a7fb,0.0008607854
bece1992,0.000855813
c078a1f3,0.013044864
a374b134,0.0008589894
58961225,0.0008541682
246d91e8,0.000972505
c6da2312,0.00088754017
fbfb5d31,0.0008805442
de96a850,0.00090440887
75a71f58,0.0008722334
f42e3d80,0.0008498524
4deaf36f,0.0011244447
854cd304,0.0010422564
65939e94,0.0008540306
7600d40e,0.0008500804
f44e1dfa,0.0008593897
330576fe,0.00086875877
9fcf0e81,0.0045053894
a07eb4ae,0.0008706598
edd55d30,0.0012017951
b6e042e4,0.0009939034
e14184d3,0.000869519
996a4971,0.0008736595
742d63d1,0.0008765399
f0202da3,0.0013363041
a940a906,0.0009153068
8e6a82b4,0.0008621607
891abdc2,0.0008753463
75a21a95,0.0008984541
0efbee42,0.00085045554
17432bad,0.0008917447
1116e0f9,0.0012499118
6cf20a80,0.00086426234
e8bb4e42,0.0008758686
dc7123ea,0.0008721245
ae64e0e8,0.0008692116
5e8ffbc9,0.0008567888
db548ddd,0.00088776264
4538294d,0.00087271014
59fdcd2b,0.0021283664
8b2a3050,0.0016471054
9e8951d6,0.0008463721
457c991f,0.0008679575
2a0a111b,0.00086324906
5547b199,0.00095358805
ca03fde4,0.0008528909
cfe4c241,0.0009024652
7c968878,0.0008608456
265e2fc2,0.0008546839
5762a4e8,0.0009197701
d4d4ad38,0.0008830518
e5f7d792,0.000864886
fbf3905e,0.00089072814
34c746b1,0.0010675142
eff0989d,0.0008652996
0157379f,0.9959623
e91de562,0.0008692001
9241a564,0.0010015469
be898cbf,0.00085768854
a0335074,0.00086071895
909441ef,0.0008745347
16212d58,0.00086634577
84da6a17,0.0008535933
10254b8d,0.000873388
7f5e69da,0.0008551234
f0be8d4e,0.00091398257
dd866a3d,0.0008754965
45db728b,0.001112637
e7a094fe,0.00088539394
a2309788,0.0011065829
f3bbfa45,0.0023062793
9489ebc2,0.0008661745
df983a80,0.0008593787
5c5da8f4,0.0008526735
841382f0,0.00091850513
d49b2ea3,0.000860906
e53d96c5,0.0010981932
2518c57b,0.0009094076
fb9a0c3c,0.0008534234
65774f9d,0.00087795174
1c1c4f65,0.0008966752
f7312526,0.0009791922
d4ec92ee,0.0008670791
9bac0816,0.0008668983
006a399e,0.0015219852
c4c07da8,0.0009009428
328b997d,0.0008616639
ac2bae60,0.001440617
f35d58ba,0.0015518774
2eb527f9,0.0010961682
1f185d16,0.00093419285
eec71505,0.00090884895
4e2c381b,0.0010016637
938b818a,0.00091334485
fd2882fe,0.00087831565
c7bda3d7,0.0008737801
8e7afe58,0.0008873796
f0185e84,0.0008831628
1f6033db,0.00086100237
3e10a802,0.0011697147
08e35462,0.0015777701
175d52db,0.00088609563
37e4efb4,0.0008794771
fffb07cc,0.00089463656
9dd36385,0.0008973325
b718b7cd,0.00084375433
7324358c,0.0008653422
76d78a0f,0.0008489551
bb8789ef,0.00085156836
87478483,0.0008906174
b7014903,0.0008728394
973c0e21,0.0008879056
d617dbbe,0.00088111404
639bc82e,0.001565423
8c686c1c,0.00089119165
5942fba7,0.0008543737
82d6d268,0.00090666243
517f095b,0.0022190518
5539b3bb,0.001577755
0a6fac39,0.041138213
743b0c0e,0.0008618684
8ab7ae78,0.001115393
0b95b068,0.0021814187
9f4d8c88,0.00088849966
5bacf12a,0.0008977819
e7a17de5,0.010197102
9de09d00,0.00086709077
a5773f39,0.00089512556
84deae74,0.00088360126
f5e6952d,0.0009661425
1c1fe269,0.00086053443
bdd390e8,0.0008855289
78c80446,0.0008517405
3556de65,0.0010242825
c2e74232,0.00088639
b68991aa,0.0008913267
3789e486,0.0008861751
a043248e,0.00085182564
d8aaba12,0.0008623259
a0f10745,0.00088056055
1c4ae4d1,0.000889018
a1270055,0.0008541283
f60026bc,0.0010080803
d580ccc6,0.000867618
9e0c92e0,0.000861755
7ae88466,0.00149986
16f2ec08,0.0008979945
eb7c06cb,0.0010176431
7897c88d,0.0008521865
08688ba2,0.00085490133
8b5e030d,0.00092225964
fb16c2e0,0.0009058465
e8d20c0e,0.00087210746
efc37a73,0.00094179774
3a1bb349,0.0008765119
34647ed9,0.00088645593
bcc33568,0.9979432
9563f0eb,0.00086875295
8d908358,0.0008519917
f8cd2d8c,0.00086453644
8c1e38dc,0.0009155781
f1fec001,0.00087923004
7ea9348e,0.00086271466
e3eb3de3,0.0008834166
c09e9d17,0.009416592
dc8f445a,0.0008853206
f8452ed6,0.00086345524
4553ea60,0.004170288
79144380,0.0008861375
c16482b5,0.0010458127
30bdfc7b,0.0009282115
6fcde0e6,0.0008453631
dab8108b,0.0008932234
1b2fb5a4,0.0009008972
ac4115b4,0.0019163204
0e70cd49,0.00090544444
5c537dcb,0.0008652749
e612e52d,0.00093269476
9530a11d,0.0008459339
c851e363,0.00087044004
36514209,0.0008727255
c782eca8,0.00093676284
1285cf45,0.0010789483
43f4b712,0.00089577434
d4485882,0.0019176471
87633208,0.0008512662
0ca6d905,0.00088050263
37ec81ed,0.0008559435
bed76275,0.0008847134
faa7a7b3,0.0042798687
80cfd1c0,0.0008549527
cb3509b4,0.0010338027
d8c76991,0.0009574102
71088dfa,0.0008963819
9f9f163b,0.00089215173
14d6a367,0.0008725027
37f82ffe,0.0008756851
22dc48fd,0.0036240248
0bc54f45,0.0008616438
b1288ea4,0.0021362235
3a6b1005,0.003083069
53790106,0.00086013187
63e0f689,0.0008709622
ce1ddb23,0.00085364335
5c1320be,0.000898104
9a169e79,0.00089434756
8c3ff840,0.0008514123
dad3f0d2,0.0008946229
9982b833,0.00084762875
f1ce933e,0.000867189
db29fdc1,0.0021686917
9f04f764,0.00086560356
63d9b87e,0.0008649642
8fe3cb1d,0.0008919103
4eb8c26a,0.0027382215
4ee69e6e,0.000849331
c74343b8,0.00085571886
28622b12,0.0008703463
923853d3,0.0020584243
ad68e698,0.00094831764
9b86c659,0.00085487455
967fd813,0.00087511784
77797670,0.0008513831
c4327e5b,0.0008566986
07f8dc1d,0.0009594324
ea9a4e54,0.00090590783
759c1d69,0.0008693501
75f63851,0.000849015
8387535e,0.0008717007
9f037123,0.0012102178
12dab0ca,0.00087529916
c6752d83,0.0010498356
2b004a81,0.000928514
236a4c1c,0.0009037593
5f97ea39,0.00086545426
486952f8,0.00089178456
73925452,0.0009787403
8b8c7ac5,0.0013199521
bf426b95,0.00085864816
d5f66bf9,0.0008759379
26be4ec4,0.5800295
a36a0640,0.00088910863
c6686b9a,0.0008784805
44c4c956,0.0012056207
74d69f8f,0.00087448355
c823cff3,0.0008743348
91003fc4,0.00088767725
b54385e0,0.00086770975
cdc94187,0.0027715983
3eb43d32,0.0010117283
a0659973,0.0010034627
15364382,0.0008708589
8a5dbe6b,0.0011363914
9b71fc9c,0.0009401477
607db17d,0.001359094
ed910750,0.0011021532
315bca02,0.0011904729
7478a67c,0.0008701146
430aab8d,0.00087792694
87b41878,0.0008587893
51f164fa,0.00089589565
b4ab5f94,0.0008491324
09ff50b6,0.0008629198
897509b9,0.00086447725
ab2ef818,0.0008525688
5b9ae375,0.00086066977
a39f5694,0.000842489
652e8edc,0.000873297
4c0d6306,0.0008648376
602fa0da,0.0008667124
93954305,0.0008532367
c27a7bc6,0.0011099583
788171f4,0.00084532594
a64217e4,0.0010246382
34403489,0.0008589734
6dc5b5a2,0.0008829007
62dc3d5d,0.0008641939
4a58d891,0.0009001747
f1592147,0.00091747084
e92f3b37,0.0008404524
63b425b0,0.00088126137
2857b090,0.0008716493
ae910cd0,0.00088528346
75a1579d,0.00088381604
cc7d58a8,0.0008696143
7c2316e9,0.0008626078
b2b812fe,0.00094528304
c5587525,0.0015985097
843972b6,0.0008834119
4c3f200a,0.00087141094
578f0171,0.0008658811
d85ae1df,0.00085216376
87f68e43,0.00088548334
9f81ffbc,0.00086010125
40f8aabb,0.0008658464
ec5fe18e,0.0009109873
53059f57,0.0008790466
78e13694,0.0019829313
0e7476b3,0.000860687
f80c9047,0.0008695634
c6c9d2fa,0.0013447399
9c333e77,0.00095300586
7a2fa03b,0.0010495196
ad183a65,0.00085840235
6b8f47eb,0.0008482812
7c788458,0.00089221174
3f2f70e1,0.037204478
55e4b771,0.00093005295
a314f66b,0.00088782364
4e9a30c4,0.0008590585
4835fa4b,0.0008627307
a137d1fa,0.00087290345
d4260ea7,0.00087636616
27ec2a37,0.00089413463
a4964907,0.0013055245
992bdae7,0.0012911445
ca439315,0.00088162965
e0c3d4bc,0.009458825
528fde18,0.0008881391
f61b354a,0.00097133225
2673fcfc,0.0008823201
830fe62d,0.00086751796
a80a0ab4,0.0026115347
db6b00af,0.001164622
a53a5652,0.0013717408
9aee7e12,0.00087058014
85ea99fd,0.00086113444
13d26dcb,0.011593793
08baf510,0.0009059595
cb974f9e,0.00086371147
2b60a160,0.0008957368
8c40e176,0.0008497928
7be09535,0.002072398
bcb092fb,0.0021332845
3bf2f830,0.00086865574
56d98d76,0.022194047
8e99d540,0.0016759352
87932e2f,0.0009226891
7c82e5bf,0.00087571424
4f013a06,0.0009139725
5e73d6ca,0.0008559251
c22b9a51,0.001045244
8a98af25,0.00085811235
7e219410,0.003917932
3904d0d1,0.0008937935
174941da,0.00085893495
339d0734,0.0008686768
eb04235a,0.0008756429
549af470,0.0008840098
f5b6fdd2,0.00088616536
db806c4d,0.0008584121
29288066,0.0008718827
8fd0ec72,0.0013252093
656e2758,0.0008540306
7b7cae21,0.0009058585
f11dea22,0.00089963287
ec987c55,0.00095936575
3266bb49,0.0008630431
cb8b4499,0.0008821721
2749f094,0.0008750244
f8eba475,0.0008854846
c6716b19,0.0011698651
ccaadc68,0.00087548397
2c294075,0.00087009923
b50b7636,0.9468377
519b998c,0.0009685497
8766c0a9,0.0008587606
d0f5ba9f,0.0008984541
534878ff,0.0008776773
1ad9f159,0.0008524876
bf351461,0.00087281567
b122c93b,0.0008520509
41ec5413,0.000874676
aee2fd75,0.00085426215
b924d007,0.00087205716
f421ec48,0.0008810305
fc85a3a2,0.0010799905
7d9b21bd,0.00086445163
4e155523,0.00089163764
982ebcb6,0.0008675011
f3875fa3,0.0008674196
55bdb3db,0.0008577678
eefff2bb,0.0008511345
9a217613,0.0008564056
571813b0,0.0008579305
d2dc056a,0.0008655788
94d0bf41,0.0011540084
6586443c,0.0008670651
b7fe941c,0.0008536743
b99d4337,0.0008767872
a9a3c2f3,0.00086070795
8e87355b,0.0008688664
ac288355,0.0008651109
e31b9495,0.001009075
3e5d0b8b,0.0008608137
6f5c798c,0.0008490616
18cda7af,0.0010077029
00433c3b,0.0011408193
3d84125c,0.0008934436
2373dfbb,0.00085690443
abdd6f8b,0.0008593967
041ce98f,0.00084924075
7d896c1b,0.057167802
09d0fd63,0.00088279095
6b3f6ea4,0.00094890915
f8c60a4d,0.0008492501
f29670cf,0.0008659567
0642c97d,0.00090609334
0c1f6068,0.0008633191
dcb1c9ef,0.0008776811
81af6e2f,0.0008801642
821dec8c,0.00088842434
d623800f,0.00085908506
b5eaa1b2,0.0008805798
dd4234d1,0.0009001138
e0694263,0.0028980027
e13e58b6,0.0008657306
366bc1d2,0.0008840107
4939671d,0.0008545716
0639733f,0.00090572913
969415ef,0.00086506223
06e51a46,0.00090513774
11c28994,0.0010179281
a1a4cbfe,0.00085133273
60450b9f,0.00087388634
d81bb58c,0.00087393133
285fa7a0,0.0013816304
2193577f,0.0024225954
a93a42a7,0.00085389754
53744d68,0.00091398816
28b5dfaa,0.00088517886
9c19c569,0.00094326877
9ad19e20,0.0011497051
bcebb9e3,0.0013621293
53891840,0.00091240375
61f75374,0.0009316968
62f113ca,0.0010204084
332353cd,0.0010230195
7af61414,0.00085966487
0abb0eb0,0.016357413
f4a6ce27,0.00085659744
a02fce05,0.0009706144
5fb33759,0.0008641322
e0b2d2d8,0.0008585148
7149ba40,0.0008649584
ddbeaad5,0.00087144907
8bfffc31,0.00088846707
2a87ed71,0.0008804494
89cfaa31,0.0008575007
017938ed,0.00088206324
4b79e8ce,0.00086338934
8503a002,0.0008463616
743e45bd,0.075792715
8e2ca3b5,0.00090427406
d20c6d89,0.002529003
12ad0e26,0.0008538187
73559e6b,0.0011660001
034c5161,0.0009169189
546e3cfb,0.0035923342
49e8f88f,0.00088933954
1d3a4f56,0.0008838805
c4e71208,0.0010808773
aad6b8c3,0.00088805374
c02ced80,0.00084356504
f1a95559,0.0051221936
6ef90712,0.0010346886
6ed1b45d,0.0012764831
fc0cc132,0.007177834
e0bf20b9,0.0008622092
fe230f24,0.0009588425
24c618ef,0.0028704745
4a222b80,0.0008671197
3d88e71a,0.0008594691
1c0335a4,0.00091398257
1946d60c,0.0008939403
4599c867,0.03884612
c5454db0,0.0008866604
d87b4c7d,0.00086155394
96447a4c,0.00087161065
687622d5,0.0008653677
9d8f9869,0.00093104865
5c35af05,0.0008480707
37a8cd9a,0.0009651857
efc9df2d,0.00087714806
08c5a727,0.000889704
56c3b0e8,0.0011355891
7e378031,0.00089417375
1af0a3e4,0.0011861993
a0ebca19,0.00085571804
5f565718,0.0008661031
3aefd34a,0.00088567834
c456e656,0.00086647953
18a37e14,0.0008911501
cb0e28c8,0.0008833921
e341488d,0.00087123824
b84d6822,0.0008839727
79dd2963,0.00085543474
baa91e52,0.00085748394
8358655d,0.00091044384
8733cc01,0.0009034133
1eb58c21,0.00090829673
686e6bcb,0.00095263956
fb50313d,0.00085744995
add77b32,0.00087549724
7dc820a8,0.0008566978
a8798ca2,0.00085974525
62c82cc1,0.036421377
4848888e,0.0009201255
b38fcc49,0.0008581742
5078db2d,0.00090148154
76c7b667,0.000876613
f52b8a30,0.000930743
4ffe8b10,0.00092023733
e682511d,0.00086865865
4ddb387d,0.00467541
b50c5645,0.0009900635
60a99775,0.0025203882
da002336,0.0008769768
5e7745f9,0.00089841045
7b34da5d,0.00087932043
c32aaadb,0.0008702957
cfc00fd8,0.0009539961
413e1d58,0.0008661886
a6fceae9,0.0008558208
d335951b,0.0008744944
476298ed,0.0008593459
1e63bccd,0.009638312
c7b9c85b,0.013058476
b0f9096a,0.0009820865
3c9e37d6,0.014220181
a091b61c,0.0008625741
906e41cf,0.00085515063
3d8bb116,0.0010668437
a9b3939f,0.0009201484
49fa9e89,0.0009504958
a14bc29d,0.00086586585
57a2d63e,0.0008656844
a0ea14f6,0.0013188834
1e7ca163,0.0008804288
f9da111e,0.0009358409
ac19db77,0.0041047274
31edc8d7,0.00085994793
ab265965,0.0010178273
6bec6393,0.0010351002
cc4ead8b,0.00086431246
9a8417f5,0.0016668846
7c63b55b,0.0010715908
ea60a7cc,0.000860202
20cf864e,0.0009698984
d2635237,0.0008439353
3b169bc2,0.14719576
5b7a892d,0.0008874273
5ab454f3,0.00084848696
fb71e915,0.0011391639
6bf9f3b3,0.00097212475
c39924d7,0.0008982602
86a9541c,0.0008709983
bf4433ac,0.00086925644
2ed7447c,0.3097565
452dde41,0.0008663978
da42ec15,0.00091200485
c9d86053,0.00085655256
88c89ff0,0.0008704583
11a8d0c1,0.00088874355
7ec44e93,0.00090298377
19f23c0c,0.0008922479
14c8cf28,0.00086352264
9745daeb,0.0008691405
b6002738,0.00088984304
7a395deb,0.0008643607
aa34f38e,0.00086631614
e0a2fa21,0.000882489
651a5c11,0.0008844951
eccb0c36,0.0008629629
fb141934,0.004679273
04952cf4,0.0011479859
965bba65,0.0008708341
916a89cd,0.00085570617
5a3a7328,0.00086453394
6a68fead,0.00089880946
7e2781d1,0.0008663829
a5a01bdb,0.010423202
d3e8f119,0.0008818052
15129984,0.00085475884
ef42220e,0.0010459607
8993d28e,0.0011074044
21db445a,0.0008618749
41680353,0.0008656952
b683f858,0.0008727771
6e43281f,0.0008642219
9d0abfc4,0.461024
2af82990,0.00086505566
9432115d,0.0009365916
72ad353c,0.0008773772
b785587d,0.001029547
000243c6,0.0008707456
fb1f754e,0.0008553369
b43e9db9,0.0017673562
8809f90b,0.0008745036
8ba81cad,0.000861194
51642a91,0.0008527105
7abdd2c6,0.00091052183
dbc877b9,0.0009117954
97b810a2,0.00094701746
52c47508,0.000865672
f613c758,0.0008455245
928f9a32,0.00087304984
102e8df3,0.0008606636
15a2b2eb,0.0008572425
f5d671a2,0.0008537039
0d76c9c9,0.18886432
c57b09bd,0.00088565255
46d451dd,0.0009267508
8572b239,0.0008618482
aa488316,0.000976724
9204c243,0.00092225085
dd6b2b74,0.00086641393
5ee49faf,0.00088704214
2f0645c4,0.0009526927
014c28fe,0.0036603825
29256dd9,0.0012756676
8052e336,0.00085684273
28ab5b57,0.00085945317
7ba669a7,0.000881946
0179e91c,0.0008490915
6a3e3ab5,0.00085534673
0b2c52b2,0.0008815327
ea36d56b,0.00085995573
b1f7c8ed,0.0008844808
df72e78a,0.0009090318
7fa97142,0.00087571924
6fe26b8e,0.0008777242
82a07463,0.0013580834
73396a4d,0.0009411366
0eba1bbe,0.0011786079
895e7a30,0.0008865525
e2df9ee2,0.0008541751
5bcd0d8a,0.000848318
17ffde99,0.0008934954
e998312b,0.00086975144
c2e1644f,0.001010078
a951849e,0.00086040614
3c173973,0.0009452894
8e6b8add,0.00089592766
3c5e7d61,0.0008928771
8afd616e,0.0008874984
2749e531,0.00088053785
e3d6ea32,0.0008818422
634e7aa1,0.0013079266
14509b3d,0.0072934614
2965989f,0.0009206022
3d9a4e1d,0.0010006645
f7c7366b,0.0008521898
cb975904,0.00091827544
864cfda1,0.00088883244
4acf1a38,0.0009328022
274449ba,0.00092864677
423e0b1f,0.0008989747
569a4e5d,0.0009149528
e3769359,0.0008770327
e300277f,0.0009092682
d31df1fc,0.0011078235
bfe38aa2,0.00093833864
efffd43a,0.008641963
c87335ff,0.0008605307
5f77f759,0.0008684497
2dff8740,0.0008949213
b372f670,0.0009903266
483c0619,0.0011155752
6af9f1ba,0.0008724532
5889a37c,0.0008690916
6f88266e,0.003265194
7b7b2684,0.00088570075
061a3795,0.00089179433
6319ea23,0.0008683946
5037d63d,0.0013676872
7c17dee2,0.00087751175
904fe6eb,0.0008954395
da771f1f,0.0009119193
141a46c7,0.00085975917
20688209,0.0009386512
48216306,0.00084335805
e9ebba6a,0.00087631604
931dfd62,0.00091904344
86d48f83,0.0010145771
eec6a3d0,0.0008831877
0cb86f6f,0.0009462932
9e497c33,0.0011479832
655f22cf,0.0009107795
54fd0494,0.0011412938
b800b67c,0.0008644764
74746c67,0.0013235675
331f14b0,0.0009041667
310f779b,0.00092814345
fe226bd4,0.00089882576
6588933a,0.00092104176
5b1289f1,0.0012398531
115f1bbe,0.0008760661
01c7905e,0.0010882537
5dd60f21,0.0008938564
bc44b82f,0.007965043
d67e93ba,0.00089101
a019560d,0.0008791102
c8dc677a,0.00089781283
4e317233,0.0009263667
bbd25c13,0.0008842284
bdf7e825,0.0008809529
bdd51cf3,0.00088913913
40e8f8cb,0.0041441256
c3df02d1,0.00089439115
30a2a14d,0.0008962538
52faee42,0.0008750436
b9507dee,0.00089058356
37c0ee1e,0.0008536886
a4a4730f,0.00091050356
5d06cae9,0.0009100205
e8b53bbb,0.00085877336
d01cab6a,0.00091460854
2e456d52,0.0011404097
3ece95a4,0.00087747746
ccfc3c86,0.00086762704
09d3186c,0.003438236
18482839,0.17742136
aefd755c,0.0009352325
b74015ce,0.0008558448
3495ddd5,0.0008835247
d3569353,0.0012889146
c6101b29,0.00089079526
09ec1045,0.0009340922
7866ff95,0.00092618313
98409f71,0.0008685113
6a68f771,0.0021809174
79c185dd,0.0008692345
15353147,0.00087519496
3496fbda,0.0008709544
9de4bea4,0.0010094941
dcec19a9,0.000990381
67a19012,0.0008763152
8db0c9c3,0.0012137613
730acdf9,0.0016752834
27779638,0.0021334714
19c6a344,0.0010271379
591a5862,0.00087155704
429ba864,0.00091347884
eccebdf6,0.008176742
acb895eb,0.0013774347
d26b421d,0.0009640929
c1e07de4,0.0008909166
fad3a978,0.0011756289
b426a6ce,0.0009417107
7c24d777,0.06676326
7621b627,0.00091173727
d1d7c608,0.00087068224
3ac45971,0.0008713333
7f6561a8,0.0008554335
8b29d1cc,0.00090358715
de338af1,0.0009004253
975a9483,0.00096624694
6a0ecb46,0.0008935512
be8936e5,0.0009427036
932d9665,0.00088241586
d0c1b88d,0.000871303
744403a4,0.0008551408
abdfd92e,0.00091158913
3aa412f3,0.00090877194
9f6f0525,0.0037762795
7e590bc2,0.0008424428
13ef6baf,0.00092221453
1b23c8bf,0.0009952039
c51ba719,0.0008654824
fdb46415,0.0009844261
16466a91,0.00087687396
3a90ce22,0.0009142329
d0051e3c,0.00088407466
1c638ba6,0.0009099825
f3c81359,0.00095565646
ede03152,0.00087716477
fea2ed63,0.0008760757
44947b01,0.0012697345
7ac02f17,0.0009067593
a798c851,0.0008862459
c32f780e,0.0009294527
be5d9da1,0.0008903316
b7eba94d,0.0009060665
910ad85f,0.010665071
1e18aa18,0.0008992404
dccbc0b5,0.0008729193
1a8193e8,0.00088710233
1b07d5c5,0.0009116235
c9f97b0b,0.00089916575
1de9e770,0.00088464504
16baf033,0.00094413455
41c6be08,0.000957637
6ffa3b7e,0.00086580985
5ed3f2cb,0.0008897815
78a898d9,0.0009024217
55929585,0.0009004493
98844c2b,0.0008861443
cba564eb,0.00089852785
fb0eab50,0.0008825454
a54589f8,0.0009074619
46276f77,0.00091318565
c0d3b53e,0.0009155432
dc314bef,0.00091397605
0239b467,0.07380693
81523e7f,0.00086971506
20eb8211,0.056941338
bb9b59cb,0.0009794058
5056b213,0.0009327
92eafb6c,0.0008748811
33bca93c,0.00094993325
25a9a958,0.0008825685
91416582,0.0011148719
b8e0b271,0.001010554
b0dab19a,0.0008761424
ad37f51e,0.00086405437
eedcd081,0.0008715666
938a4c2f,0.0008667921
d7feb21e,0.0009232725
208286f8,0.0008831856
61373479,0.00086964585
9d35c7d6,0.0008734742
d2cc62d5,0.0008953908
ddecf652,0.00085502554
1436eabe,0.0018716977
151538d2,0.00095227436
34e66b9f,0.00092567154
07e5f1e9,0.00084774155
34e8f94c,0.00096769107
c3efccf4,0.00086158956
ff8750e7,0.00088043883
a83ae8de,0.00088281196
8652836a,0.00085979555
24f7a8c1,0.0009121343
4ef0b6c1,0.00088015996
d35047d4,0.0010494881
bdc449e4,0.0011357839
6fb91c99,0.00094392186
563abf02,0.00085933076
83a44959,0.000900113
14ac6dce,0.0010417625
790642e6,0.00085300213
08152e97,0.0009514826
97837866,0.00086703245
b1f77bc4,0.0009255929
1e4b968d,0.000908504
6fcfdaf9,0.0008533254
3daeb5fa,0.0008513088
c71d468c,0.0008714649
e0eb77f4,0.000904078
18de0143,0.00086836197
a87ccaaf,0.0008705848
6ee125e7,0.0008869209
122ed04e,0.003262513
624399ac,0.0009513108
40d57b47,0.0075449734
159698e5,0.000885092
6db01e79,0.0008616265
428be674,0.0008658708
619466fb,0.00094490394
77f12ba6,0.0008777592
4cf42bd8,0.00090220856
f7d666c5,0.0010066062
706741e0,0.0009719553
7bf6d4fa,0.0008861747
2853ee7d,0.00089607656
953c93e2,0.0011205493
581923bd,0.0009064863
3054e98a,0.0008688415
b27f46d7,0.0009408685
8fc77394,0.00087390875
f09a6fbd,0.00086877943
487675d2,0.0030699333
a76b4693,0.0015413808
70a33919,0.0008705051
6c6d14b3,0.0008683495
fcc375cd,0.00089669833
198ce901,0.0009821076
61cc7d72,0.0008650119
19dc79df,0.0008967965
06932ca5,0.0008639522
8a1b9ba4,0.0008847324
2afd7cdb,0.0008705196
8c0d41ef,0.00084993173
921e8d9a,0.0009130838
22a43e57,0.0023448498
dc6ea84f,0.00089496654
42318275,0.0011811458
54f81ecd,0.000894383
871d2976,0.0014246594
872f380d,0.000893679
484e92c2,0.030038314
b1173499,0.011365348
5dbfeeab,0.0009135785
42c72fe1,0.0010495267
fa7f366f,0.0014211959
73870c59,0.00088442763
8c8d587d,0.0008868276
6db64147,0.7740658
756f0daa,0.00087072246
fc3cba32,0.0008967906
12ab467d,0.0019744243
bc8522c8,0.00091976917
43ca840c,0.00095738197
cd7d73ee,0.0009997726
ff90f489,0.0009211988
63af3879,0.0009075276
c701c851,0.00089916406
f2739d57,0.000864752
f9b9cf94,0.00087016885
a91cab10,0.0009083529
9be333b8,0.00088055554
d6699d14,0.00088749797
e72b0b85,0.0011702151
24874203,0.0008628782
638066ca,0.0008465761
9eebba1a,0.00087267184
45322fae,0.00088015787
70644d44,0.0011889341
b5937a01,0.000873426
9cf3c1c9,0.0008509969
e8530795,0.00087235135
9c9c1381,0.00088320626
5ca4aeb1,0.0008505175
22ec3709,0.0009114151
1d2d9e73,0.0008763002
f5f2d674,0.00086833845
bf46a232,0.0008714375
7de4c810,0.3021455
2b37cbf3,0.0009002289
a7c4b3a7,0.00085655984
75b3907e,0.00088521006
42ff1e64,0.0009325939
2ecbe1d6,0.00094781193
68d23cf2,0.0009143453
d5c6db79,0.0015473077
d41cc362,0.0011308328
646e2509,0.001006494
06e4f459,0.0009127698
c8905c2c,0.0008967804
bc271635,0.00090293004
6356688b,0.0009290034
c3e6e2b6,0.0011237668
3b5de4ca,0.0008911811
ecb48afb,0.020239873
534aa86e,0.00094641943
820219f5,0.000894198
70b13f6d,0.0008980215
4ea9b163,0.00089202845
eac54309,0.00084826944
7e77fae9,0.0009190469
d20f5ae1,0.00092780613
0e05a618,0.0008972958
b03eb108,0.00092993723
18835e62,0.43242154
292922bd,0.00093982305
919a2a32,0.000919216
a409dcad,0.0010596426
1de55fea,0.0010364535
2443df13,0.0009213626
ceab4992,0.0008818662
b5a0e6e1,0.000914405
2e9a9b4b,0.0009106555
2fae4e35,0.0016436605
5c72278c,0.00087004533
4dd80311,0.00088132767
95b24188,0.0074256375
d805df51,0.0009394067
b96569f8,0.000913384
9e6b3c78,0.00094227615
24425e94,0.00085865514
31c983e6,0.0008808399
4b20a25a,0.0008533079
a7730aeb,0.0008753297
d6d68f85,0.0020058306
446200a5,0.020817285
ae85e5b1,0.0008745102
5e85b5e4,0.0009060657
ddd22ca2,0.0038781846
e992e921,0.0009977041
24b913ad,0.0008852952
fb5c392f,0.00092176604
0aaeab61,0.00093915703
88673799,0.0009208478
42dc7180,0.00092459616
32f4050f,0.0009253774
f77d1403,0.0008956763
505bf8b0,0.012609766
d2362ccf,0.0012971781
9a70701a,0.0008892773
77fc4fb1,0.001100417
65b468cf,0.0009031787
cfa464bc,0.00094331894
572db5e6,0.0009007633
46645c9d,0.02724335
4fdc279f,0.00088290364
3fc51191,0.00089025724
05d4fae3,0.00086305867
22838e48,0.0008779776
effcd09f,0.00090243464
1a9d4112,0.006505851
98f11394,0.00092636637
6b5e0c8d,0.0008762154
af91457a,0.000883619
a81cb785,0.00092841056
be92aae0,0.0014107447
45013342,0.00090249605
21be8c69,0.00088812516
1dc8ab30,0.00093547854
16e1689f,0.00091935263
3d884dd1,0.0009119414
297da46c,0.00097561674
951db2eb,0.00087815116
58097fff,0.00092863257
e0117b52,0.00090492173
a0d20bbd,0.00089157134
ef0006a7,0.0010002546
9d0132b9,0.00087734207
d6c3299b,0.00088809594
8d9aa7f4,0.003592964
24a3e5c2,0.0008650033
25dcfefe,0.0014628028
889b47c7,0.0008868952
76e388f6,0.0008952846
fee9fae2,0.0008913947
f537d25d,0.0011830082
d56fde64,0.00087229983
78a3472a,0.2175759
7dd77aa6,0.0009522027
48e97ae8,0.0008683657
6a170224,0.0009608727
cc639faa,0.00087172317
e6d700f0,0.000896448
08487858,0.0008800648
b6fec01e,0.000943506
32916667,0.0011307131
52a71aef,0.0008850033
612d6db2,0.71665555
55662ec4,0.000867675
c40aa742,0.0008807795
15b652c8,0.00090513774
468e3215,0.0009444873
9e570af8,0.00088631565
2ae4cd31,0.00089474744
cefba8f2,0.0008925935
8320d764,0.0009184032
b8861738,0.00090772397
27ed4aaa,0.0008991152
6d6c250d,0.0008731572
4c462e5d,0.00087109546
5a7ddcf4,0.0009286795
4a5ec516,0.000889095
50732fe4,0.0013091367
727d35c1,0.0008854235
af3a6625,0.0011905323
108ac419,0.0008910431
49ce0a17,0.0008699159
0c220708,0.0009171715
321a4e39,0.0022064352
4cd5b978,0.00087908667
631c585f,0.00092321885
784d7c4d,0.00095096644
8ee93688,0.0008980048
403b3fdc,0.001834555
a27ed472,0.0009110894
6488695b,0.0009001241
90ca8ccd,0.0008973812
00c583f7,0.00093623466
41bc641c,0.00088921457
63240d7c,0.0013612054
c125519c,0.0014321274
236197ca,0.0008947013
8194b0b9,0.00087248435
0a3d41b9,0.00089738035
68a2a814,0.00085470837
9407b114,0.00085486396
ed92c6d0,0.0018490454
8b83e0ff,0.0008832726
0b69068c,0.0009157927
07289639,0.0009004253
4df21567,0.0008857339
6c9772c1,0.00087865
fe978f94,0.0009135668
a3518eea,0.00084573764
2ee9ae1d,0.00087884977
df81fad5,0.0008908712
b2fcfa2a,0.00093953917
e4412ece,0.0009420472
f5e00e3c,0.0009893111
6a64bb19,0.000882926
5193fe0d,0.00090930896
2922e227,0.00095754844
d518599d,0.00094406167
7e705ecf,0.00090139615
3a8321a4,0.0008565913
447bf81f,0.00089286605
c2fa168b,0.0008691028
243eabe6,0.00090828893
8c5895c0,0.0016088325
b124ded9,0.00087766687
728439a9,0.0009229823
07ff7d75,0.0009183065
a9b1fa0c,0.00092817703
51daa521,0.0008669503
07e52da2,0.00089083094
fb12ad4c,0.0010457225
1dec8526,0.0008955124
de459f2f,0.00091297633
1e3803e5,0.0016766151
e62eae55,0.0010082446
f0c03e6f,0.0011640687
c79728b8,0.0008940311
370900c9,0.0009099338
bebe0e9d,0.00088579603
c95074ae,0.0009237543
580bc0d4,0.00087616494
cb71f3a7,0.0012274039
5244c052,0.0010072058
502aef3b,0.000895009
5b374969,0.00090116943
e8bcf57e,0.0008840124
1a1cab97,0.0008792644
21e5902f,0.00084759644
fea30f13,0.19608742
e226c94c,0.00087669527
c365d964,0.0008551792
d651fc76,0.048746873
fd82a7f1,0.000897879
c4c0c33e,0.000853569
3b10c0fc,0.0008736882
5135a966,0.0009609551
5daa4ca0,0.0016959672
f877a277,0.0008768389
002499eb,0.0009372299
c4801b49,0.0008949708
f0116791,0.0008567966
b211fbc5,0.0008983925
d1a2e269,0.00088797254
0d586f47,0.001878575
425e650b,0.00087976624
064678f0,0.00092204666
301a3353,0.0009432948
13495eef,0.00091406214
09dc40a7,0.0008820158
ade6cce4,0.0011838052
1e3455a1,0.0009791347
77414762,0.0012569581
600fbe28,0.00086092367
fc30ae59,0.00089513615
772496da,0.0009278914
5db2bd7e,0.001877076
c40ca3ab,0.0011645046
6ee532fc,0.0009255224
557e0817,0.0012985368
1dc87ca9,0.0008661593
587eae75,0.0008699288
8ece37a6,0.00088575
0fc52af9,0.0008690387
12f145c0,0.053900253
84c93167,0.00088167086
1a899ad9,0.7405312
4a3b97f0,0.0012927079
6fcb6517,0.0009745985
bc0f5a55,0.0008593697
c6f61824,0.0019659586
5ea6827d,0.0009454038
73d3bbdb,0.0017045772
14435830,0.0017087278
bf920ae2,0.0010270214
a8ad694d,0.025805173
1de8a3dc,0.0008912001
a1446457,0.00087281776
acf61776,0.0008606034
f9e0c525,0.0008637605
1a6e6e20,0.0011048975
48df2e37,0.00089859497
decb0026,0.0008771239
818aba22,0.0014186498
67bb747e,0.0008445177
6a4bc3ca,0.00088035996
1c4c3fef,0.0011800039
3eacbe89,0.0008673229
ea9eccaf,0.00087230897
3e9fa667,0.0009000247
ac5535fa,0.0011082392
9adb4711,0.0009005976
f0c4749f,0.00090915477
6ae057f2,0.00089208933
5bfecc91,0.00088763656
3524917d,0.0009631078
c7e2a64c,0.0008665885
dd71f749,0.0008893374
f2e9f70f,0.0008783876
b1ed0c29,0.0009320666
9e8b8819,0.0009090889
9ae609cb,0.0008916266
33a7e886,0.00087718316
06d1c865,0.00094745884
881bdb38,0.0008917273
ce1a7868,0.00591709
dd253975,0.011863351
4de57e4a,0.0008733502
56e90953,0.0008658989
f38ae24e,0.00089223083
19b3e5bd,0.00088425743
4f203906,0.0008993681
6e195858,0.00089536305
82f44d8f,0.0008826115
becd2ab5,0.00086450524
dc9599e7,0.0009037275
3e35333c,0.00088011805
feee539e,0.0009127129
b1f12720,0.0008883702
0ce101ca,0.00087109295
8d913349,0.00088454736
23c14f72,0.0008697606
26b2c4e5,0.00089497253
674d653f,0.0008961424
ded9240b,0.000901921
5c68e8fc,0.00090863166
eb5c2dca,0.0008938611
a52429c4,0.0011309631
085ca569,0.00090245745
78edeb29,0.0008744989
0ab49e4c,0.0009017466
6b198821,0.0008810675
31fb3fb9,0.0009160815
3890a36b,0.0008788656
5816218a,0.0008561576
d13c04f2,0.001944444
0c31d92c,0.00095974136
472795cd,0.0010353917
ca93dbd3,0.0009040324
704c904b,0.0008783775
f6b980e6,0.00090734696
ac8ee8d1,0.000881164
f3a03606,0.0008824824
2b05d1dc,0.0008900618
8fcab73d,0.018361652
c4efc8c3,0.0009549319
2ef7d534,0.0009088693
f2b1a4d3,0.0009805132
8ba7c6e3,0.0008776735
0a6c0f3c,0.00087005855
6346c7b6,0.0009064941
40ce36e1,0.0009044002
519b53d7,0.0648225
55d4948b,0.007244298
fc8b7c4b,0.00092764565
d452156b,0.0009373914
ca8f7220,0.00091079
f70eaed0,0.0008545581
02efb582,0.0008750003
42ec7f95,0.00090759597
ecb28fbb,0.0044063483
7836d8b8,0.0009327787
9c4472d7,0.0009926695
abdf8f0a,0.00088899094
a62f5d21,0.0008865463
a5cc5b53,0.0008955867
3337db19,0.0010261353
09030342,0.0009398257
f4832a6d,0.00091757625
ce6d3484,0.0008919452
17342cc0,0.004648438
1637b7a3,0.0008695787
9f0c43d7,0.004207331
713b0129,0.00091839663
57897a88,0.0008693272
caef17af,0.0010731161
cdfb2d1c,0.00090188027
da09ffc5,0.00085055194
90a7ea5f,0.0009131609
fde7beca,0.0012615566
12218539,0.0025297513
113b15ac,0.001607788
737c7331,0.00087020616
aabee3b1,0.00091354334
a80e690b,0.000890949
2be8db95,0.00086217467
45d6ec95,0.0008761048
5a96351d,0.00096845475
8430082e,0.00090197084
203fe747,0.00089334935
9e9efa39,0.0011216006
98b3e9c8,0.0014311565
95d34455,0.00087386963
fbeae7c6,0.0008622195
71d9d45b,0.00091179105
5f918789,0.00088376633
1e108946,0.00087382214
1d5a0597,0.0008920289
dffcc1a9,0.08988237
4a269e36,0.000884581
9f286493,0.0008899168
1d4cd924,0.0008624664
236bd5b8,0.00094490754
40871b2e,0.0011223803
5350b0b7,0.00093612407
47c47d57,0.00087119517
146f0c48,0.00094615127
1cca33c0,0.00092877244
b789127a,0.000873084
36a55d26,0.00087170326
da81a902,0.00089938176
a464644c,0.0009268413
f80c4813,0.0010114849
e1da5552,0.00093970844
b13559f2,0.00088455906
0ad85f85,0.0008921415
2bab52bb,0.0008625559
c39dcd92,0.00088899175
cc1b6a69,0.0008478824
203ad523,0.00091626483
2056bfcb,0.0008739412
3130b6c4,0.0009226565
d15db5ff,0.0012888629
a15e3787,0.0008915128
d1806287,0.00093107333
d3da9479,0.0009200273
21f72061,0.000875037
1dc5c190,0.0011746595
4ab9c4b1,0.00094478554
cd96582b,0.000869157
efd13af6,0.00090976123
c486bc28,0.001911198
52d0c884,0.0009296577
e8e0f948,0.0008923073
35eaea15,0.00090080715
ec754b9d,0.0009171645
5326e651,0.0008604816
cda2185d,0.0010331898
d8c8ab32,0.0009913482
8feac93a,0.0008679455
05798658,0.0008941832
f89c5e58,0.001008223
a3d83793,0.0008910478
db45463d,0.00087091915
5b12b26b,0.00088985445
120fc425,0.0008709079
40f9f038,0.00088584964
afc6d093,0.0010585565
996144bf,0.0008798771
103b9cd0,0.0009200349
d7f52f07,0.0008766518
4343266e,0.00091826054
c22d24b4,0.00090259156
2afdef89,0.00087350834
e9a34583,0.00322569
d9dacc30,0.0009540215
8e8bee58,0.0008988634
7ffe67c6,0.0009522145
87ed226b,0.00085581094
4088ab42,0.00086570426
2ad20c03,0.34656426
3c79d8fd,0.0009505562
bf8d335b,0.00089646043
195bdf42,0.0035443183
232aa5e2,0.00097024866
2af6c506,0.0008653278
3573b346,0.0008914622
8190a596,0.0009897196
c5d93b9c,0.001473574
8bd9e08e,0.00091377104
ed58452a,0.0014334674
0ba5ef24,0.00088347925
6ba76fcb,0.00113758
88e6062d,0.0011775196
1c6f5090,0.00089240127
d78ab102,0.0053698705
8cd73879,0.035329804
a33d849d,0.0008915145
3e7cb3b3,0.0008988014
5cfe7466,0.00088967336
9196fc30,0.0008649262
beec1f12,0.000870832
e2cab352,0.0009387697
578a5a6a,0.001420497
89673f63,0.004335699
eb775676,0.00091535994
5f59b6a2,0.0011139016
b990d272,0.0013193444
310c41b9,0.0049833856
79ce1679,0.00087661255
360590be,0.00090835465
a8dd9aab,0.00085955835
63d57a31,0.0011241882
0ff8f4ee,0.0059488746
da6633d5,0.00090866594
a0730d55,0.014397208
5c240775,0.00089283887
4d1c0763,0.00085090374
bca6a104,0.00093332137
e1026805,0.0009055721
199759fe,0.0009159698
c90d8017,0.0009517274
b7f9078a,0.00088245457
6a044da1,0.00086792477
43c25749,0.00085109385
2a63aa41,0.00087180786
b37d1a1c,0.0012424221
5a678620,0.00088917295
6b88f304,0.0008752788
d16121cb,0.00088986213
5d25cd3d,0.0010614702
35594ac6,0.0011565612
937203e9,0.0009036255
621c810a,0.000955919
a8a7c1be,0.0012605601
49ba5677,0.0008830084
fd1fbd68,0.0008652461
3dfd5914,0.00090545265
6dd7a91b,0.00093800167
d090512f,0.00086893514
f6b74467,0.0009083027
21e21c60,0.00095419795
65b5fc00,0.0024629908
dcba6472,0.0008682991
490cae53,0.0009426074
cccf3376,0.00090867246
4728e45e,0.00093173096
5cd05bc9,0.0031037293
32bc1b89,0.00087675126
57336878,0.0010640521
b768055b,0.0009050532
b8af2425,0.0008961864
ac71b5bd,0.0008568954
d5b1bd1d,0.000896507
7913b5e2,0.0009040311
1387ae9d,0.0009074404
6000c101,0.0009443954
414a6b6c,0.00091687444
a96b0442,0.00087836664
6055c70b,0.0009210891
e14b9bb7,0.0051078326
d131a105,0.00089941855
ac505cb2,0.00090482517
2e3b3eea,0.00090184115
e8944581,0.0009031223
84003ba6,0.0009266669
0fc4f62d,0.00085858966
c585e42e,0.0012000931
9b8104c3,0.00091319875
e0f07a46,0.00091909466
c375fe84,0.00086609396
7d933cc2,0.00088064314
f916d70e,0.0012088061
8072a6b0,0.0008673985
713c22e9,0.00085392856
2840027f,0.001242618
80b59673,0.0009269976
423d6853,0.00089051854
5827b13f,0.000852206
7c860114,0.99840647
33e6c7e1,0.0021982128
82e75615,0.001787164
7d3ea2d5,0.0008664548
329df457,0.0014432843
5b6231fb,0.0008929086
8c02d3d6,0.00092704257
6e1a3fe5,0.00089969113
6791c047,0.0011139462
b6e0303a,0.0009162164
bc0f1f2b,0.0008694089
7df22801,0.017864529
a9361eb1,0.0008638959
ad10fec2,0.00085592107
6a27adb0,0.0011556091
d2868ed8,0.0008997246
56b7d211,0.0050439234
96d31caf,0.00090124237
25e192b7,0.0010563578
ad6075b4,0.000855868
62b2654f,0.0011649294
6b7ad45b,0.0008782989
45a5ef09,0.0009361766
ee1724d0,0.0008968021
07c52bfd,0.00091604446
a00d61d4,0.0008681646
5d8cc719,0.0012909687
5bb646a7,0.00089283846
69b7dfd9,0.0008823285
7c57c619,0.00088623335
df0c8637,0.00085585733
aa2039df,0.0009048493
7d09a311,0.0008651192
7f428064,0.0009187906
6b8a8af2,0.0011461688
03e73fda,0.00087959616
bf33f1e5,0.00090222707
b4c5d511,0.0009122638
e3a8ceb7,0.0008814385
115c2c48,0.0009407888
729f50b1,0.00087920146
ae4af6c2,0.0009109228
73951aa5,0.00664081
c0c2ece2,0.0008824798
a67055ea,0.00090213254
8bd74df9,0.0008819931
ec2e1efb,0.00088219525
41b78925,0.00089305156
21d9ce6d,0.000884592
7482545c,0.000909986
e593f554,0.0008822754
a2961e7c,0.00092419796
65f916b1,0.001424819
f06d9495,0.00087832235
8f095ce9,0.69128937
7309c9b5,0.00092091056
34c086cb,0.00094472937
68dd8bae,0.0009592738
b61a3b61,0.0009179487
c90e4df5,0.0070712036
84179073,0.0009790297
233a3a1a,0.00095178804
614538d5,0.0008738064
e8be6c12,0.00094789173
ffceb1f5,0.0008883297
0a142eb8,0.0009064249
4230ee4b,0.00086657656
b2d91509,0.26635277
4725784c,0.00088261225
e1875a59,0.00087443105
c9649f14,0.00092455477
63cf8886,0.0009404209
c033418a,0.0008820619
54d5753e,0.0008794843
e38ff52c,0.010601043
07fbd89c,0.0009908061
4248df45,0.0008672704
07188275,0.00092610024
c0eb69d2,0.0008761808
1c120080,0.0008809915
81d209c8,0.0009304969
7ba50ea2,0.00087404705
33d62702,0.00092237175
9db3f1d5,0.00091368426
88e92c82,0.0009003498
71159c12,0.0009952956
090fb779,0.0030974168
b77fa97c,0.0031331924
b2ae1256,0.0009322274
fd860c39,0.00094393763
0b193b2c,0.0008881361
b010c797,0.00088860304
f276fb3f,0.0009359163
ea207d03,0.00087037776
36afcf39,0.0009223884
c08f46f9,0.0011553537
9575d56d,0.0008625807
ebc36338,0.00087084767
d01e941c,0.00090931286
1b45c2ad,0.0009469499
758e90b4,0.00089815626
24af6a54,0.001852227
6cd47562,0.0008799889
e98d2e52,0.00086913136
96095cd1,0.00090738275
3058a5c4,0.00085551216
939f30d3,0.00091409794
8d80107a,0.0009250146
d9bc6458,0.00090537616
a6b0e81c,0.0009165146
732d76f6,0.0008991109
1f29ff0b,0.0034005777
4d1eaddc,0.0008761953
62d9e137,0.0008900427
f8674a0f,0.0008682991
cc2f9b21,0.0008859062
e076b7bb,0.00087679544
395f2811,0.00088688714
342d7f83,0.0009091028
31e5559e,0.0009023611
4011eba9,0.0008494023
ce84efe0,0.00086685613
77fa35e4,0.0008961461
27ff5faf,0.0008587745
4401b475,0.00092477765
f86c5c77,0.0008926543
96355abb,0.00088831654
6d055c12,0.00086681644
6b5d6ef5,0.0009403416
ff65613d,0.0008975044
63bcd43e,0.0008965361
3e57ce99,0.0008927177
4ae6df68,0.0012851482
f3cd4260,0.00086782017
17ede621,0.00085641217
ee915e61,0.0009597968
e0ce9be5,0.038018174
212a1c03,0.0008735782
89272596,0.00088918273
85611c03,0.0008974753
e6c6edb0,0.0014049902
c16d1b45,0.0009244975
918e8545,0.0008760005
78cb57ed,0.00090321613
8b576ef9,0.0008870811
b87e6be8,0.00089161383
7f537770,0.0008878342
2222da04,0.00087982
46b65a66,0.00094090984
f85e977b,0.0008949017
c420fd97,0.00090380164
eef8e0d2,0.0011447208
291247d5,0.00088407926
d74d0e54,0.00087671104
9934854a,0.00088541844
eedc514f,0.0010753839
1c55f409,0.00092526054
febb312c,0.0009135067
1463ebda,0.0008979175
548e83f4,0.0038482281
55b7814d,0.00088662945
3e3a9c69,0.0047318954
c5a61121,0.03450439
6b06c6a2,0.0009016525
f01b0407,0.00094222854
e57f5304,0.00085957523
89f78e8e,0.00087707705
78ecc6f0,0.00090400694
087f5f06,0.00091369037
e68f6255,0.0009030423
37384e7a,0.0008804816
13b04422,0.00090294686
afa4a1a7,0.0009355231
e858d2b2,0.0009169854
214c829b,0.0008814075
2ffe3782,0.0008927695
1be7114f,0.0009339155
4eb1a4d7,0.00089795305
a49f9b4c,0.0008659592
9f7ed18d,0.0009026242
7d2fc717,0.00091345096
dfe25b4b,0.000854105
92ec0cb1,0.00086871075
5019c304,0.00087254005
c9e47316,0.00088208047
f03c41fe,0.0008795886
1cd79cb1,0.00088683475
14ee7658,0.0008847711
42266a09,0.0008621049
db99f545,0.0012051275
6511b2e4,0.0009200669
50ca9122,0.0016910526
fd62c2eb,0.00095114915
dcc98ede,0.0009476375
e29dc1ac,0.0008673964
1cc32049,0.00087594625
1d2db75a,0.00087536545
c841b043,0.0009164325
956dc626,0.0009998708
d32463fb,0.0019202242
5ac191c4,0.0008482267
f1fa26cc,0.0008573695
8ced5c1b,0.0012933913
ceae0dff,0.0008703322
9460a950,0.0008466133
8d3c8478,0.00087421155
55d41439,0.00083869
519ffd31,0.0008666917
336aa517,0.0008776004
082841cd,0.0008912783
b7c81a0a,0.0009009555
49727937,0.00088877534
148a0af9,0.0008672035
3e4d735f,0.0009556646
d726d06b,0.00088108086
438bfd80,0.0014562946
b497b82e,0.54478073
f6666893,0.5742781
88b3418c,0.00086841243
d306410e,0.00089848664
f1a15fd0,0.00085995946
4008d743,0.0038111035
47fd5ee2,0.0010453137
0eb196c1,0.0011407129
751f038e,0.00085693377
8697cb01,0.0008958905
23d5b16d,0.0009364059
2ba75831,0.0015276682
7923401d,0.00086274015
38df883e,0.00089663087
cf72ba3b,0.0010685001
8f830a74,0.014187083
821cad5e,0.0011009198
8121c114,0.0008660082
03ea9cbd,0.0008801809
99aa4740,0.000859083
a46e1a14,0.0009028564
246e6777,0.00087681215
d8e8b0ec,0.0009872372
cbbdfb13,0.001864264
22f7b3d6,0.00088312157
c895a1c0,0.0010083512
fe6834f4,0.0008842676
f4d4770c,0.0008924697
7e5720f2,0.0009435837
1f3cc858,0.10964496
72346226,0.0008747619
f4d2d162,0.000871577
f9d32ccd,0.0011619981
e3517110,0.0008884862
2a278ca4,0.00085129304
ce443a8a,0.0008620613
983df878,0.0008690758
852c81ce,0.00086926314
4e1db6b8,0.00086080964
a519b661,0.00089297915
3baafa42,0.00091917394
16018dcb,0.0008867212
b4b17917,0.0014856105
b5c97bea,0.000868072
3c6e3b11,0.0010444844
f78c9719,0.0008813937
1e3a5675,0.00086615764
f3102d3e,0.000863853
a1295879,0.024862321
cafe4194,0.0008720173
2d167208,0.0010777479
4f179b77,0.0008729526
dbb0b98c,0.0008669891
660eeb2e,0.08964837
55e6309b,0.0008625749
2262ca01,0.0008619209
ff00c4f9,0.0008809373
f58c0b92,0.0036168399
34f44d0c,0.0008536568
bfb11763,0.00088504347
ab9f0f34,0.0023714157
b5e34eb1,0.0010497856
f76c6b61,0.003075127
8d4b5494,0.0009011823
4faa7bbf,0.0008664621
c7567f70,0.00088063226
bdc34948,0.0013603695
50802374,0.00088818365
2cab217a,0.0044755107
0a94a787,0.0008430475
b9162984,0.0008798745
780055ca,0.0015094494
7eb69907,0.0008696048
9973ddcb,0.0009764327
aad27cda,0.0036056978
ae66d729,0.0010034327
afaf53b2,0.00085506425
38308c5b,0.0008486612
ceba0594,0.0030711594
0287b85e,0.00089061656
e6529ddc,0.00085269014
b3977fae,0.0008794998
3ffd2353,0.0009035643
02bbfcb5,0.0011442874
bc0481ca,0.0008674113
e688d7e1,0.0008839151
07677915,0.0008571208
ce91d340,0.0008519543
2017fa49,0.00087340974
4a0306f6,0.006409652
a05e33a1,0.0016641628
d58003e6,0.0008601557
d89834f0,0.012744793
d0adff17,0.00091634865
aced66b5,0.0015586925
a0864bca,0.0015824024
2e2ba8a0,0.0014158518
9d2e7236,0.0008645843
bb5e306a,0.00086922327
d2691f75,0.00086512417
dae0a373,0.0014390498
7d04d80d,0.0013733832
456cc24b,0.0012104057
17141899,0.0008599102
924ce18b,0.000887112
cbf61805,0.00086852163
f279372c,0.0008862896
d59fa522,0.0011470305
7d1087ae,0.00086562906
5ca2740d,0.0008925071
6dd9e62a,0.0008470668
29778a6d,0.0008830425
1947b523,0.00085603155
583b3103,0.00085934676
e7954665,0.0008594901
2b69f580,0.00086674135
5563f188,0.0008713852
b1282801,0.0008799092
2ffcbe68,0.0015459161
3b392396,0.0009502831
4d49d81a,0.0056700506
64b32d08,0.0011142276
fe53eb29,0.0008645521
5b09481d,0.0008547548
49aed0c0,0.0009146887
71f8005b,0.0008744735
0c7500f0,0.00091205
4846433f,0.008321333
9ad935c8,0.0008583589
33581cb9,0.00086079194
55817168,0.0008740645
15732041,0.000860664
e056d95a,0.0008989576
ebe42884,0.00086594804
a1b5c5f4,0.0008493954
51423428,0.00086391484
58ece760,0.011260058
89673d2b,0.0009260817
e6de2201,0.0009593118
1137ff51,0.0008680869
294a3d43,0.00094362197
6ca564e0,0.0019130545
b91f7133,0.00090540905
15bfbf61,0.46269688
5f3cacc1,0.00089371507
91339174,0.00091035874
d2600277,0.016077662
4f1a198d,0.0024302213
9be954c1,0.0033459777
87b18604,0.0008945606
bfbf1a53,0.00088583195
c85128fa,0.0008587558
097a65c6,0.0008926326
0e4643f9,0.75736976
15f1d448,0.0008606541
fca91485,0.0010195955
7a836a22,0.0008820586
90877bc3,0.0010003723
cfab5830,0.7039044
5e1d8b0f,0.0010511015
b5349ad4,0.00085416046
8949ab21,0.0009371923
d5620bf5,0.0016630983
e09dbacf,0.0008838666
7c48cc0e,0.00086810184
08303751,0.00087738875
7c34b42e,0.00097013824
c929a030,0.7219445
661cad0b,0.00092112913
39f0323d,0.0008876281
595133a3,0.0009027146
9329df58,0.00086971954
9eb90f7f,0.0009745721
f4f7dde8,0.0009258179
aebf235f,0.0009338084
9eee9ef2,0.000879029
0bca990d,0.019945942
e51e2bda,0.00087873125
f4f9a460,0.00087141094
9ebce667,0.0012017265
692f6623,0.0008598681
bdc95849,0.0008978354
c3409a0a,0.0011477947
a8928a60,0.00084400363
c4f7f13b,0.00085060793
2a19c5b2,0.00088930305
b1f90205,0.0008809252
1cca93ea,0.0008939258
46895594,0.00088240247
ff8781a3,0.0008420764
b019d3fd,0.0008548533
4a373fba,0.001075052
aaf5733c,0.0008785375
f2f86b22,0.00085283397
117bdc8b,0.0009553036
07b26bdf,0.0009775414
f163dad9,0.00087226165
2fa0c76f,0.0008580299
6a15c0a1,0.0008668718
d3ba841a,0.0014089193
76205370,0.0008715907
8326ca31,0.00087242114
587c25ae,0.0009092332
2c4f9768,0.0008933035
d2c2774e,0.00093789847
8f1bd3eb,0.00160379
2339f2fa,0.0008484668
35e6f14c,0.0008769366
2845edc6,0.0008748611
fa90d27d,0.0008663367
8f7264f3,0.00095442025
de7849d7,0.00088535686
9c6f3624,0.0008599463
9a875847,0.00090348814
393c07db,0.00086486444
ae620e66,0.00090239244
3b6dc5c6,0.0009981043
bff141e2,0.0016862586
3672768b,0.00084630284
3265c882,0.0008831519
534ba378,0.00086643506
4aad53db,0.0019275894
049862eb,0.0008462891
81280575,0.0008799768
73aa3c19,0.000846855
b8859643,0.00086022215
c2253c8b,0.0008517133
d48b9dfa,0.0012007133
2d34a0e4,0.0008409891
0f7bacf8,0.00084723264
aa1bffe5,0.0010648029
18835570,0.00088247523
6c8ba26b,0.0008930465
3df688cc,0.0011507472
38523539,0.0008720372
9c335573,0.0008878054
969128d8,0.001481968
4bc53d90,0.0009475261
f53ece13,0.0009230681
e7384cc6,0.0016334264
2a683456,0.00086682226
7a34a987,0.00084912265
f8a50123,0.0008997417
e29905f3,0.00086323917
2a40b9b5,0.00087642716
ea28504b,0.0008483511
c0394762,0.0008863735
6e8f97dd,0.00091450225
058bb630,0.0011440733
6f856ec3,0.00089300395
58e6e4fe,0.0008575578
bf909e84,0.0008616335
0f87e7ee,0.0008551951
04cf33ae,0.00087504566
02487df4,0.0008888384
da2402af,0.00085240824
63b5be44,0.00087220926
27309220,0.00088406913
c81a29eb,0.00086758833
a083f032,0.0008887355
4e92f071,0.0008760318
5316836b,0.0008686122
b8106c21,0.000855136
5f251953,0.0008592599
c685ef9d,0.005300409
b2dd79f2,0.0010387034
52c2c200,0.00087351166
8141e06b,0.0008841632
1934a0c7,0.0008711012
2094e1e6,0.0008913718
26840f69,0.0010687286
9ad41a55,0.000852539
4d8f8653,0.00089613715
fb7f7691,0.0010047245
a5c8e309,0.00087531254
a95686f1,0.00087801437
d98de576,0.00093327876
9e535b6a,0.0008594978
aca592ac,0.0009277942
c4f47415,0.0091379685
1aa388f2,0.0008893942
be4accbf,0.00088288507
f05ea92f,0.0013317462
343bbfd6,0.00086763286
ec7fca13,0.00088397565
2ea1b762,0.0008619225
68870f38,0.00087936193
0b2bd6ab,0.0009918781
35c03dcb,0.00088041957
ef6b1f1b,0.0008740553
9474c318,0.0008526228
a06ea7db,0.001157525
bd06aae2,0.00086660584
6aa7291e,0.0019813145
edef1653,0.003689318
13fb50ed,0.00086840376
20f6c6bb,0.0008665803
1fe69a21,0.00089269556
afcc3e86,0.000995902
019cbd36,0.0008485682
075a0f11,0.100408435
6c432498,0.00084954913
868e1970,0.00085532013
9f678741,0.0008682635
6d7f139f,0.0008975977
3838a399,0.00085673045
6571d8c9,0.00085983286
81178a2e,0.0008458392
1902ffbb,0.0009263976
2670fb35,0.0008538674
8b90f166,0.0008732167
b441424a,0.0008761332
bd795483,0.0008504417
34ff8eb1,0.00086083263
3ec6a076,0.41776365
cb2cacc0,0.0008599681
cc8bdb16,0.001572094
41af08e1,0.0008820066
090a9c52,0.03579539
30e56455,0.0013827702
e4dc328e,0.0008547597
3954c8d4,0.0008516889
6b169bf7,0.01874016
328f45ff,0.00090718357
6d0282d2,0.00089636224
19db2a52,0.0013830304
2d282837,0.0008773792
dbe6b1e5,0.001682064
d87017ac,0.00091788656
bee587b6,0.0018561895
7d8eaf4e,0.007749492
bf0f476b,0.0011255945
8baac585,0.0009641718
f25ca02c,0.0008763394
31615f9c,0.00092838134
6d259682,0.0011034638
20e45131,0.9427839
52ee5afc,0.00086985715
9fb52f2f,0.0009929418
57c26c4e,0.0008764868
4cfe56f3,0.0008803776
2a31b969,0.0030489175
e016e032,0.0009530776
7ca92226,0.00087020197
e3d382cc,0.0008876438
7208fb5f,0.0013622203
6d348620,0.001216022
f40366d9,0.00087888486
7b514cde,0.00088447233
105e8cce,0.00086542417
2656752f,0.0008750307
8b1c0f81,0.0008807274
b1157972,0.00089050457
846a4e22,0.0008525009
32be14c9,0.000878278
19e58e95,0.0008832049
3d388432,0.0008540908
a2170c4e,0.010456142
3b12e549,0.0034222712
417198dd,0.0020279412
816c8459,0.00087003823
a895782e,0.00093278533
b5165f04,0.0013969264
d507b1c0,0.0010739216
9ddf9b94,0.004012042
c2071a1f,0.00088178966
123ce698,0.000988815
61030292,0.0023586417
85673b68,0.00089767977
14d05a17,0.0011417136
7b9a721d,0.00085430604
b38825a5,0.0012940111
b16e5ea9,0.0008806679
e8e9194f,0.0008810423
bce40c6f,0.00087488437
d23004da,0.0008534753
141fd23a,0.0009148308
45c4bdd7,0.0011213901
46fd1ed0,0.00087991345
00c91b9a,0.0011508629
35ba3faf,0.00086996204
b92371b1,0.0009781162
198a225d,0.00084535417
f8e0a996,0.0008573908
6234e702,0.00086226105
eb46e8c3,0.00086962845
6299aaa9,0.0010361297
ea913125,0.0009594745
3a073180,0.013419351
72746400,0.0008479519
d9542710,0.000896495
5726c678,0.00094732025
0c853031,0.0008638017
5e918fe1,0.0011245803
81d7e8f1,0.00089573726
c6e1c81b,0.0011740106
d0ea6aaf,0.0008684414
04e1ab3b,0.0009559069
793b74a3,0.000894767
15008169,0.000891986
edaece1e,0.000888338
6a2f11d3,0.0008432476
5db85a61,0.0009084854
89422690,0.0008885632
1b0ac733,0.0008843864
99eed317,0.0008548778
5102d3f6,0.013310386
e5632867,0.0008663574
7ae25db7,0.00084543147
cae53724,0.0008659191
613cdeba,0.0008853091
0b9f5302,0.0008547141
7f9376db,0.00085347856
2cf30ace,0.00088022
484296da,0.00087900046
f2aa277e,0.08956114
980462a2,0.0008537682
89457645,0.016113311
6149a458,0.0011970538
f1c58887,0.000847353
51018ab5,0.0008465685
ff9a286a,0.000982841
5f105d92,0.00086673634
ec1dc17c,0.00086493697
ff9e9fd2,0.0008837479
d710bed9,0.00087005855
ddfa9e2a,0.0012182851
daf861b2,0.0008548819
0a592281,0.00084861385
43d22f10,0.0009031658
02fb12fa,0.00086962845
22c58ad2,0.001160681
7d427c9b,0.0009109453
bb5722e4,0.070264585
00a105ab,0.00086898555
fbccbe61,0.0008602889
79bcec8c,0.0008557033
0fffedec,0.0012069518
2b98f512,0.0009465385
9b21536e,0.00086547947
893a6570,0.0008892374
96d6bfab,0.00089676544
c7e364ff,0.0011676234
127d70d7,0.00085348677
cc66597b,0.0009182338
3dd174f9,0.0008934116
a58373fe,0.0008363333
1e16ba1c,0.000930661
da981795,0.00085796
090fb576,0.0008723697
3adbb758,0.0008534591
bc6e36c4,0.00088694674
e35101b9,0.003342924
d27149fd,0.00085079914
29802132,0.0008802505
17b652d8,0.0065992866
b6546ba0,0.00088403805
3fe1073d,0.0008597202
09cff9d1,0.001093406
6f6045f3,0.000874399
47be3cd1,0.00088818365
e2f1966d,0.007112661
9e87c821,0.00086974277
d361fa45,0.001053347
12986325,0.0008596301
cc7d6893,0.0008462068
b0fd736a,0.00085826655
d0f14333,0.000877108
9a5667b6,0.0016069724
dd80ef64,0.0008514415
775ed5d8,0.0008680364
d5018adf,0.0008733278
64e734fb,0.00085639907
1dde3eb4,0.00086425984
7730e13b,0.000915907
af03afde,0.00088518223
91851d2f,0.0008473247
9ef1dd3c,0.0015681442
c6f4c7a9,0.0009971468
6c75a970,0.0008509252
8fb071d0,0.0076089907
915a6fbc,0.00086356257
35aa4b22,0.18927276
9bc52b01,0.00087441975
3b4fcc1e,0.0009099147
27864504,0.00084867247
3fe37976,0.00086003187
7aa625ed,0.0009035097
89d9b692,0.0017218431
5d79566d,0.0008680534
80ebd4e0,0.0012888176
49ffe74e,0.0017834845
c7894388,0.0008534348
356b9d1d,0.006813553
c5b09aac,0.00089363207
675a93a3,0.00085742056
7522e2f3,0.00086085673
da5fe49e,0.0009139095
616811d8,0.0009438989
c190a76b,0.00085390004
0e907493,0.0008856107
feef3b4f,0.0012273216
342b7ae0,0.00088003627
954b4ec3,0.000881562
ebd0fe89,0.003615563
05bdac3e,0.000873952
a736b00e,0.00085904467
a57503e1,0.0009003455
4b7173b1,0.00090916164
cd17a291,0.0008622971
91e7d10e,0.0008645901
f7374f26,0.0008667434
d9265777,0.00088559097
0e6f3c90,0.00155609
d1383864,0.00086453895
a11f8f87,0.23006277
d07028a8,0.0011221035
31330bdd,0.00085431506
da50b158,0.0018123577
3cd85656,0.0010211325
a1c38dbb,0.0009014846
a0bdd654,0.00087339093
b28ececa,0.00086327957
66bc2cb5,0.0017607656
eac94932,0.0009489476
416028fb,0.006556642
8a39ba7f,0.0012813666
82a8931a,0.0025494203
fc0e70e5,0.00086550333
6b743908,0.0008725679
fda46570,0.0008947819
c00efecc,0.00087068055
393fc19b,0.0011268272
fef20822,0.0009435069
afde89e6,0.001019182
a8e37ac4,0.00085868785
de8be753,0.0009024205
afbf29cb,0.0008747927
1dc20067,0.00086451106
2224eb04,0.000907916
0112f833,0.00085640396
b5b76169,0.0008971855
9a4c1813,0.0012958617
ecd73ff9,0.0055981907
10d3627d,0.00090655487
b69fa642,0.0010018322
ddb83f3f,0.0008664317
0b3db08e,0.0013514946
f574894a,0.00084740826
49a73032,0.0010402828
9c87d4b4,0.0008822658
4828bdaa,0.0008598558
74d30ce6,0.0010133041
fad3c69a,0.0010185883
d2acef11,0.0008592673
deeef99f,0.0008871614
412d3c4c,0.00085451046
5aa23499,0.76262987
15b35328,0.00094529835
37b99f6f,0.0658269
f14e9718,0.0017547064
1e93fe0d,0.000909897
66785aec,0.0012218468
0520e281,0.0011606694
1e4bae0b,0.0008491364
4ac49e8a,0.00093278
4d2d757d,0.00087015843
f74df3a2,0.000848867
bf714cfb,0.0008949934
548ccf67,0.22984138
bf5865df,0.0022508234
f02ec770,0.00086800125
4c2dec33,0.0008728374
115ca1fa,0.00086058
b1473f1e,0.0008828558
8b1b69ba,0.00086618244
3a906f45,0.00088481116
4a0bb7e1,0.003298247
22426e7f,0.00087664055
851ad672,0.00087788224
1f687244,0.00085080485
0a2197bd,0.0010362645
461e3855,0.0009112869
9139554e,0.0009977306
6a821cf3,0.0008595715
330e5ba1,0.0008993903
6a588d80,0.0010561515
dee8a85e,0.0008555476
53647e30,0.002620834
9b25ef64,0.21556349
cc092158,0.00089303503
fa1c39db,0.0020236215
29b4b3da,0.0015472193
f518a133,0.0008538162
8820624e,0.0009642636
a10d776a,0.0008513489
981533fa,0.12574984
7095e14d,0.0008784864
98ec78fe,0.0008844774
08511130,0.0010741318
82387a78,0.0008597743
04dffa72,0.018102622
5598665f,0.0025018775
b4ff0d51,0.030236643
cfe25f4c,0.0009683985
19c16075,0.000878982
0732fd59,0.0009715636
a04082dc,0.00087159156
4a0568d8,0.0008592321
2d820f63,0.0008571045
b74c24fb,0.0008885852
f618f055,0.00669776
d2d3247d,0.00090508215
f7e3c7a5,0.0011890206
3365d09a,0.00094171026
81b5eb8b,0.00088224316
4a12e999,0.00097215344
a5d2d689,0.00086872774
c8766e18,0.0008641544
037d1295,0.0008850502
2cd183d2,0.00088143226
b655db2b,0.0008829744
4c0f265c,0.00087322993
cc97c1e3,0.00096075056
dd5ececc,0.00085295265
9d91622a,0.00088021025
4bba879f,0.0010232384
7a1572d0,0.0012281524
3ad5d1e3,0.0062360684
cb486664,0.0009545407
c8408171,0.0008486236
9b238015,0.00097458606
760e547c,0.00085932866
b79bb7e8,0.0008969393
46a6efe7,0.0076943254
76edefe3,0.0024425208
f6fe1d29,0.0008709598
268e6f64,0.00086213695
99f2086b,0.003433782
86781407,0.0008696326
b4abd7a4,0.0008635453
66b2885f,0.0008982021
24ec5ae5,0.00090531504
4019bdce,0.0012526034
af3602a8,0.0009895114
2eb3cf51,0.0009812887
45dcc84c,0.0008761604
a6c46bea,0.0009369763
21575de4,0.0009938793
5bf7464e,0.0009019649
a3d024a3,0.00092811155
7b64b622,0.0049701794
5ba39f4e,0.00091421814
640eafaa,0.00088752917
e0623822,0.000964816
90ee1194,0.0008862574
cc22c9ba,0.0008442409
40d6f7fe,0.001357649
8497b2f7,0.0008816712
4eae57f5,0.0008652346
7226852d,0.00086144544
0ffc0e52,0.00088969676
63103502,0.000873684
56b7f7bc,0.00087312347
340214ac,0.008962491
5f49f9d5,0.00084571034
f2965e10,0.0008546916
46a4fb33,0.0010358889
1c5b892a,0.00094986666
54086724,0.0013763177
5025634a,0.0033482143
62c9ab6c,0.000842363
88310da0,0.00092621666
99c199c6,0.00086533016
f736fdfd,0.00088517804
8c990e33,0.0009344982
bca70a05,0.00089088606
bafd94b7,0.00089489185
4c877aba,0.000850719
509f0af5,0.0008956788
910a66fc,0.00091400126
79ccce8d,0.0014655489
635526c0,0.0008634848
f10dcd85,0.00086376414
182690af,0.0008465149
7d6367f1,0.001337438
808eec20,0.0021174618
e979fcd3,0.0037105656
f31751d9,0.0016496109
89ac44c2,0.0009198048
9c57d965,0.000874321
e0d9e6ee,0.00085143663
0ebb1bb9,0.0010226712
cb0da666,0.0008623661
e5b3cb71,0.0008492716
e70c94b8,0.00088866655
f78c519e,0.0008598263
bc700a2b,0.0008439694
f662605c,0.00087812316
ee080c02,0.00096978527
54722480,0.30522117
30a75f68,0.00085940247
92bf7cbc,0.0013451467
f5530308,0.00085212936
1b59c094,0.0008649345
26cf4cec,0.0009015816
b44cac70,0.034579437
724ec2bf,0.00090501015
b0b08461,0.0008757518
35f9265e,0.0010952262
b0180331,0.00089111185
7a55679d,0.00085507
8421757b,0.0008825614
d42dc00c,0.0008854763
24a58f61,0.0010939711
71c5f066,0.0009059695
dcc47f15,0.0015283376
16df7cb9,0.0008619932
ebd210d9,0.00090207957
b42ee41c,0.0047427886
ec74e84b,0.0012709894
f5a3e6e9,0.00090713263
c1814896,0.0008736057
9873eea6,0.0012015377
f3db1a2c,0.0008602475
283e5fa6,0.00087303657
b91dfda1,0.00091715966
92bbdbb8,0.0008466048
81286064,0.00086155144
e2954492,0.0008813597
aa8f77fa,0.0012375561
627ae7f7,0.0009105193
9aeb2355,0.00085538777
ecaef122,0.0014649036
b4681d44,0.007755456
337a307b,0.00088004133
0cd9dca9,0.0015709283
c22ef2fc,0.0022092683
4809bd13,0.001137766
01e33346,0.0008750102
9e4e666b,0.00093246636
15679f3c,0.00086802605
cde3ac73,0.0014608677
220d9131,0.0010838158
c2b9034c,0.007920613
2eb35ac8,0.0008774323
00b33163,0.00088289863
7a05ffa7,0.00086105487
c46e1eaf,0.000907372
9323c52e,0.000933977
41c472bf,0.0008757802
b4cbff02,0.0012654912
a168fecc,0.007314247
0e23cd93,0.0010186732
72605dc1,0.00087187684
bd3fbfef,0.0010876184
9c74d915,0.0012567808
4c5194d3,0.0008820771
2d2633b8,0.00091029634
4cc3fe77,0.0010589941
67b2d10b,0.0010321935
5cfded17,0.00086870365
14181ca2,0.010668786
bcac5dac,0.017453348
685f1d05,0.0008550916
9eaa2ccb,0.003201724
3a06d16d,0.000875162
cac832a2,0.0008610689
4df8e5fb,0.0008707589
39bc3a83,0.0008739146
b9e99e76,0.002287861
eb2bc24e,0.00086210447
b04025ba,0.00088488613
020661c3,0.0008625141
847f2952,0.0011245378
d522d84d,0.009153136
460be3ff,0.0011396094
bcd304aa,0.000869918
1c583bc2,0.0008759313
25a4b7ba,0.0031462142
132154fa,0.004693634
71c25adc,0.0008759066
b7e05cbd,0.0008721453
3bc336cd,0.0009796708
b5c681cd,0.0010422529
f83a5b4c,0.0008569297
6ba1592c,0.0013695941
461c2e53,0.0025364102
76765ec6,0.0008828683
446fe6a1,0.016311666
56950910,0.0009247028
ddb6f8b4,0.00088534044
a484b20f,0.00088052446
d5825bb2,0.00085740665
526664c4,0.0008663392
c84e5f1f,0.00091716496
6713bd5e,0.0018333024
54a87323,0.00086641184
96a357d9,0.0008716933
26fff265,0.0009551339
573b86d5,0.0009481957
e4a6444b,0.00086039794
be47a5c0,0.00086126575
99c99c6e,0.0008603455
afe50985,0.0009054422
9584e611,0.0028471116
1f461800,0.054070983
9d08c5b3,0.0008614295
84659295,0.13098045
7e113bba,0.0023571926
2025fd5b,0.00086849683
9573a908,0.0012424553
76f9ed93,0.001075304
5fb75d2e,0.0009150818
616fc5d1,0.0008667099
95359cc1,0.0008697233
2de66fe9,0.000935474
d676bfe5,0.00087824615
f0ed1718,0.000959352
9b353194,0.00091750623
9fe0cf2f,0.0008891273
29bdd805,0.00086369057
a430fc18,0.00087664934
96c0b1c6,0.0008471407
acd85763,0.000949982
bef48f51,0.0008644582
2b9fe04c,0.000869633
94105c0e,0.0013253316
feaef6c8,0.00084648986
815819bc,0.00085716974
a7553b9c,0.0008472109
07a75ba5,0.0045519006
9f633703,0.00089608936
759ec082,0.0011052018
826fb89a,0.00087820354
837efb01,0.0010307335
267b193c,0.0008695199
073b57bd,0.0009684251
c939be12,0.0008582567
900af991,0.00085033564
ec1616ba,0.92542243
2346d987,0.0016152483
711b44bc,0.00085099775
48b56a77,0.0008916826
919bb2e6,0.0014678569
c0e7e39a,0.00084799266
dd19538d,0.0010467188
570d6104,0.0010396637
eee8021d,0.002234926
9a4e0d29,0.00085078576
95ccf450,0.0011853601
a6d4bcd6,0.0008400897
74395426,0.14902805
ede08595,0.14345236
0594ea30,0.00085958093
bc751cbe,0.0013754684
22d6b0c9,0.0008902445
63b670d8,0.00093487924
0fcb950e,0.00090406934
315f3747,0.003379876
866fc107,0.00084963377
4c6bc16e,0.00084662624
7b6670de,0.00086823985
6d37c0aa,0.0014172378
907db46f,0.0008742386
d74a470e,0.00092289655
0979bb54,0.0008764354
28883934,0.0013753002
6f378058,0.022691337
fb934917,0.07903101
db66b47d,0.00085971534
d1fa57d4,0.001956371
42c65399,0.00085148035
22d293d1,0.0008470858
526eba3d,0.0008626074
636eaa08,0.0025197687
bb68e8a3,0.002570412
708103cf,0.0008533144
c1fa65b8,0.0008538008
9d511125,0.0008480351
090f9112,0.00089123414
721a7d8d,0.00090950826
d909fb80,0.001159624
be2a6636,0.0008679571
d6bb10d3,0.0008554066
13ef7123,0.00085332704
d3befa0a,0.0008848302
2656bd01,0.00085908716
42020442,0.00086091296
1caff603,0.0008795225
ccc7a6c6,0.0008523913
7d873654,0.0008790666
533cb4ab,0.00087087305
e2b8cb04,0.00085129344
6a21713e,0.0009654753
570ca8d4,0.0048147924
6579230f,0.0012227842
e91ac9fa,0.00084728474
e36e59e9,0.00084192085
6c40fc39,0.00086120784
b8f7c02c,0.0008698526
4c6b6392,0.0013962487
990cddbc,0.000844888
bce7441a,0.0008475012
8dd72604,0.0008539683
ec152ea2,0.0009147854
58f8f238,0.00091088633
b0fa35c7,0.0013189876
54c3c7e4,0.0009594022
dd76eb7a,0.0008540099
bc03a69e,0.015098686
e71bcabe,0.4550483
00732aed,0.00084363774
53bef6a5,0.0008585827
fd4bb361,0.00091468514
1856fc1a,0.0011776957
6122f395,0.0008712985
5843f0e5,0.0008944089
cc422b6e,0.0008524835
1c004001,0.0008595924
fcd78a75,0.001182362
49fb62d4,0.0022163403
f3140ad0,0.003519563
ffc0088c,0.0008655735
2466944b,0.012261172
755d7fc4,0.0008778934
76bb6ada,0.0009036319
824768a8,0.9988243
c5129c76,0.0008451576
b05eca23,0.0011990475
624864ee,0.0008583905
f739a744,0.0014373506
0eb2aea5,0.0008615674
04565663,0.0008605488
3a0431ff,0.00087885733
e64148be,0.00086466916
ad2a6418,0.0051310365
2764945c,0.0010764203
9f7f70b8,0.0011457003
54d4684a,0.0019553879
3e0429b6,0.00086839794
f5a35d2e,0.0008765211
749adc58,0.00085886207
354ee1c5,0.00085657655
8f55ce6f,0.0026938373
98f91212,0.00086004625
3003372e,0.00086158334
713c5eb8,0.9396336
3f90ea0b,0.0008933715
b2bac15d,0.0008870985
e13e6157,0.0009146712
ec0ddfe5,0.0012027519
5ad57c7a,0.0014149293
a09a20ff,0.0010421686
85ef94e7,0.0008393383
f3514df8,0.0077173393
19d27cd2,0.0012864359
ba6385cb,0.0014199188
52804366,0.00086677395
b34da55c,0.0011959842
194d4cea,0.000878946
a03a1c13,0.00088022
70ea3a43,0.00091417896
1497fe87,0.0008814512
729337f8,0.0010013551
08455ec6,0.0008632524
beac7863,0.00084529456
86dd6114,0.0008741399
1d3947cc,0.0008761499
d8686cb6,0.00085868785
fa303340,0.00085190247
e8a93f24,0.00085555663
d6b6af43,0.00086819945
321c5cb2,0.00085954164
20df80b2,0.00084990537
aa5247a2,0.015961787
15f9dd7d,0.0008783801
98c6d7ab,0.0008501872
4f084228,0.00085030275
7a4e4a4b,0.0009268709
78971648,0.0011103747
f106c1e5,0.00085378817
ff90f43c,0.0008591515
9c01980a,0.0018759561
40ee2baa,0.00093144964
7d21b6ab,0.00095484185
f5cea960,0.00090773427
7433396b,0.0011383247
049a4feb,0.0009586826
a1531b63,0.0009190829
8914867a,0.0010374702
5a9dafdd,0.0011503575
912edc58,0.0008477696
34e5e73b,0.00086818077
d09dbc6f,0.0008666207
514365d8,0.00091327354
89c6c854,0.0012544033
574bef75,0.00087790645
8f5a498d,0.00086052134
4ad26d7d,0.00086554216
f05ca3a2,0.00091586506
fcaac806,0.00091259246
448b65e7,0.0017168246
d8f43fcd,0.00085435866
50917946,0.0018047428
d6d8a0b9,0.0008767755
38fbba06,0.00085512793
54515192,0.000849835
707dc955,0.0009680704
0528d0f4,0.00085756026
634e2b4a,0.00085154496
8b964ba2,0.0011224081
a3227eab,0.0008641519
f63f74d7,0.0008733261
3f8d5f7c,0.0022709353
088cd99d,0.00086223223
9fb53477,0.00093813037
74778559,0.002007264
917a23e9,0.00084413186
b6999431,0.00084369327
18b00b11,0.0012308847
6ddeac90,0.0009968859
755cb615,0.00085777027
9c4446aa,0.0010332636
b7afaa72,0.0008630369
2ae92afd,0.0015660491
31ac184b,0.0008558892
8a963238,0.0008983266
00e02246,0.00085244235
238998a3,0.21275397
96b68255,0.0021678787
e59c4700,0.0009762291
a0600700,0.0060305293
b4cd61bb,0.00087869895
1230106f,0.0010915652
39ac0d2b,0.00084568607
5a02a2eb,0.00087776966
cdac25ef,0.00087192416
cbad0faf,0.00085987383
65431e41,0.00086894416
c307d569,0.6057371
97b3a1b3,0.00096056284
07fa10a2,0.00089651643
6c7dae2f,0.00087642553
2e376206,0.00086581026
66f7282f,0.0008609146
1916ae29,0.00086871156
061c1414,0.00087852863
1d9267f0,0.0008914456
47abe023,0.00093666965
7cadcff5,0.00097395387
edbc37cb,0.0008546798
31cb53fe,0.0008525853
3ccca7bb,0.00085336965
63bb64d1,0.0008549103
8b93a4bb,0.00093077583
09917ba4,0.0009213951
9635ae28,0.00086757337
de7919ee,0.0009138188
2147b93e,0.0008487005
75e427b2,0.0008910813
623795c8,0.0012375896
2c49bac4,0.00087752636
10acddfe,0.0009562847
54301f17,0.0018472389
389c445d,0.00095867214
b11ce4a3,0.0035645138
1d9a6fda,0.00086405565
af323d02,0.0008656601
c9e0dcbe,0.00085307745
de4a9e40,0.000901433
33cc799b,0.00091181014
35180b04,0.00089163345
dd79f746,0.0008577588
31dda7e3,0.0011669192
dd4e6fc7,0.0010973304
8871b6ea,0.00085772906
9c3e450c,0.0009091928
6926a3f3,0.00092061976
d3654adf,0.0008905182
712d5c98,0.0008649584
8af68e62,0.000862406
d907ba32,0.0009151415
307a3a89,0.004001021
199e0afc,0.0008536572
6847031d,0.0008480408
20243eb0,0.0008580229
6e0f9773,0.00558217
4024ca1b,0.00086232054
105b2423,0.0017778229
d623b7e5,0.0008564726
594a45bb,0.021334158
74154aca,0.009450421
4d9abc71,0.0009955543
b3686da9,0.0009373637
35901e7d,0.0008529754
4320936d,0.0009414079
dcafb521,0.00087615073
6a50a201,0.0008634243
2e7e2369,0.0027735082
06a114bd,0.0008633363
cab4da5a,0.00087310886
6d313332,0.0008486066
2ca13e0f,0.0008736778
29659b80,0.0008646168
fdb1f097,0.0008813067
3a7c782b,0.16228496
33561d36,0.00086501933
806729f4,0.000868005
613a37bc,0.0022152227
1ce4d9b0,0.0009084759
b549f1f6,0.00086980074
6badf5d5,0.00086455833
9e31e54b,0.0011615035
7be2a5a3,0.007249899
2bc9095e,0.00088496
95d505ec,0.00087382295
5f8c25ec,0.00084899645
b6d560ef,0.0038401026
60b47913,0.0021904798
35524675,0.00087074644
f7189746,0.001236249
682d4743,0.6559544
d9c6bfb0,0.0008852636
65dcba2a,0.0010750864
2d939a57,0.00088492833
41b77109,0.02065899
d03e2ef5,0.00089444045
674db252,0.000853129
be33f517,0.010784842
606d4e65,0.0008867821
f1911392,0.0009035032
e5d406e2,0.0008784918
5f425fbf,0.0014060717
94c00223,0.0013876067
fc2d14d5,0.028146803
9f6b05ec,0.00086663186
5264ebb6,0.0008482901
8dbc07ec,0.0013661342
073ede1c,0.0008731451
d9878de5,0.0010675305
e2aab0cb,0.00085052144
773e5134,0.0024504808
9820e5a6,0.0010198007
fbcd50fe,0.0010519094
2485821a,0.003055868
560e4568,0.0012756559
15dee3b7,0.0018026008
8590817c,0.00086900714
68295a96,0.28010207
688f29fd,0.0008562163
1022e368,0.000850928
7b9fbbc8,0.0016114771
db4710a6,0.00085998815
d28681d9,0.00096822035
0b06c65d,0.0008650433
ecd394b3,0.000890825
d9c790ff,0.019402586
b18aaedd,0.000882357
3ec074b5,0.0008685928
af650b7b,0.0008705337
2acd1f59,0.00088200194
a894a8bf,0.0008800274
18a77503,0.0014075139
971ae56a,0.0018206612
ac5ed25d,0.0008917813
674ecea7,0.00086282473
03215f82,0.0008648608
9df1a687,0.0008635577
7b84e18f,0.0008506301
b5bc3db4,0.00088645035
93f7c920,0.0012277787
7470eb3e,0.000851706
619eba1f,0.0008968081
62bad014,0.0008605341
013f8633,0.0009091205
f6a0945e,0.0008696376
6f252b82,0.0008490543
b2921367,0.0008560377
001e9490,0.0012744786
21266fd5,0.0008789594
9241d5d1,0.00087004114
9f3fcde9,0.00085557165
448038d6,0.0017596076
8a6f88cc,0.0010576311
8060293b,0.0008910924
7cc4f80d,0.000852526
70089976,0.0008625502
aa391379,0.00086297607
5d43c9b7,0.0008438018
7439c43d,0.00086913636
b279760f,0.00085447915
c295feaf,0.00090714893
880e1e02,0.000886363
931c3e5d,0.0013234698
21633fab,0.00084177364
e939394d,0.0008655644
6f02b845,0.00095099316
7e7035d4,0.0008729634
899f61d5,0.00096224184
c3a450ea,0.00088260265
58dd6037,0.0009922443
a7587408,0.00085013616
e14324f4,0.00085297826
43128306,0.005057865
df96b6f0,0.00086446566
60e74ae8,0.0008483035
ee8f7473,0.0008479551
27e7b954,0.0008536861
656192e6,0.00090111996
cbf98567,0.00086564483
86bedf56,0.00085280393
8b62c4e5,0.00087409443
674a6f93,0.0008731293
3c975ed0,0.00084721204
45a44998,0.00084857515
2324f264,0.00086050195
665a3287,0.00087752845
987549dc,0.00084290735
99d9d39f,0.0023302578
f128b92e,0.0011942813
c609c150,0.0008533295
88c00c05,0.0011439719
36d42229,0.0008678668
283fbaa3,0.0033311283
8f085caa,0.0009844896
779aa116,0.0008822124
6713bbfa,0.0014278684
bdd78107,0.00085893256
54ba1f4b,0.00086226227
0617b402,0.00085412455
93db59fd,0.0021620379
716cc89b,0.00092576677
d3805663,0.00086465303
70feb083,0.00086906424
893dee0d,0.00087647384
d6fe9428,0.0008925429
97982196,0.00097528636
92aa4c97,0.0008705412
e72a18b8,0.00088690285
f77175e0,0.00086614233
7ecbfb90,0.0008698273
272b6656,0.009925054
9c714e88,0.00087180245
8343d94c,0.0008471959
f3cd88a8,0.00085748435
b8597a4a,0.017525528
a3ecf905,0.00087044004
4a11bbfb,0.1269817
bd9c82a5,0.00087178143
e264f066,0.00084717735
3c2495bc,0.00087148487
528d28d3,0.00089569803
e8c37585,0.00086268835
c2021339,0.0013902592
fcb6c71d,0.0008574132
f6f40f7e,0.001138044
e1991f04,0.000887041
22dc03b8,0.00085481827
14d5534d,0.0008728078
0f2aa1e1,0.0009021926
f537a659,0.0008555459
7ee4d15b,0.0008897315
8bac8920,0.0010750194
6ae8d4b6,0.0012667207
9d659da0,0.00085249444
37ba7eb4,0.00088838884
8ba004e6,0.0008578014
c61df9a3,0.0008790976
d2499215,0.0008514609
825208bb,0.0009905068
75c108c5,0.0010606636
8e131079,0.0010633022
7e7a0823,0.000946699
527cb1ab,0.004433523
5f7d60c0,0.0008850586
08c017c1,0.00084928214
4b0a771a,0.0008580539
3a0ae216,0.0019239874
9f304b8d,0.0008641437
8e8f1a54,0.00085967634
2e1bf507,0.0008477669
99f87eb6,0.00086588855
8811b5f1,0.0008664069
e489833e,0.0008939846
5e76f3fd,0.00087312097
f47125f9,0.0008479943
ccf80de8,0.00085199374
1ea6fd7e,0.0010359511
af8cc750,0.0009977658
542e1f76,0.00088467624
eb6f90ce,0.0012883928
668262d6,0.00084247574
ef62d63b,0.02657397
533af99b,0.0009477875
d29cb46e,0.0012045177
81d38b40,0.0010749056
952505fe,0.00084696955
da0a5f64,0.0008863089
da7341a0,0.0008615449
44f262dc,0.0008597309
6316b580,0.00086595217
7c32277e,0.00086868595
07595df4,0.00093336985
2efff786,0.0008717731
1706ecc6,0.0009986598
29b4be09,0.0008520121
fb32dccd,0.0008471806
260a0619,0.00086594635
032ae56f,0.00089673896
b1548183,0.0009591678
3b780417,0.000970167
0d4d0660,0.0008617624
d9221685,0.00094053475
d0be0bac,0.00085543026
17942383,0.0008556027
bb463564,0.00084782025
483ccfb3,0.00085016864
b6f9e4df,0.00090507057
eb073bef,0.0009067912
c8446da9,0.012586489
e7e3753d,0.0010087922
f242ab74,0.00087048596
dbbee7c7,0.00085523055
c6da508e,0.00085406844
7a237b19,0.0008743223
0fbb4c54,0.0008623296
36eda05d,0.0008709328
5a433364,0.00086062995
96650316,0.00090648024
10533cd7,0.3220295
e34cbe0b,0.00095087814
38a18aa2,0.0010915461
8aea4562,0.00087160355
a9488469,0.0012534418
938c0df3,0.0008892234
836240ec,0.0008712424
fd08ffc7,0.00086351566
04c06f6b,0.93653953
618bf3bf,0.0009586986
04f18b6e,0.00091051834
f46a9e7b,0.0026531
96f3915c,0.0014317646
a08f97fb,0.0008705138
825ebe34,0.00087955676
f601f57a,0.01719907
6cb46dc7,0.0008644007
1c7dd60e,0.00088489376
a6675710,0.0008792099
29df35fc,0.0020167187
334d7258,0.0008533762
d8b9d77d,0.0008561478
63397e5f,0.0010591673
6ec9693a,0.0010642532
747c1695,0.0008843286
42c7e6d9,0.0008868352
2b72440f,0.00089618756
bcdaedbd,0.0008537201
7ec521a1,0.0008621961
c5c923fb,0.001059572
929f0f60,0.0009988615
1ab5b7a8,0.0011697203
f809f325,0.87922883
57056899,0.0008679645
abde2aee,0.0008592043
d1f6ea98,0.0019212334
2ad61e20,0.0019710332
402ff4c2,0.0013947702
12c67be5,0.00088543486
d569f1fa,0.00087558327
06df3455,0.0009389172
7ed0eb57,0.000863493
ff5a43dd,0.0009667051
7dd8eb9d,0.00085383776
b8ad1cdb,0.0009350767
bd702165,0.0008937168
7e395a8e,0.0010891131
55425e70,0.0024047282
08852fef,0.0009210045
f3ef53de,0.0008816486
928af646,0.002209569
b172f5b7,0.003694536
f3a69ec3,0.0008637918
cbca1cc4,0.0008623686
5c2d1f39,0.000880402
f576a667,0.0008712632
46aa2d6c,0.00086261233
72e954bb,0.26266125
413f89b8,0.0012864255
93a6dffd,0.0009957261
66cb170e,0.029709984
d71c6e75,0.0010267075
4d6014ab,0.0011076154
5ab9439b,0.0008726208
cda00454,0.006006109
6fa8eb84,0.0008532306
70247ec5,0.0008971423
9949aa1a,0.0008881734
388fdcd8,0.00087284826
9edd6abc,0.00085459714
2dcf3257,0.00085780467
522b2fa3,0.001264846
ba894d14,0.0008543146
3f61df43,0.0009899719
d9d8e2c9,0.0008600816
8ce47f54,0.001373677
5f6bad79,0.0011153246
d647b536,0.0010762161
33b89095,0.00086263893
dc11e368,0.0009191915
e077912b,0.0008771631
9f49662d,0.0008535783
cf2d220b,0.16015619
3fcb8821,0.00089034555
497d1e5e,0.0008634802
fc6c7cc1,0.0008916784
083ab3ea,0.0014242844
1655c765,0.0008542304
6a773ee5,0.0008689906
bee35d33,0.0008742165
3fb77f10,0.00086762384
73e64ebe,0.0008584465
32e0b5ad,0.0011846749
a4d9b23b,0.0015529018
04e97442,0.00088312663
280288fc,0.002333123
18e62441,0.0039376076
09802f03,0.00087665935
6bf824fd,0.0008611402
96d76730,0.0009054082
01777b87,0.0011643841
ed0723e7,0.0008641939
ceea2f80,0.0008818856
b1c41ee0,0.0008898596
661c80cf,0.0012072272
192bed23,0.0010059994
4668d68e,0.00085765834
70b31ca9,0.00087338436
b328a546,0.0028323627
c545090d,0.0011030271
a43a7498,0.08176877
b9325112,0.0010098548
8ecbf3cb,0.0008636897
e7b42142,0.12661432
add52b60,0.001310969
bd28daf4,0.0011893484
d8c0c29d,0.0034754516
eccf00ea,0.026651831
d1b4e4cd,0.0008965937
6eb2774e,0.00085076306
60900cb3,0.0018588108
60293da3,0.00086511427
5b9c0fe9,0.00086155144
c412ba93,0.0012639783
d1b5f379,0.00094985706
fa098f80,0.00085271377
4978cc77,0.0010106239
774fe236,0.00085737975
1c132a85,0.0019940143
11bf928a,0.1280419
2b22dc19,0.0011672187
b9a14905,0.00085251546
8c7901bf,0.0010658766
7f0f981c,0.0008422691
b83bb31a,0.0014185767
b216a1c1,0.0010424207
d38a5a7b,0.0008627409
1b052641,0.00094335637
1d15a919,0.0008850346
bb1edc8d,0.8844105
f5fd3147,0.0008876671
6204a376,0.0025944666
d870b54b,0.00086797774
627822b7,0.0008855306
a289dff3,0.0008538878
390f87ad,0.0008721668
a1f3265f,0.0015948991
3b8b67b0,0.0012058532
292092ca,0.00095633126
4f2684ad,0.0008553569
94e92ad9,0.0011043273
f9b5d1b1,0.00085679337
9e5472d9,0.0008536747
0b9d9c63,0.0025345855
9cab0da6,0.0008786236
620a9aa5,0.0008738721
b4b22e19,0.00087558787
a0b5b03f,0.0008486203
09fbf24f,0.0009800824
9d80861b,0.0009301366
91b54111,0.0008619571
88cf451e,0.00085262035
606bf3c2,0.0008512825
8f8b313e,0.00090078136
72848da9,0.0008777885
4e865eb9,0.0010917432
bfa14d7e,0.0008759496
ce108b42,0.0008564627
46cbce69,0.00097277976
d52cd392,0.0009162338
cda06e28,0.0008802111
c3d53559,0.0008788254
1b8d82dd,0.0008597013
e801ee70,0.00086433557
54384fea,0.00085279584
415760c0,0.001587931
dd88e0f1,0.00087656063
b7e94e24,0.0009588535
b41b0402,0.00085016707
92ef3826,0.00086075783
9182da7d,0.0075709256
7d6725f8,0.7220064
905d8d1d,0.00086297694
e44b3d6a,0.0020393285
32d76866,0.0008624475
9f04e097,0.00086970796
341d96bb,0.0133555895
3ede0529,0.00086071366
88d4e7e9,0.0008741894
a690eb26,0.0009304579
cf032bf4,0.0008553935
1183c022,0.00085520686
44c68617,0.0008860028
ade4a7ec,0.001020975
50df1a53,0.0009170124
17370056,0.0012734266
fc155780,0.0008837651
aa523b24,0.0014591055
dfe122a6,0.0008974702
1941c6ce,0.017290654
e8d4f0aa,0.0009004089
0ed43c0d,0.0009055713
b43ab5db,0.00086076366
22d60bdb,0.00091524655
79bd4c06,0.0011283492
bc73a879,0.0014610208
634c00ab,0.0010957959
8fe5ceb4,0.0008703662
837166e6,0.005136296
f3329064,0.0038360003
689a24c8,0.0019530518
0f031c4f,0.000855017
9d095b90,0.0009706037
56b6c30d,0.0008546766
ad8f944f,0.00084392726
56a854f1,0.002525289
cd2aff9a,0.0068193288
320e2ffd,0.0012816124
79df3ea5,0.39768696
a09ce6c5,0.0016776817
150695a2,0.0019481836
685ddfe3,0.00089478394
41181bda,0.00090726215
5261e8e0,0.0008797588
ed7a1792,0.00085186545
c66728c3,0.0008658729
fbde350a,0.00090843864
64f12f59,0.00085158297
8954c822,0.0011332819
42919544,0.00087276957
1d9c8099,0.0013941196
9de4cc9b,0.00086161867
4b1a7fd3,0.0008588473
d8dba677,0.000855136
9063cdfe,0.00086681393
608442a5,0.000850556
d8d63913,0.00085889164
7d6cde4f,0.00087890966
fa2c52c9,0.0009885879
7e80ac91,0.00087237055
1d35a2c1,0.0012483996
35c3beda,0.1048209
684af5df,0.0014418983
de056594,0.00087158236
51eece81,0.00084032223
4b65a4fb,0.0008646156
c3988e70,0.0014044129
bef004f3,0.0008851009
9942bab2,0.00086190575
b9e57d49,0.00096315873
b2113739,0.0011466707
55e0c16d,0.00085210096
67a3a855,0.00086649816
8066a105,0.0008818856
0f1eaecf,0.032016803
44524b72,0.00085755455
6e9c66c9,0.00086212874
fa1368f9,0.0008606168
44488581,0.9971378
9adfe0ea,0.00087644043
1880eff5,0.0009893553
e3a54351,0.00085517793
3f3b51b1,0.0008735121
a02ff9f4,0.00084206276
5a07644f,0.018007506
088f61c6,0.0008823201
93d6a4e1,0.00087612733
0f75b886,0.0008699973
d0f92294,0.00086453813
1f3317d9,0.000840374
b0fe557c,0.0015472171
ffd963c3,0.0012449204
405b4654,0.0008630155
c77d1dd5,0.00086221
cdcaaeb4,0.0008689169
52ba9061,0.0008757247
02cf1b9c,0.00087081786
ddbc1e73,0.0008562106
3ed6a975,0.0010073191
d26a276c,0.0008807627
50e93c8e,0.03280632
eccdcc8b,0.00086123706
3719f536,0.918542
da059857,0.00095695566
2b1b0bcd,0.0019544407
6ec45b83,0.00086394686
7d63e3ff,0.0009289937
38997f43,0.0008601094
dd7a6ef2,0.97544026
3980a361,0.00090371235
55a89ced,0.0008530901
046d171e,0.00085173926
633a5495,0.0008701439
f3134da8,0.043352094
483da6fd,0.0008844184
635244ac,0.0009178307
d6e9d5de,0.0010425212
5c9a2ab9,0.0008704222
70b71987,0.0008864137
9c0a26b8,0.00084658666
8d99f10b,0.00086965866
46e80705,0.0051449463
35aa5160,0.0009915517
b630917a,0.000850894
3d35ca07,0.0008537116
95eae2cd,0.00096109754
a8b7222a,0.00091171643
087a472b,0.0011859067
1c5c1055,0.0008601004
b254d0e1,0.00089603564
947d6dae,0.001844115
004471ca,0.0008562339
981dfb91,0.0011182484
45a2b03d,0.0008676569
090d2108,0.0008636234
ffad9692,0.0008712499
473d5dc8,0.00093025446
57d24fba,0.0008840577
d88e5b21,0.0023445752
7f213e05,0.0008501006
b736383c,0.0008753281
7bc9f4df,0.00097571756
a03814c7,0.0008571873
4e80bc6a,0.0012368255
e60a53e6,0.0014669417
31328393,0.0008692821
d43f7444,0.00087502605
1e92d9aa,0.00087264186
dcfa1e99,0.00089383975
0ad565ac,0.00089219684
4507d477,0.0008825028
a35feabf,0.0008747311
25adba96,0.0014275168
4887d35a,0.00086862093
1cf32b03,0.0008463689
5d34a95a,0.000868837
9b1b7bfd,0.0014784862
35e5ef00,0.0008544412
b7978867,0.0010691565
2857f505,0.00085273973
023e6645,0.002615087
cf915486,0.0008670085
d5e0cc5a,0.00088320876
f0e35ded,0.00090928597
bf5069fd,0.00088191824
35f525ed,0.0008728635
853540e8,0.00092627323
df540b21,0.0008643281
b12507d3,0.0014708778
3c4c3888,0.0008621788
6bb0b615,0.00086285855
dcc9f0a2,0.0008511929
2cb15166,0.0010664834
685107dd,0.0054518366
23fd2b99,0.0008820494
44d28b29,0.0008579763
e0ed0865,0.0019760476
92bfb960,0.02838119
11acec7a,0.00085275754
95218b11,0.0022456355
b16b242d,0.0008863917
83e1ff9c,0.00085485866
1593bf34,0.0009842457
a2a3c3a6,0.0008845996
cca1a532,0.0012335535
030eb0a8,0.0014286214
b8c9a7ab,0.0008494212
a3b1adce,0.0010679913
1e6a709a,0.00090837415
ddcc8b15,0.0009879933
6b124f09,0.0008560777
a73f7258,0.00092225394
f1c1cf21,0.0009808191
bbfec0e9,0.0010410561
8c8d2b8b,0.0008568104
b94ae498,0.0008872899
172a8b9e,0.0008473833
4dbb694b,0.00093381497
1f2a26ac,0.0008625247
61c7865b,0.0008525691
6193935e,0.00094607007
6244e792,0.000860416
727f48a9,0.0014606591
a5ff5f08,0.0014072707
bfc84c0d,0.0009093076
d2b3bd1a,0.0008769647
2b168b6a,0.00086018024
54c7581d,0.0008531681
64b25d65,0.00087261497
a1aa3583,0.00086894666
37748b2d,0.0013495506
6685dc4c,0.00088160904
c01d9f78,0.0009499527
9459b67d,0.0009362369
6d598690,0.0008633216
6cdbf996,0.0010824389
82ed92a2,0.00084771035
01d89d6c,0.0008996295
aab48577,0.00091153826
8990fe50,0.0012319343
a6a7eb5b,0.0008723622
0db41883,0.0013237396
a7f4358c,0.00084038946
998128b9,0.0009012101
7f13d835,0.00087458186
e95f0da8,0.00088978995
9537f018,0.00088701525
01fedb76,0.000987965
c4cba583,0.7116581
b8fd3bdc,0.0008773646
ec1d409b,0.00085106306
0656a78c,0.01144285
06d922c8,0.1619883
462fd94b,0.0008717647
bfbe6084,0.0008679654
c09cb7d0,0.0008498698
a5952930,0.00086496834
dc4c80df,0.0014098113
81c89075,0.002817926
4458920c,0.0008721752
fd231328,0.001106352
b7047a49,0.0009667529
53c63c79,0.0008477119
65c63265,0.0010350533
adbf56c0,0.000856005
048d5889,0.00085009576
bb557946,0.00088525686
12e3e4c2,0.020204486
85fb8c4b,0.0013172483
f91938b6,0.0008509362
f885f466,0.0008797688
77a2dd4b,0.00085632806
fcdd64e1,0.000964372
530d0bda,0.00242156
ad2751fe,0.00085604994
61b84150,0.0009229858
2ff0a3ce,0.0012600368
f349b023,0.00087471434
8a0e55e2,0.0008914575
2b1d25b0,0.0008620773
8d7d297c,0.00095096964
4883619f,0.0008658456
4e820221,0.0008936393
6ef63869,0.0008583239
a0abace6,0.0008508008
4c683e77,0.0012724379
2e8eb6cb,0.0008496896
b0b9fcb4,0.0008738567
3e587d48,0.0009640855
56a2a79f,0.0035336204
2a933e08,0.0008535185
1b92eecd,0.0008960574
13926711,0.0012500777
75855340,0.0008641149
44cc59d3,0.0008550341
481e8a46,0.00084889284
0bc0acf6,0.0008649972
17865b7b,0.00088559807
ca21c25a,0.0008561719
a8d14623,0.0034877418
051a24d4,0.0019941176
044cd949,0.0008765611
c95b2628,0.0013191309
48470c9f,0.0008617369
ae7c5550,0.00089606247
b386b8f4,0.0008670115
3a88122b,0.0019849995
6704ff2f,0.0012574214
f56791b6,0.00087551144
47f80fe6,0.0033322226
ec8b28ee,0.00086489157
5d809cfc,0.0010989435
8b64decd,0.0010116083
0cda0fa0,0.00088356814
1b5851e7,0.029542694
85de12ba,0.0008700896
28a8e623,0.00086579495
90242dbc,0.00097097043
0b297f8b,0.0008581023
e3036d6c,0.0008603381
1ec794c7,0.000852702
3532f369,0.00088169175
bbca4ec1,0.0031321743
ffc14d3d,0.00087895733
245d0613,0.0010102494
5fad9c99,0.00088113046
d0244db2,0.0008828027
e7ea46a4,0.0011442194
7ed71b97,0.0011230926
4b0ea10e,0.00085419614
88bb51ba,0.0008669813
f76d57fc,0.0009834344
8f698608,0.0008600639
bb005222,0.0008729763
ebf5a851,0.00086897734
60df60fa,0.0012471683
39ddc27c,0.00089131657
c759ce8e,0.0068246014
e8db5ecb,0.00096324546
94a30b5a,0.00086448796
804c23eb,0.0012676369
0645e44c,0.00086458557
65776a79,0.00085061754
a9a49040,0.0050146934
45bd2f88,0.0011867667
f8f0237b,0.00087677717
0155831c,0.0010285759
c4910d96,0.0008709992
46e31df8,0.0009010882
2a2050eb,0.001633204
5447936a,0.0008625724
dce07706,0.0015512252
1e9a5384,0.0008836881
e7456fa0,0.00087214407
e83eae7c,0.0008990057
53c143ee,0.00085549336
eff61952,0.0010064968
5b370d0a,0.0008537605
32c0893f,0.0009206575
f767ad92,0.0008574332
bbbce9cc,0.0009601036
7eee49ab,0.0050319154
f1a51a44,0.00089202845
238195b8,0.0012831076
48837542,0.00087316043
508657eb,0.0008488427
28e35776,0.018855507
8e76592b,0.0016160128
78a8bc31,0.0008765078
b1d4cb74,0.0012463275
ca2e8768,0.00092617003
ec340b88,0.0010000631
7cf67813,0.00090507866
4cb2d0ab,0.0011606232
406b5762,0.0008769542
b928c6dc,0.0008529315
25da47d0,0.0008728722
7c030df4,0.00088706164
00f16e4b,0.013774783
e377cb3d,0.000946902
7ccda820,0.00088225113
c425e061,0.0008713346
c7c6f232,0.00086448423
8b8d0b20,0.00086023565
317e3f5b,0.00086167944
b3607485,0.00089133094
331454db,0.00086384645
82638e7f,0.00097608205
cebf927b,0.0008527264
cafd5094,0.0016040815
95ebed3a,0.04203929
0122e474,0.0011172545
c80f7859,0.0008587967
ef977e16,0.00091802527
2bdc20ea,0.0010780822
6ef63c29,0.00095534045
8fdc75d7,0.0009840787
c893a975,0.019955456
3b4abb20,0.0014152195
540aa657,0.00085505133
ecffbf4a,0.00087116193
01a6daaa,0.001025756
1e3c9d2a,0.0008500706
25411c56,0.0008614537
7588bbf0,0.00088372425
22a367b7,0.001469305
7b3212a0,0.00085289247
883dd128,0.0010493896
327d5cb3,0.0009722567
b9f4f578,0.0008652205
98719075,0.0021745337
3bf2428f,0.013742295
c27c398d,0.0009369383
80705b14,0.0008410884
12c6d267,0.0009179619
a0999796,0.0009048993
044a75ec,0.0009094073
b3b4e087,0.0017422553
b97c440c,0.0008706486
315bd14b,0.00085431425
52610fc3,0.00085277134
88fab8b0,0.0008638399
04bc4b14,0.0008503247
047bdac3,0.00085923326
84ae93a0,0.00087186194
b80105a1,0.0015118568
681e4223,0.0009038003
1d7da676,0.0014397606
4bc992aa,0.00088473194
abaf6204,0.0015429793
bb54e8ba,0.002925598
269e0931,0.001914449
a7ab0c2f,0.0052007134
3964216e,0.0008574287
986b3e67,0.0008902436
663fd237,0.00083924393
470ea04f,0.0008561421
2e330ebf,0.0014674418
91a0b10c,0.001348501
70be59cb,0.008782138
8b0e4ada,0.00146517
337dec7e,0.00090316456
ad42909c,0.016359093
c51035e8,0.0013116505
d29ae445,0.00086072145
af0031d0,0.000855114
8b66d340,0.000932198
824aa4b1,0.00085391145
b585fd56,0.00093190453
c327fbc4,0.00087615417
08cfbf68,0.0009910789
68255a5a,0.00090412196
3577adb9,0.0008466812
9a1d2887,0.0030913288
93a74519,0.00092297525
8688c113,0.17568517
1a85ea64,0.00090104924
131d0ba3,0.00093203824
7016a4ce,0.00086603465
66eccdfe,0.00086872815
4e16a639,0.030078683
dab4d957,0.00085084734
8286e2ff,0.00087842275
454e7ab2,0.033895683
eadfc41b,0.0020008981
d0b62efc,0.0008648719
99596f3f,0.0010298893
ab92a788,0.000860082
ff597c53,0.00092271983
82e7efd5,0.00087100704
a694a7db,0.0009283233
a7935068,0.0039580003
4428c7dd,0.004511371
7a29650d,0.009888877
692f28d1,0.009472921
1e3976ed,0.0009975072
41988386,0.0013594448
bcc59502,0.0008843729
9388d519,0.0008901852
381c2504,0.0020836794
15a37c01,0.0012156431
28863d7d,0.0009529809
5ec2fd3e,0.0059841294
468c084d,0.81784314
1a629119,0.007526628
82e82ab6,0.0008660297
ac61b170,0.00085141143
3cfbed7a,0.00084119313
dbe5c0d5,0.0010527521
8453cc04,0.0009154503
47c316e5,0.00084079365
c557e5ba,0.0046352763
c167eff0,0.0008564452
45245a04,0.0017452152
38365971,0.006115311
7b0016b4,0.05937794
5958f7f6,0.0008728718
ce4110c8,0.0008754873
11ff6122,0.0010667904
50c7517a,0.0008583054
449037c9,0.0024718824
2ac9c7ca,0.02501047
9a6b1fa0,0.00086812535
2b3ad425,0.024871986
eb529bcb,0.0008526585
35042fae,0.00085444853
d21c5825,0.0033914044
c76f0af4,0.0035304388
a60a577c,0.0008491061
2348da83,0.0012624868
48cea4be,0.00091596803
94ba6067,0.0017230451
e9f484d1,0.0012515474
dc990f98,0.0018964361
2901eb3d,0.00087535137
5606a025,0.026752157
ac1ec95d,0.0011262161
7012b18b,0.00088185316
a3fd64b5,0.0008567043
b0ccbf99,0.00084738655
35b22ff7,0.32198027
0a15a0ab,0.000852096
19348e9d,0.0014432733
4b563bbf,0.0009522213
6764a707,0.0008514422
efa5cc35,0.0021297857
b0b241be,0.0037541399
0fe7ff1e,0.00085541554
784965de,0.0021117588
9bfd2534,0.0010467547
7c212be8,0.0010510485
d89d71a6,0.0008715081
e7550e7e,0.0015084724
e74949ad,0.0008688382
74439b53,0.0008444529
db22943f,0.0014880911
b3813423,0.00087488774
a4adc5d2,0.0008695621
4b3c1508,0.00442751
f253fc18,0.0008500107
1675b6bb,0.0008568677
ddee73e6,0.00086092605
b88963c2,0.0019616794
ee52b3d1,0.0008553185
c1019606,0.0012591089
c01cea20,0.00092347397
1769d8e4,0.0008440334
34669e96,0.00086642924
62cea698,0.0008476998
49046178,0.0008914821
6998cd01,0.0008691939
8c326dee,0.0008682044
db296982,0.0010662306
e655078a,0.00085050083
145bf2d6,0.0014188646
bdb940d9,0.0008906467
1a1d7724,0.0008594335
71bb5fba,0.014084112
ef92cf88,0.0009057041
aa8dbd24,0.00093349034
959bb124,0.00084791513
934b286f,0.0008700486
e4851f14,0.0024777139
8ebdbe65,0.0018829153
aeaa5647,0.00085568166
8382dc2d,0.0018331812
90178cfd,0.00086506555
d1016604,0.013856609
6bb75edd,0.0020663086
dda7ac90,0.001397659
435eaea3,0.00087804743
524f65f1,0.0017696063
c899914d,0.0010360102
1a321415,0.0008594131
e8a9769b,0.012451945
4f191ee1,0.0008522353
fae902ff,0.0008649642
a61a0666,0.0011804001
49e31fb2,0.0019622731
c6c13a11,0.0010880159
0c6f0cf3,0.91992134
2f2d7ba7,0.00086706755
36220bdb,0.000881996
0683c948,0.0008777873
f1d6e0c2,0.0008490374
87c1bf8c,0.114605255
9aaaef57,0.0008477572
057a8848,0.9975585
167dcd79,0.0017956268
18a2849d,0.0008509565
62052ab8,0.0008404011
dee9416d,0.0011152405
b16f1e33,0.0013602386
fd247af4,0.00086376665
68f42a08,0.010032155
290e9920,0.00086745474
a2c45424,0.0008613326
51a499ce,0.00092422
af3276eb,0.042457744
33188b81,0.00086703367
9e6b98d9,0.86273706
e90d1948,0.0030773792
de0ba793,0.0015907971
61684ba6,0.97856504
161eb2d6,0.0008698194
a4969d0d,0.0010160727
9c7cdf4a,0.0020311002
a77e44bd,0.0009786284
1fb0e3d4,0.1509657
0d05f880,0.1123168
5002e93a,0.0016244993
803527b8,0.18515836
ce137105,0.0008456337
0632e838,0.0008642656
bcc1b9b4,0.79715973
9406cb56,0.00085396343
c30022c7,0.00084972807
972f06f6,0.0016467385
adf06792,0.0008715147
46e42f55,0.0013609682
428472ea,0.0008530734
49a78c5a,0.011852685
fe4e9167,0.00578779
873542aa,0.000907334
365a8b7b,0.0012236628
65684c52,0.0008995922
1b3011a6,0.0008607522
5c6c48b3,0.00090097956
59bc28ce,0.0013522459
de7a45e1,0.0008579763
a0aa42cb,0.0008743694
62b7c442,0.00087824994
5c093dc7,0.0008784608
241da5a7,0.00090207224
7889fd1f,0.00089425046
d250c831,0.00085010915
b514b144,0.0008728851
dc084db4,0.0027270971
e2e082c3,0.0008885788
b134d8ea,0.0012923268
813b62bd,0.0014973703
b67320fd,0.0012363897
2fd875d7,0.0008818843
fa9ac725,0.00085026264
f89c9158,0.0015221875
e266041e,0.0008641676
3cf1b320,0.0108911395
bed4f95c,0.00089548423
67fd5b52,0.50784874
e66bd95c,0.0010088959
dd54b587,0.0008521793
500edd0b,0.00084906997
196bfeff,0.0019547124
978633e5,0.0015088395
e670eba7,0.0008482105
a8177938,0.0008556683
d032d187,0.0012699787
33470386,0.000853436
1779d00c,0.00086599175
1f5fe7ff,0.0008712664
0c979e1c,0.0013625687
d95737f2,0.14773957
7095b024,0.0020013656
5b36ba69,0.008906332
d182711a,0.0032202671
51d68c4b,0.0008916219
b21db711,0.00084441394
66b791a1,0.0330994
2e51158a,0.0010828247
b4c49b3e,0.00087438355
a5486cb8,0.00089198136
bd173f52,0.00084631814
3213a425,0.000864154
742995c5,0.00088126055
9020248c,0.00085810554
349366f7,0.9419578
1f58691f,0.00086300063
dffc0bed,0.6965065
c3a67182,0.00085286895
3cc10de7,0.001035072
6596d3a4,0.03135279
7c74f686,0.0008479988
8c1b60d8,0.015828429
c3642838,0.0008519974
2f720273,0.0008788317
d5eb2dde,0.00085063616
c4023789,0.00083887257
7f3dbf01,0.0009999889
56d6e11b,0.0010030145
b6e95864,0.00087175856
01e06309,0.04679025
3f3d2124,0.011542526
a5380836,0.7900915
5cf69885,0.0008675092
c1200758,0.14564747
e83e0524,0.0008628548
1303f23d,0.0010062448
2615f2a4,0.0009229757
25264fd1,0.0013283562
04832394,0.042244103
e650877d,0.00092619815
bfbf2c60,0.0014306825
c123f7d2,0.41912124
28000896,0.0008545187
0e4168a2,0.00084966735
bba227a2,0.0010559149
f138c676,0.0008608433
c7e14ac5,0.07053815
d620cfc7,0.0029934833
db57d9f5,0.031427596
0cdb262b,0.0016815885
734eaaf9,0.7327812
c64abb7f,0.0008785006
757d7c04,0.0008496576
7234a4a2,0.0011876838
94907d90,0.001227687
2d37e82a,0.0010665049
c4ceb490,0.0011236239
1860f4f5,0.0010477942
d39ea00b,0.009664994
bd356839,0.0064528887
f49aeddb,0.0008426523
29ea5d90,0.0010811022
fe961c48,0.0016906848
c6649d2c,0.0008563738
2400f81f,0.0008603356
7d57555e,0.771791
60104dc8,0.0008605858
86db3b20,0.1060321
ef1230f1,0.00085244194
447a3a53,0.000879908
1840f0d5,0.0015950882
0d9de05c,0.00093506335
06eac357,0.0016961996
f9265323,0.0010802643
7c60fe91,0.0020814906
70c54f64,0.0010425142
6c7130c6,0.00087654986
ffb6d6c6,0.000888308
031c02b5,0.0017222828
a03c09e8,0.0067995084
671b85a3,0.0010490248
e4f6571d,0.00086898764
39f8244d,0.00086420216
418e9902,0.0009534445
1d5e3308,0.00093979883
49f80218,0.001455144
25665384,0.0008507675
c25009d7,0.000859316
75e8e47d,0.0033845454
bfc4ef1b,0.0008635758
2f9f485e,0.00084147207
b44454b9,0.0009492677
216ea7dc,0.001446954
9f175b4a,0.0008452334
1ebbd92e,0.0008600504
dcb9c4bb,0.00086947763
39ccf9b7,0.00084846787
55af9d1f,0.0008553312
cb644047,0.99827254
e4bcfa88,0.00086102047
bccf9d12,0.0008572454
b2522eab,0.0013084816
80e7b25c,0.0011960895
134f69ae,0.0014911863
f1a4039c,0.0010030636
acc5fb27,0.000959214
0fda54a0,0.0008671197
36332281,0.0013461964
2c50d42e,0.00094503636
4eac04e9,0.00085620896
4eb18e9d,0.00093855493
53b0f7d8,0.00086883776
a54622c5,0.0018153172
5c1c060f,0.001202753
076cc889,0.0012086867
314940cc,0.0009620728
36cd5a04,0.0011887867
6723eb13,0.0010709949
62956fad,0.0008550309
74369561,0.00084487343
f9c1956e,0.00085310143
2c40ede5,0.0011467913
7d093cf3,0.0008459578
c6f6183f,0.0008714243
fc6b4f8d,0.0008631994
2b203ed8,0.00089596986
08a041d5,0.020985086
810cbb05,0.0017252506
ed17b71f,0.02309061
b22024c1,0.43489772
e54a7992,0.0009427741
9f07a797,0.002143594
f468c827,0.0010200697
5bf57112,0.0024985133
0648a5a7,0.0016461139
418c5b6e,0.00086186756
19187afe,0.0008504121
e1a5fbb7,0.0009216654
4db208f0,0.00083984993
55afabbe,0.0008559761
456723eb,0.1590341
225195c7,0.00092573185
2e4997ae,0.0010206514
b41eb4c7,0.0009069679
b4fad657,0.00092900253
171a163c,0.0008464576
01c53f20,0.00084137026
dce0e348,0.16340208
4297a3e4,0.02929014
9f9f88c2,0.0008475217
b465416b,0.00085702445
70c6c7fc,0.0014523136
ec877bf9,0.0008619209
080fd5cd,0.0012944136
076057a9,0.0008837285
f35193ec,0.0020187623
a5f552c6,0.0009100522
aba9a24f,0.0008395507
b4b72d58,0.0014077881
c0148187,0.000856911
43447dbe,0.0008539196
d91994d9,0.0008549674
584d67c1,0.0008758011
5306ed0a,0.0021242425
5b642d96,0.0031720374
c6bd53ab,0.22827299
d44fa658,0.00085308513
fb5d6733,0.06336156
e82c4f1c,0.0008761966
62386bb7,0.000839768
844c5d10,0.000857423
cba0c227,0.0008565663
1936050a,0.0015115106
748012ed,0.0058241026
6399783f,0.0017395291
3c7c3161,0.0017549826
9cf245d7,0.00093487883
141b26c8,0.0033661355
b6b78862,0.00085567153
c6d3f249,0.0008501553
2fe9b971,0.001008527
bd05d385,0.003965222
dad5e9ac,0.0008526479
30a56cbb,0.0008735708
67a8a679,0.00086868263
ee9ca50f,0.005782757
d4b1d52d,0.024354989
4c6c660b,0.0031681892
a722f51e,0.0025367783
39a6c080,0.0044907336
3520f3fc,0.028008325
2492ec26,0.0008492574
9df6edd3,0.029195411
1abd9929,0.7727781
cd53c4eb,0.0008492019
42a32a2e,0.0011012506
a2ebbf80,0.0013323152
794f45ae,0.00085855456
772089fb,0.0008523169
555fae51,0.002774263
528c46f1,0.0015785724
4a3a093a,0.0016512587
84a8ffdf,0.0012200577
6351bbed,0.00084724644
a20aa57d,0.0008647689
0b65f371,0.0012531875
911dde6b,0.0015361302
fb337b03,0.0008662451
b93f3a92,0.0013068421
6448629a,0.002480589
90313e9f,0.0012291804
90bb9e8d,0.0009601983
b59def9e,0.0023938278
bdb87aeb,0.0012244724
af96dc6f,0.0023904298
f8020c55,0.0061327163
e142b864,0.0008578753
49d797b3,0.0012243027
54ea3b16,0.026432209
6c2587e9,0.00085091026
8da53c94,0.00086896034
adb169c3,0.0011299669
2a2671c2,0.028051546
f77275d8,0.0010734551
cb85ab18,0.00085549866
d4f3a2e7,0.0011132658
a2b3a511,0.029028358
da34c8bf,0.00086986006
5882e801,0.0008534689
2153b40e,0.00089072646
91cb6192,0.0012314745
4cfd6748,0.0009678727
a451f901,0.00085448445
56e110ef,0.0009114788
e8930af6,0.013269923
2c6e063b,0.0008625473
ec8d26a7,0.00087433314
03cb1d53,0.001175747
e707c771,0.0009018162
ce0551d4,0.00101255
59a2832f,0.0017820937
c0e11116,0.0008564342
9f65ec53,0.00087989366
b4475606,0.00085499266
f0a0a70f,0.0011373082
0c000de7,0.0008517108
3908c306,0.0008575072
3fd99b45,0.023920156
b882c094,0.0010296587
c5f2400d,0.0009197652
789ed5b9,0.9708855
cc451169,0.00083823776
d03eed08,0.0008517133
4df881c5,0.0008727978
e8250b79,0.00085199333
45ecc26b,0.00086026755
b7dedee1,0.7978747
fd98b1b2,0.0008620679
cefb097e,0.0008423975
d06862fd,0.0008504206
e73aef6f,0.0008513178
887d6664,0.001973623
1037e3f8,0.0009010663
a7904eb4,0.10484809
2b69df90,0.0008528299
95e62b99,0.1745199
cc025c0a,0.00091279246
3a338e4d,0.002125056
528c659b,0.0011403956
6d6cf8ce,0.0013067026
481b6193,0.0011729689
0ae6ca77,0.00084385887
12eaec03,0.0008655438
663e2fa9,0.0008631323
2898206c,0.0017853397
9ff7f70f,0.0010393179
15361d8d,0.00086792477
7be9a46d,0.00087501487
4ac3b678,0.0010870142
1be37266,0.00086250255
422d5126,0.0011820197
680b897f,0.0008672238
c6edd27d,0.0020220168
ab1c6ccc,0.0037601124
37eea411,0.0009949954
3deabc1c,0.0016795723
b9bb91e6,0.0008669602
92a027c7,0.0013761485
cc7607c5,0.00085523835
c2b1eb15,0.0008986279
8fa435e0,0.0010328178
c5642c0a,0.0009599339
94e5335b,0.0008707047
1aa5f4a4,0.00086465594
76297c18,0.84948534
4c8254e9,0.022836683
889476ad,0.033906695
9445ee58,0.0009723314
48a7c964,0.0018393358
4c3ca987,0.0010896635
11ba3be2,0.00093012996
bf445c22,0.0010385321
489a2e1e,0.026486736
03a30ac0,0.0009816197
8efd3d39,0.0008471959
fcaf184b,0.0008719076
815bd789,0.021820245
76cbb2e9,0.28265265
ed0f7d49,0.0008652263
fa551549,0.0008475949
d0df2533,0.23584086
aa6239ce,0.061875105
896594d0,0.0008535551
410b53ba,0.0008493282
fe9966c6,0.0011688609
c8f6b516,0.046298847
8ecfe149,0.00084971427
deed7809,0.012140901
5e6e3cd6,0.0009793564
6b68ba06,0.010958879
92d6e584,0.0055757225
7eae6958,0.0010543419
1c571fef,0.4303483
b800ab3e,0.0009721099
0bd0fbdd,0.00094895664
f017986c,0.0008891116
548a4020,0.0011708166
d7d7c035,0.0036780094
5bc4d5ca,0.003111417
294100b5,0.000848806
b62d8a96,0.0008494779
b5807fc8,0.0013878213
3c3034ca,0.002940452
bb81a6ed,0.00087765435
81286b76,0.0017124694
1acd70d4,0.001058686
e8b6f1be,0.0010476754
229b721d,0.0013501446
6b36451c,0.0009757087
0d6e4881,0.00089460885
aaa81243,0.0010564532
cee489bd,0.0008527503
dafb6efd,0.0008673618
39ec6ff9,0.00084166334
fdb0385a,0.023382822
403af34c,0.03061718
b497d1be,0.008841771
4af4a968,0.003598084
769e9ce3,0.0008481191
7607c7c8,0.008885038
5ebe916e,0.00085989066
ec865de4,0.001536025
1487f189,0.9688741
8740db84,0.016698651
5b7b832c,0.010797771
845f8f0b,0.000845233
ced2dc8e,0.0008515717
84ba299d,0.001176914
1e5aed5c,0.0012057695
a610f56f,0.02067111
45de8a35,0.00084921287
360dcf06,0.00088749547
a080d91f,0.0013521867
9beb90f8,0.00085429393
6c16b50e,0.0009620192
01d69e60,0.00084859447
65f3fe9c,0.0023985214
2748bf24,0.0008737122
b755789e,0.0008637807
9cbd0e47,0.0011499559
73d76c25,0.0009373169
dc6c7dbe,0.00085146574
61ea68b8,0.00277744
d5220fea,0.0044197547
7681f1de,0.00095759216
4d85609a,0.009117957
735f5810,0.0009234243
2d288d88,0.0056767836
03908e7e,0.001488729
ef127ef5,0.019045798
82b80b56,0.0021857917
bce86d64,0.00095794164
9c3e0a2f,0.000873903
5d51d260,0.0013080144
fb92ea21,0.0008561927
8a630581,0.0008563893
04a6bd8c,0.0052473624
f16921e8,0.00085328345
39def42f,0.0008630847
74d9d4ee,0.021074507
b70d1c2b,0.0009086031
3956e9c5,0.00087121123
41e0ed90,0.0008667232
e9ec1d78,0.0010490188
4beb06ca,0.0009607084
a751de68,0.000854228
7230cb89,0.0010397409
5153a82a,0.013966344
c66e11cf,0.0010590935
1768dbe5,0.0008663945
5cebcc32,0.0008508782
f62dff48,0.00084532204
1713d62c,0.0010030328
9acff0e1,0.0077615418
26a2134b,0.00088655547
bb0e6328,0.0013426514
c5e412e6,0.0008487125
bc38320f,0.00085741485
bda3fc80,0.0009013127
9e19e46a,0.00093504105
180a6473,0.00087766227
88f41a50,0.0008725027
899af460,0.0030644324
54988c2d,0.002313772
926e8064,0.0008625079
2cb71837,0.0016224093
b36c58fa,0.00659455
c387a37f,0.0009150003
524299f8,0.00085959904
b44a411f,0.0010813366
27e4301f,0.00089922146
4805695d,0.0010422127
28e0e29e,0.0019509762
526b597c,0.0018875684
53493ed7,0.0015641893
3d5d1207,0.000842204
46805f63,0.0008503603
5f1af24a,0.0008494982
75045e18,0.0009752743
6159880a,0.0011561321
e4042e26,0.040644374
b313742d,0.0008601508
499c8118,0.0008654897
4d75e736,0.0008761157
32ab9aca,0.0011781226
47df6c25,0.000850065
da580f8a,0.0008598771
7f0e398d,0.0008475298
75b39cc3,0.00087602634
32dc14d2,0.0012665493
1a77865d,0.0010585267
b65a8b5a,0.00092082284
fdf70b29,0.00095770316
a2047604,0.0008939569
ec4d9f33,0.0008390209
d884c2d0,0.00093451416
54c2d755,0.0008428415
724461eb,0.0013406128
0215e6b0,0.0009105895
46d237c7,0.0010333763
23b8a189,0.00097096123
53ca1a44,0.00089481735
cde93400,0.0008676535
a33acedb,0.00086180755
a609a85d,0.0010317051
b80d7894,0.0008478622
5403bf0d,0.00087358657
a8da59af,0.005094073
804883b9,0.00084653514
ffc643db,0.887004
c6241e1e,0.0010088864
04f362d1,0.00097247347
2806814f,0.0008461371
2934908b,0.0030274452
8543a6e8,0.0008726498
3f00abc7,0.0012862608
b125689d,0.00086871244
b9262f77,0.0034079347
9948fe77,0.0009475933
4ffdd5dd,0.00119394
47d23344,0.00085177016
48f9197b,0.9539693
107cce59,0.008257255
5ce85a26,0.0013731328
74ef819d,0.001182526
b4f22b73,0.023768287
705f1080,0.039643463
c179719c,0.0008631871
649fbe8b,0.0039727264
3ddb81ac,0.00090371456
135641cc,0.21251667
b8eb1dcd,0.0008704441
20a97a0d,0.0008643397
9c114f3e,0.001205859
948a2bf9,0.0009929186
afe5a735,0.00687075
d99c6319,0.0009441593
4691a0ab,0.00086296705
f4192948,0.0010934283
5cef706b,0.0009166595
d67e060f,0.0008814327
0a23b18d,0.0016950656
497218ef,0.0019133568
42081b52,0.0008559129
fee74260,0.00086055044
49a329f6,0.003388946
dba33cac,0.0010290002
b2225a9a,0.00084711844
37f19d5c,0.0010117096
30eaa1ff,0.0010953544
8476a4a3,0.0008661667
87b75138,0.0040129763
4d088088,0.0008501954
31351327,0.0010974171
dd5c5457,0.02336326
51cd85c4,0.0010425152
48dd902b,0.004571212
6904719f,0.00094075117
6ca6b11c,0.1768732
74cc642d,0.00085421576
ed0e65f8,0.0008532567
418473b5,0.0008602512
37a11e2c,0.00087387627
086cc1f4,0.0011089203
d3cfe6f2,0.6539815
6522f6ec,0.0010194246
8996265f,0.08019056
1e58609c,0.00085491355
5a767830,0.0010534864
082b5857,0.00088810065
4659b446,0.00094633014
c44b5355,0.020355256
6d11319d,0.0011681041
9f2c92ca,0.0010280738
0ed08dec,0.00087507616
db31ef9e,0.0080954265
04735fa1,0.0019339912
8dfd808d,0.00093077496
f615b78c,0.0008768866
6db98d31,0.0015059307
1cdb05e7,0.00088105234
16531659,0.00087456603
ad921552,0.0025069604
4741bce3,0.0008540774
d38e8401,0.0010420028
88bd3da3,0.00085582933
ad739cff,0.00085442985
0e3282c8,0.001034858
09cafd04,0.0008503623
4c75877d,0.0008665819
34d946a3,0.0009813748
5a7f12d4,0.22411948
9ad2ea0a,0.0009517251
12724760,0.0008579555
b9c04b51,0.99907434
3f719abb,0.99907184
1cd9b6e0,0.99912876
92958a55,0.9991303
26eaccdb,0.99907863
d69e5a51,0.9990397
38727f8b,0.9990735
4832600f,0.9991042
78279c83,0.9990087
dab540fb,0.999086
88d0a62f,0.99910885
34acaca7,0.9991136
f2a4d07e,0.99913484
75d03222,0.99871397
135ecd91,0.99910223
4b4191a8,0.99909043
2866504f,0.9991166
8e030249,0.9991535
23779f7a,0.99881965
643c7d88,0.9991264
0e1950e4,0.99910396
b312372e,0.9990416
fb452f54,0.9991366
c369f1b6,0.9991372
de5713ab,0.9990927
b3c1269b,0.999143
873f6480,0.9990657
e2098121,0.9990853
75ec10eb,0.9990933
7e48f01c,0.99894017
9159b819,0.99907136
704fe9a0,0.9987618
dfd2f54d,0.99907994
9c94b839,0.9991001
27c23a31,0.9990915
ee29924d,0.9990625
783fa144,0.99907315
2f738b98,0.99906856
1e42f04c,0.9988576
7a319892,0.99912256
f3f5b8e3,0.9989415
72813663,0.9991534
47b7c03e,0.99911684
c865f97f,0.9991277
d1155494,0.999108
bcab5598,0.99908054
ad5977c5,0.99910307
2452161a,0.9990914
73a20e70,0.9991222
5236e885,0.9974141
9bbf4568,0.99904245
9a805258,0.99908125
16a36deb,0.99912196
83f6788c,0.9990427
1e99e12c,0.998987
5bfdadd4,0.99904364
15615fd9,0.9987859
e0307087,0.9988759
a5ae9374,0.99902344
5c63dde1,0.9990226
8ec80462,0.999073
639dd260,0.99909616
ce72e861,0.999106
5be139be,0.9742681
effba7c0,0.99909365
fe6db5a5,0.99905175
9ba3dcdf,0.9990797
1be220c4,0.9991352
9f527c4a,0.9991399
ec76e2e0,0.9989165
3c991b93,0.99911493
575b8e4f,0.998971
58eec6a7,0.9990614
3fe304f9,0.99907875
7aa97c33,0.9989398
567e4937,0.9990839
f020f586,0.9990588
2d6fb88d,0.9990689
f1295a28,0.99908876
3e19dd45,0.9989982
f7f1a59c,0.9990803
1c45a8e3,0.99910307
a504af9b,0.99910814
073710a6,0.9990402
3879aecc,0.99909127
e3e98c70,0.9990833
4e402361,0.9990945
2ead3008,0.99903214
b795ac2d,0.9991326
96e3e292,0.99911994
eaf17c00,0.99910444
fa6981d4,0.9991247
3d7e5cb0,0.99908054
08c6e343,0.9990902
e83fa328,0.9991398
6a28ae9c,0.9990758
b3112aeb,0.9990939
1f213f61,0.99908864
6d38ec46,0.99910337
084a50e5,0.99909186
bd1dd58c,0.99704856
bb8c9994,0.9990658
c663c030,0.9990546
50ec9926,0.9991365
7ff9346d,0.9990138
102f3638,0.999089
50c7f94e,0.9991202
c294b6a7,0.018885609
3f6bbfa0,0.9991153
a63404fd,0.9990706
23882f45,0.9990044
12cfff22,0.9986437
b7632365,0.9989675
dd268ead,0.99910825
7f226fce,0.99899215
f6a66866,0.99906164
81cccd69,0.9991032
bc95b0cb,0.9990779
c1fc6046,0.9990804
5156301a,0.9990533
04bd2209,0.9991019
a4d83cf8,0.99907196
09e51c03,0.9991155
dd5a135a,0.99907804
9bbdb00f,0.9991283
0e341eb5,0.99906296
924234a5,0.9990658
2da91aea,0.9990539
f5cba38c,0.99907744
1e969737,0.99908555
7ef199a1,0.9990625
67a63a18,0.9991192
d6170b8f,0.99903
ad3952b9,0.9991241
f28bbbd1,0.9991328
ab8fcb27,0.99906105
c4682a58,0.99910444
03105fa7,0.20264263
4d076b34,0.9991141
05303bc3,0.99874204
7b0b5bf8,0.9991411
315e5f37,0.99911195
997884ac,0.9991048
4276b457,0.9989968
1b4f92db,0.9991211
daf2ba53,0.999015
52cd9057,0.9990852
d7c04817,0.9991067
f7207a67,0.99908805
913abf52,0.99911934
1c01d486,0.9991273
0b50be51,0.99910176
86c37012,0.9990959
df17472f,0.9991124
91fdb448,0.9990965
d433da21,0.9990428
3844a279,0.99913484
6b6f4681,0.9989844
419155f3,0.99907506
5c406cc6,0.99910456
9ea30399,0.9991147
f9f927da,0.9991147
111296b1,0.9989675
7818bc39,0.9990976
249b228d,0.99914587
b64091ec,0.9990464
f6d2d88c,0.99901164
4c8b5e4d,0.9991147
19ce9364,0.9990446
f5679631,0.99912995
147c439c,0.9988424
20bf902f,0.99907255
e7701b2b,0.99909997
ba40e0ce,0.9988493
ac814623,0.99905294
13e30d15,0.9988888
e3ade3b8,0.9990964
663f7dd2,0.9990553
b82fb315,0.9990878
caeda720,0.9991167
34e1e3de,0.9991001
2331eaa4,0.9990963
1bc5acf2,0.9990767
42594527,0.99902976
c5d1f0ae,0.99894696
8dfc24ef,0.99908483
508a4999,0.99912196
ecd4a8ad,0.99911076
b42f6e86,0.9991392
11feaf9f,0.99905485
dd48356a,0.99909806
942bed28,0.9989784
5bd67dc7,0.9990695
cd13cae5,0.9990538
3ad65a1e,0.9990441
2cd0faca,0.99913293
edf06216,0.99909973
3a71a218,0.9991394
9d67b67a,0.9990927
dcb079bd,0.9991141
72198166,0.9990545
67c1e00a,0.9991109
cda92512,0.9990571
54f4a674,0.99913114
4bbc2e17,0.9991116
293facd5,0.99909365
2ac7fa9f,0.99911004
2370e364,0.9988134
11ed195c,0.9990055
a1f94ad8,0.9990324
97869f3c,0.99911946
fad82a8e,0.99897707
3f74be1c,0.9990638
fd34ce06,0.99912184
a6bf373f,0.99909616
41de8722,0.99912244
ca5c3e9e,0.9990363
8674bd98,0.9991321
53aceae8,0.9991223
03a49963,0.9990326
16ab11ec,0.999129
a60333f2,0.99912363
60462a36,0.9990767
992b5ff0,0.9990902
b98a4982,0.9991216
00c18947,0.999114
6cb16390,0.9990922
98e79f51,0.9990288
b35efbb4,0.9991043
151fb19a,0.99911433
1569b715,0.9991248
d0584fe6,0.9990945
c9ac1bc6,0.9990497
c168d517,0.9990927
95f4b3fe,0.9990522
27852de3,0.9990576
d7db990b,0.99905044
a4c473d0,0.99903417
898355ba,0.9990816
93c4cddd,0.9990952
715e32a0,0.99912745
b7be0cc9,0.99912447
8e4a7e35,0.9990619
e1092ce2,0.9990646
949418f3,0.99904186
195afccb,0.99895525
2df8b4d8,0.9991186
9a86074c,0.9990458
8fbc8b52,0.99910504
2d9b3906,0.9990395
9637c2c9,0.99908376
223411cf,0.99905807
f36588ff,0.9990709
d415703b,0.99908984
0584a5e5,0.99913305
291c512a,0.9991258
71783908,0.9990305
166548e9,0.99913055
7102b0af,0.9990657
228a222e,0.9991105
33b2cd04,0.9990351
f08647ff,0.9989537
3c24cdcb,0.9990723
43ac0ceb,0.99911326
9b057061,0.9990977
0644ad22,0.99912053
91785960,0.9990896
b007df22,0.99909544
d8c38716,0.9991185
cdcebc53,0.99900216
80d5e4c7,0.9989994
33e84d41,0.99907637
4469b680,0.99909306
e6e7d742,0.9991155
bfe687ad,0.99909735
75b9a499,0.9991216
6ba10be8,0.99908257
c3daadb4,0.99911624
7dde3576,0.9990921
eab570d1,0.99881184
8a22f737,0.9991411
b77e0bab,0.9864623
b1f435c9,0.99814916
1c58b877,0.99905616
1180f913,0.9991036
b651cfd1,0.9991302
adce7f86,0.9989496
059354a7,0.9990464
aaa77069,0.9990681
6051c1b3,0.99908113
4a974eec,0.999113
c659a265,0.9989981
2ff751ed,0.9991033
3b80fb93,0.99878544
ebc19f3a,0.9989267
1fb04cce,0.9991198
e6ba7247,0.9990683
9ca5df36,0.998968
f73c7b4b,0.9991099
5457012e,0.9991387
5f3a7fbf,0.99911565
2e82c8c3,0.9991072
b75f3125,0.99909663
9261f17c,0.999046
cb9d4f8f,0.008181159
bc0e821d,0.9990688
beb10a53,0.999092
01b0612a,0.9990753
7511c77c,0.99858713
0f0967b3,0.99912924
48c7fc8e,0.9991009
ede321af,0.99908936
36fe6f28,0.9991171
fb12726f,0.99910283
73415bab,0.99905795
9415f046,0.99911314
d4cc47b3,0.99897194
6cfa77e5,0.99908864
962a50c4,0.9990569
4b055d74,0.9991026
16065cf5,0.9991036
99eddcd0,0.999124
f052ab03,0.1635696
e9cb10cf,0.9991103
3e442498,0.9991155
7f8e2fba,0.9991178
c743661b,0.9990982
4c308b9b,0.99911696
323cfb03,0.99908376
b32dd14c,0.99907386
f6b30dc5,0.99901116
2de7e0ea,0.9990109
00cc9c04,0.99906486
e1206310,0.99912804
5ac99457,0.9990759
7d1c0851,0.99895906
409d4105,0.99902844
3959d9b3,0.99909365
bd5bc7b3,0.99912065
17d5efc8,0.99870765
5ce781bf,0.9990754
658231e2,0.9990152
f7e879a8,0.9990305
9e7cf525,0.9991374
14d7f5a5,0.99911004
3e983274,0.9989503
f72355cb,0.9991104
d855ce18,0.9991055
da5f8ee0,0.99913234
c9fce5d3,0.99910235
3ce452c9,0.9983432
ed165ce4,0.99907756
c0a5c9be,0.99907315
7feb3766,0.99902093
485cc611,0.9991134
15107fce,0.9991166
eeaca9ae,0.9990834
7dd1f8b8,0.9991301
6dff25d4,0.9990608
1461c7a9,0.9991117
923a2eda,0.9990681
7a7040d9,0.9990283
95d21813,0.96706766
b3131059,0.9990688
94a97d5c,0.9991159
c44559e9,0.99899894
c2cbf037,0.9991054
efd0ea9f,0.99912804
ed43c236,0.9991079
760cbca4,0.99890757
097817de,0.9991216
a34eedf7,0.9991447
30cdd7d9,0.99913836
f2b033d1,0.9990477
06413155,0.99909365
27925347,0.9991277
13c34db1,0.99910504
1682f3ab,0.99905664
56872531,0.99908113
5fe614c7,0.99905056
c9540c9a,0.99908555
db3133ba,0.9989931
9b7fdd70,0.999027
a7032224,0.99885774
90db6326,0.99911314
5a5d09aa,0.99910635
0cf8730b,0.99908805
900df5d4,0.999092
308c367c,0.9990984
aad4553c,0.9991216
e8a961c3,0.9989955
ee47ed5b,0.9990754
78447ee3,0.9990796
e3079390,0.99911803
bb359b02,0.99910337
7a0e6f31,0.9991216
5b85923f,0.9991208
851cc5b6,0.999124
2db07ac7,0.9990671
09498e56,0.9990926
4ebb503f,0.99906284
d0e0d5e1,0.9990534
bdf51807,0.99914026
c3154256,0.9990927
f64a4904,0.9990939
424c5894,0.9991124
450ca2e2,0.9990903
80ef4494,0.99905854
357768b8,0.9990946
8b8d573c,0.99903834
42511a03,0.9991146
ff354aef,0.9990872
9973273a,0.998836
50603388,0.99908197
c33225e3,0.99907553
bc1a3297,0.99910897
05f167f1,0.99909246
b97d3e65,0.9990606
4a207703,0.99908495
a4d7c404,0.99909306
5c99e8cf,0.99909425
98bd0645,0.9990933
97284571,0.99893194
053d939a,0.99909997
dce56770,0.99901915
79fc0fef,0.99893373
9f5dfe33,0.9990533
33642e74,0.9989458
b50b7343,0.9990491
afaf8101,0.99899167
983b82fe,0.9990409
b8e66d63,0.99907756
dc8dfe82,0.99905187
c938ee6f,0.9991315
2e4e2577,0.9991233
b0be2428,0.9990669
57001a94,0.99876237
2d64f91f,0.9990637
fa0748c3,0.9990878
8b73bf07,0.9963242
ffc7b88b,0.9990709
14ee173b,0.9990445
ba3b5b5b,0.9990976
65ba5912,0.99911386
5337412a,0.9981229
9d7f9bbf,0.9990823
98ba4441,0.99910116
d8f7e7dc,0.9990675
500a2ec6,0.99902606
69557b85,0.99905676
82eed27a,0.99913126
f6cd6cc7,0.9991203
3b328303,0.9991216
185662b8,0.99913484
5b609a9e,0.99898845
89712e3f,0.99906963
8ca3647a,0.99891305
27be219a,0.9990532
b54bd66c,0.9990508
c65306de,0.9990982
b1b011f5,0.9991092
acc78dbb,0.99910307
9d889a2b,0.99889565
8e35b055,0.99903995
9fbbf827,0.9991036
2fdb7f33,0.9991266
9ee6ac5e,0.9990897
4752e523,0.99911207
dee5fa5e,0.99913776
9826e251,0.99904627
ffaf0631,0.99904364
bdc6040d,0.9991284
e9aef1a3,0.999076
eec591f9,0.99911505
16de78c9,0.9985033
aaaa2022,0.9990839
eb82f090,0.99911255
b100ca18,0.9991097
8bd238ca,0.99910104
3d620e38,0.9989801
feede1b9,0.9991254
eb425e3f,0.1924828
f36a5236,0.9991327
b9e874de,0.99908555
f2cc9f5a,0.99866235
d11d88da,0.999119
649a9735,0.99911386
f7e775ec,0.9990695
2c6e6963,0.99911875
f389f874,0.99907696
a2263d1e,0.9990263
f4a27d1e,0.9990971
62657d54,0.99899286
a4b47447,0.99906677
ea673b0f,0.9990802
5d75f2c3,0.99904436
04511346,0.9990783
4500196d,0.9990727
ca9fc28c,0.9990779
e7a2fc7c,0.999146
cdc9ea20,0.9991291
fa78d094,0.9991321
1e48ff47,0.9991322
af75ba8c,0.99907446
6ad9847a,0.99910104
2aaba0ba,0.9991091
58366d98,0.9991066
d1e882ef,0.9990637
13a58d36,0.9990526
4a05dcd5,0.9990559
54b65c97,0.99902594
bae3d7d4,0.9990828
69c0b4e5,0.9991109
a73a3009,0.9990664
d8e63f2f,0.99912363
8b3c8f96,0.9974638
9d06a26f,0.9990689
73243ca9,0.9990928
d5881382,0.99895334
6a3fdc81,0.9991229
41dcba0a,0.999054
2a4568b3,0.99905497
3990746b,0.9990608
3a811361,0.9989711
10bac0a7,0.99884534
c21c947b,0.9991197
67be6056,0.9990901
55677f50,0.99907446
aac14999,0.99906737
1409ee60,0.999079
6162af0e,0.99906653
4b43cd23,0.9990583
fcd10819,0.9991431
348fbee9,0.9990559
c8c20724,0.99909663
8c4c43cd,0.99913234
b29f1c5f,0.99907947
e3ca3998,0.99906105
b76aaf7f,0.9989172
03d6c7dc,0.99896395
9d4f2621,0.9989644
1b049192,0.9991303
c0ba6c6e,0.99912316
01ddf5c0,0.99910337
b7ddd669,0.99904543
57caae36,0.9991079
f30e3deb,0.99895954
71c06170,0.9796408
f3ba0944,0.9990771
fb89b2e2,0.99910706
f8201b4d,0.99903023
6dc05915,0.99906546
5200b3d7,0.99910235
3a787df0,0.99912065
a8f5237d,0.99910235
934ba985,0.93082386
8def225a,0.999131
3f00abc4,0.99904007
6ff29521,0.9990115
4ceed3a9,0.999121
b05c82ff,0.99907434
325f9cfb,0.99911636
be9c3ed4,0.9990994
4d81269a,0.9990858
5ca056cc,0.96914935
4e7d4723,0.9990839
f1e1cca6,0.99907684
ce39ce8b,0.9990706
3b6433fe,0.99888223
822e11fa,0.9990087
e93cb007,0.99913615
e2736c03,0.99897635
31af9c64,0.9991516
dd4decf2,0.9991248
44253888,0.45416692
3038b914,0.9991234
14262d8e,0.9990959
57df7e9d,0.7467934
6cf3bf00,0.9990722
795b41f5,0.99907887
e200c322,0.99910754
8d30b7a3,0.9990433
32c5e96e,0.9991055
15320eb2,0.9990933
de6274a6,0.9990651
d3a72b19,0.9990773
104ba4cb,0.999037
2151adb3,0.9991326
25d1f4f4,0.9991246
4a45b42b,0.9991191
9754cfa9,0.99910516
6e4e3cdd,0.99907935
b35f0902,0.9990798
b2998ea6,0.99911314
c397d1ae,0.9990453
4d7f6363,0.9991167
57646525,0.9990552
27303174,0.99906164
70ada70a,0.9989435
f72752a1,0.9991073
40a985a4,0.9990706
7db1d3dd,0.99909174
620d8d16,0.9990441
ae64f79b,0.99908257
f7ad6299,0.1489272
7a78e51e,0.9990884
91996971,0.99904865
f275df31,0.9990608
e57f9c99,0.9991302
4e13fab3,0.99816835
2e7be3d4,0.99911934
a7a8feb5,0.001355075
9b5e728a,0.9991084
66327fc0,0.9990994
fe8eb8bf,0.9991161
37dc67fa,0.9986946
c0dc29ad,0.99911696
1a1a1a22,0.99905103
e60d0638,0.9990866
45bac2a7,0.9991295
23fcfab7,0.99910164
bef4361f,0.9990645
608837cd,0.999131
e6d3bc70,0.9990513
3ce29307,0.99905854
5e12ee0d,0.9990275
f9497213,0.99897397
6da257ab,0.9991154
6787ea57,0.9990901
7c527ef0,0.99904865
a55a77e4,0.99905866
e0f7c211,0.9991013
9e7a8f85,0.99911755
470eae46,0.9991066
7ad0004d,0.9990564
d73645d9,0.99908817
1c94a19b,0.9991352
92f3fd10,0.99908626
fa06dfb5,0.99908316
26121672,0.9990845
5ec497ae,0.99898213
e467e564,0.9990582
aaf9392b,0.9990853
5fb14868,0.9991235
316444c5,0.9989778
1a1062b0,0.99896264
d9d22a1d,0.99909127
3b2eb37a,0.99910104
eb2ab7f2,0.99910516
d75473b7,0.9990969
68e8aeb6,0.99914145
2481f77f,0.9990476
0aec5f49,0.9991229
9d49dda3,0.999126
afa8f46c,0.9979347
341ccf48,0.99907947
0edaeca6,0.99908435
1b201261,0.99914384
711a7f10,0.99905604
b3b3828d,0.999099
e9e0569d,0.9991053
833d587a,0.9991487
71a9461a,0.99907887
24b95c24,0.9991416
7e74ff11,0.99902797
d4cb0524,0.9991098
738ac1a3,0.99908066
c468ad2f,0.9991003
b83ff3f4,0.9990759
6ddedd74,0.99906725
5fbb7eea,0.99910456
a4956de5,0.9991165
ca6e6a30,0.9990451
2e020878,0.9991009
66540c6f,0.99899703
60cb2d1d,0.99914145
c4c037b2,0.99911267
8b1c66ee,0.9991161
bb830523,0.9990613
e78b6008,0.982621
deb4f157,0.99907255
c6169bfa,0.99895895
52911df0,0.9990866
3ccab402,0.99900407
d7da6134,0.99910235
d73b0502,0.99911433
dd265d0d,0.9991115
84182d11,0.9990839
3c08f7d9,0.9991272
c2e93ee1,0.9991202
2713b721,0.99911183
3ae32929,0.9989617
c7189057,0.9991374
a84a943e,0.99902976
b1397743,0.9991308
d2435926,0.9990287
f20347c0,0.9991047
ae06c824,0.999097
dd634787,0.99910396
6905a734,0.9991198
4a6b9fd6,0.999089
da2ff98c,0.9990963
9f4db9b0,0.9782516
243f0f57,0.99904007
c00abedd,0.9990716
40797787,0.99908555
b01c0f7f,0.9990722
543bb17d,0.99912196
a1eadc91,0.99899274
3cea242e,0.999108
6744761f,0.99905556
bbbbe345,0.99907553
e4aed41a,0.99911934
ce91c1b1,0.9990957
d9bd1986,0.48018414
70666f23,0.999131
ec7f4081,0.99912435
967c79a9,0.9991074
5ba50361,0.99913824
827ec185,0.99911577
ea1e53f1,0.9990896
5772244e,0.99911565
c34fd721,0.999099
cc089934,0.99852717
7f853d88,0.9988036
9d38b195,0.9990889
62fdac2b,0.649853
c84b574b,0.99905914
de9f9473,0.9990727
27a1de64,0.9990258
7c661d67,0.99904424
28cad873,0.9990723
20675df1,0.999076
fd491675,0.99908054
dd938618,0.9990207
17f174f7,0.99907565
036b26c8,0.99913114
b811f495,0.99909425
1c0e0b76,0.99909353
57aee14d,0.06898655
e627b900,0.99905187
160fc865,0.9990607
b2887e68,0.99907494
4ad4e876,0.9991155
5c395c0d,0.9989819
54abe569,0.9989839
b91b3a2b,0.9991003
6be70892,0.9990096
fc7c1b21,0.99904925
6b07d07e,0.99912447
f2ebdf9e,0.99906224
963df36e,0.99903727
e2ffa22b,0.99909914
61efa8bf,0.9991283
c84a4884,0.9991061
a0a1d9ac,0.99911016
58cb830c,0.9989907
5cfb966e,0.9991493
90b394b9,0.999065
6ce9db84,0.99907386
ad3fd4c0,0.9991159
ee09b548,0.9989085
321f647a,0.9991326
408cabd7,0.9991227
59ba08f5,0.98686767
180e3404,0.99912494
fc8b8802,0.9989901
6c1ad8c4,0.9990277
58ff827c,0.9988123
2dc4fc47,0.99910825
81281221,0.99906486
c0aa42b6,0.9990658
3a3ae32f,0.9990551
f2ab04ac,0.9990422
79db6515,0.9990771
860f2433,0.99907243
b24ba8f4,0.99901736
a03bbf07,0.9991485
46caab4c,0.9991033
00f502a3,0.99909925
4045a529,0.99912053
1bb6643b,0.99910504
4485f73e,0.9991278
76bd9153,0.9989586
225cecb5,0.999099
9721abb3,0.9990798
4e69fb4c,0.99880946
4bd78e69,0.9991436
ec34a56f,0.9990607
0ba72141,0.9990902
f7d22d0e,0.99911016
1e33e3f3,0.9990915
4e22000f,0.99911433
31756a50,0.9991167
e3cc981f,0.999121
835c4a1a,0.99908996
4bc2f23d,0.99913055
339c2796,0.99911493
b0be8d86,0.9988984
d8d1bb6b,0.999042
0b370b88,0.99906796
7e2e9d92,0.9990434
3fb54557,0.9990644
d79f7c66,0.9392395
6fdda4eb,0.99907887
c4da8d3d,0.99909854
c69e3120,0.99914205
c72701c1,0.99901664
f1a368be,0.99910057
bc22ec50,0.99911827
2f11ea38,0.99903584
417c5ccf,0.99905056
c4f6d764,0.99908316
131f09cb,0.99911016
8a0ed56a,0.9990018
62da4c98,0.99911565
f14d0e41,0.99900454
1cb80e07,0.9990681
8141f98f,0.9989986
fdb53c95,0.94621545
b912230a,0.99910945
c6c35790,0.99904877
c61b5ec1,0.9991172
bb0e579c,0.9991211
c7784426,0.99907184
5fbcaf1c,0.9991204
7b15d4e1,0.9991123
86186420,0.9987251
6a061560,0.99911803
de00aa6c,0.99910295
21b93b03,0.999126
e49ab50d,0.9983689
2f40aaa7,0.999124
65c8c93e,0.9989091
fa72e735,0.99904925
9d276476,0.9991178
3f0ea3ca,0.9989889
621031e9,0.9990677
05fb46f1,0.99908876
2a161b06,0.9990976
6c25c5ff,0.9990747
4ceb92fa,0.9991014
04eeb243,0.999129
528e1ebe,0.99913317
2a251639,0.99836355
f15c7463,0.9990169
08c1032f,0.999074
970e750b,0.99906
8a575d11,0.99908924
2f1c0188,0.99898976
cfaf8545,0.99908936
f2856d7b,0.99904484
45d45a4f,0.9990907
608b6d1e,0.9990177
8edbe285,0.99911815
b00a9685,0.9989858
ba627f53,0.99912506
9cfcbbbb,0.99909055
a4a7365d,0.99911815
fb1239fd,0.9990897
b3814dc4,0.99913824
023f1df9,0.9991392
57e0b500,0.9990853
6238eac0,0.99873525
bf2a798e,0.9991008
92a32595,0.999126
a2208591,0.9989766
e2dbf26b,0.9988268
3aead421,0.99914014
f73ace89,0.9990701
6b7b517c,0.9990834
9c9c5ff3,0.9991448
80f0e715,0.99746037
c2e04104,0.9991365
aa5c9ecb,0.9991186
7ffc7f7f,0.9984994
2082dabb,0.9991047
7b000ed2,0.99909294
d1f7812b,0.9990681
275b2aa5,0.9991068
24e1cedf,0.99885154
6daabdee,0.99902475
c30d8938,0.99899143
7ccb0e1b,0.99906415
33c381ae,0.9991062
b37310d1,0.9990201
b2e9ba25,0.999119
64ea674d,0.999076
e7d60308,0.999099
4c0c8abf,0.9990736
97fc7e6a,0.999099
40f2ff5f,0.99910223
5c82f87c,0.9990558
20c14996,0.99909616
36703c72,0.9990701
23316941,0.9990546
01b0a2ea,0.99906474
ca074a36,0.99909186
80af1dcd,0.9991416
5c3c2eb7,0.99864537
4c57aef0,0.9990784
6855bd7c,0.9990644
d8aa39a5,0.9990908
f7e12766,0.9991053
8b972fd2,0.9990741
63294a96,0.9991055
965ae1b2,0.9991461
da6ecab5,0.9991364
30855654,0.9990891
226239be,0.013196033
2f76c15e,0.9990005
e2e1f381,0.99904424
2541894c,0.9991008
dcc6d3c0,0.99901545
e87693aa,0.99913543
241479b8,0.9990281
d4192cca,0.9990915
80e5e437,0.99907136
1a28cf1d,0.9990921
23d2215f,0.99903107
331311b5,0.99913955
3911367b,0.9990646
5bd00c05,0.9883542
ed92a615,0.99913484
06e00a89,0.9990484
103fb0a2,0.99911946
e1b4d3fa,0.9990614
7721f0d8,0.99913764
bb061a39,0.9986694
3147087c,0.9988771
8cec34d8,0.9990382
69826a5e,0.99913067
29d93327,0.9991204
54dc96f9,0.9990846
2a6f6d2a,0.99906355
3aa6f667,0.99913776
edd90722,0.99905163
4bbbe5b5,0.9991198
002c1983,0.99906176
722fff29,0.9991221
941e44d2,0.999091
68b425d5,0.99911886
3f5afe5d,0.9990884
cc111f9a,0.9991341
5709857f,0.9990823
be779dff,0.998998
3b1630b4,0.9980388
22e30cb7,0.99896383
04242f35,0.9988022
5c731a99,0.99898297
f121a867,0.9989311
4babdd56,0.99906987
2d0da2e2,0.9990977
2bf40176,0.9990959
0b978119,0.9991036
4ffb0cec,0.9990465
40335f1c,0.99907
122444ce,0.99907047
8172e89e,0.9990514
4ac87591,0.99902725
660ef23b,0.9963503
f8a72b48,0.99911827
023755e7,0.9990903
7302057f,0.99907184
b65aac0c,0.9990885
c1326e21,0.9989619
7849a67d,0.99913424
6482ad36,0.9990777
f691cb09,0.99914896
5a381e84,0.9991405
2e11d9ea,0.99909556
1cb103eb,0.99907434
7b0e862a,0.9990314
42012d17,0.9990601
49583b5b,0.99904495
f55c574b,0.8742134
b400c059,0.9990822
5e5e7a42,0.9989754
754116b2,0.99914694
7cce2e2b,0.9990821
11538229,0.99910396
7cb59fb2,0.99912673
b0436b7e,0.99885213
68b841da,0.99909675
c8902916,0.99908984
62aa28d0,0.99897975
6afbae77,0.999047
618fb2f4,0.99908805
4e6f5396,0.9979401
dbc77798,0.99913174
5cd6a133,0.9989222
99327a5a,0.9991171
f77d2f83,0.9990839
e019dbc8,0.99897873
9eefc10c,0.9990783
f9773f2c,0.9990858
6de3c515,0.9990601
4e55d709,0.998944
daa79004,0.999076
a389b384,0.9991291
10d73e22,0.9981108
1ddfdac2,0.9989191
34a33770,0.9990833
23f32a63,0.99906546
7a35b030,0.999089
58f1f4c3,0.99900526
40bc504b,0.9991033
b8082550,0.99902725
42e342e5,0.997242
b56549a5,0.9991153
6522a509,0.99911815
2335a889,0.9990584
8b2f5179,0.999071
fd3f0908,0.9991067
8b79f714,0.9991037
cce56548,0.9991283
a31426d9,0.9990978
a333bc3b,0.99912685
0642ec18,0.9990583
ee74fe88,0.999059
ee283f11,0.9990896
f68abcf3,0.99909127
01af7c83,0.99422544
3377deb0,0.9991092
b825e7bc,0.99910766
e2df65dc,0.9990662
a66933c2,0.9990683
966e2087,0.9991054
0a511750,0.99908936
af89ad2b,0.99892527
e5df844f,0.9991032
31d6ef1f,0.998423
4b2042a8,0.99904734
c4eaf7c6,0.9990952
42d751e2,0.99910045
f8743268,0.9990652
d81e9728,0.99902976
cf63aff3,0.99909127
0359d7c0,0.999084
5ecae58d,0.99908483
55eace7b,0.9991053
8adfab12,0.9991289
2e53f884,0.999037
165b3c9d,0.99886346
9d2db145,0.99913126
07bcc651,0.9990013
13deea7d,0.9991381
300aba80,0.999081
35e1413e,0.9991103
fab1456c,0.9989906
b8434726,0.9990482
174d33a6,0.9990727
350f7ce0,0.99906915
97999eb8,0.9991375
dfa7af2e,0.9978058
1afc28b7,0.9991503
fff59a41,0.998725
5ffaa606,0.99912876
c46cf4d7,0.99910444
0d59c587,0.99909174
2d7c6540,0.99914145
ef2136cd,0.99909556
ede3907f,0.99909794
137c626c,0.9988589
db8e4a11,0.999091
8f197e09,0.99901223
677f7674,0.999084
f6a27118,0.9989273
2c2439fa,0.99908876
57071620,0.9989773
834774e1,0.99888223
8622424c,0.999054
9280365a,0.9991001
4f16ca30,0.9991358
7d977ddf,0.9991505
e84bef59,0.9991373
986f73b4,0.9990734
3b13c433,0.99904794
f330eb23,0.9990945
a6af9a3f,0.9988462
e3ef2696,0.999111
ca295757,0.99905246
0d1f2f13,0.9990972
3d6ee093,0.9991285
77d59544,0.9973074
4b2ddb75,0.9984509
c7c9905f,0.999014
b2f425c8,0.9990607
e9a17959,0.99911374
0a4b75b8,0.9990688
51f74b47,0.9990747
568cecda,0.99913627
e5a1456f,0.9990915
b1599126,0.99903095
2485929e,0.99788815
4f4b73c6,0.9990577
3343ed2f,0.9991007
4fe77e36,0.99906975
de95eb83,0.9990011
3bac7d2f,0.99892384
489f81a9,0.99897146
22957f77,0.99908245
2b3cac48,0.9990723
fb05afd9,0.99908626
70b995f5,0.9990833
33c648bb,0.9990978
4e6cec91,0.99907374
eae2e0ba,0.9991116
dd0d88bc,0.9991371
f262f89f,0.9991036
4a0cd94c,0.9990397
8503f2e8,0.9991073
fd1275b3,0.99913776
77f55f31,0.99901843
0f2fa170,0.9989812
c6b6715c,0.99906856
d8df646f,0.9990619
79f8b089,0.99912506
737e7f98,0.99912196
795063dc,0.9991097
a9f210f3,0.9990878
2a4322bb,0.99902976
eb6e6c4f,0.9990546
627bc8f0,0.9991301
8def1650,0.9991054
ce1cd681,0.99908507
092d68f8,0.9990657
7eb0d821,0.9988933
48e32848,0.9990736
f07596c1,0.99906284
44056c72,0.9991335
57345db3,0.99902236
b003eda3,0.98671526
e890149b,0.9991431
cf45f2fa,0.99901974
f89f26ac,0.99874806
d1f30323,0.9989802
414aee15,0.9991517
6f087e3a,0.99904007
6d3711da,0.99906844
f5c2f34a,0.99909866
1c8bd75d,0.99909365
0d584889,0.999094
803d91b7,0.99910897
626c132b,0.9990885
beda71a5,0.99910057
fb3f943f,0.9989862
242f06eb,0.99901927
fd7d34b1,0.99910754
3ee1e377,0.99911386
fe1d02cf,0.9991227
7b8d79ea,0.99827445
c555c2cb,0.999134
500bef5d,0.998757
db8dec98,0.99911815
3e79ecf6,0.999089
47d4c7c4,0.99897134
03f68c7e,0.9958872
d001e1f5,0.9990866
bfd22025,0.999057
cee16711,0.9987686
e93864ca,0.9984269
02f3d031,0.99907255
7e7c86f6,0.99904734
3cab507c,0.99905926
15fb112b,0.9989778
c9a9940f,0.99911016
3ced28a0,0.99913377
88b2c2c1,0.99905545
d179489e,0.999119
bb0d086d,0.9991033
067c337e,0.99908864
59bda4ec,0.9990858
2c1e7e36,0.999124
6572e033,0.99912876
36ded854,0.9990381
9e2f3b66,0.99908566
9fdaf373,0.9990018
c6377e5b,0.9990318
fdb4fe09,0.9991033
9aabae1c,0.9991359
425a12a9,0.99912316
7065e8f6,0.9990146
002a8d59,0.99893576
e203e94c,0.9990938
9cc6177c,0.99892455
6168ef94,0.9990509
73521498,0.99911875
e46582c9,0.99908745
d69a6f5c,0.9990853
a7345913,0.9991002
34c3ce9d,0.99907947
dbb9ac0b,0.9990785
9d050a09,0.9990502
371cba65,0.99909115
ff84e052,0.9991093
c6f7b151,0.99911886
7e10126c,0.87973034
f685a32e,0.99909556
84553cd0,0.9990433
a37ea91f,0.99913067
6ff2fd20,0.9990237
0ec2a11e,0.99903715
ab51a67f,0.9990735
f309dd56,0.9990615
713af9cc,0.9990808
401c201c,0.9991172
421fa82e,0.99907887
8d7fd6a3,0.9989115
8c725834,0.9991105
59a3c8eb,0.9991351
8c82a1eb,0.99896276
85f10718,0.9991013
35f3837b,0.9989864
9dda6930,0.99909174
4c65ac10,0.9991001
e224a817,0.999042
01546c2d,0.9991136
f0a99850,0.99912864
0dfe54b3,0.99910396
43b1d796,0.9991284
e1e2f06b,0.9991387
3ff4627f,0.9990682
3889e273,0.9984816
332634cc,0.99912506
074b8bbd,0.9990638
001686c8,0.9991002
6a701fb2,0.99913627
a83b1275,0.9990871
5e36d73b,0.9991315
eb9bbff9,0.9991037
39064e1a,0.9974613
f47da36b,0.99911815
320c1428,0.9990539
6aea41ca,0.9991283
2208dc91,0.9989778
8144f77b,0.9988458
e78a7214,0.9991372
66d546f1,0.9991296
b70f6e98,0.999032
fadced0c,0.99909985
6fb0193d,0.99910223
c3ab5cf3,0.9990596
4ff47f51,0.99907327
22c64f21,0.99911064
8d7085b6,0.99909055
4ad29bd0,0.99901557
c18869a1,0.9990532
367ee257,0.9989906
9115c890,0.9990802
7cac7022,0.9990938
2e76643c,0.99907625
047be9db,0.99898726
447fc9b8,0.999027
122bb5d1,0.9990972
3d0881bb,0.99904245
9e8338a3,0.9990477
40426c1a,0.9990094
310daffe,0.99912435
512218a9,0.99905974
a7013c4f,0.9991341
53529353,0.9991308
ea709edd,0.99908864
d611c32d,0.9990621
fb9e21c9,0.9991217
5a7bfe42,0.99903834
5d5f0135,0.999129
5bccf605,0.9990571
41b5e613,0.99762934
7d36ed5e,0.9990727
4bb393b2,0.9990306
fc16cdc0,0.99913055
84a3d131,0.9990722
58085982,0.99910456
d21cbee4,0.99912363
72f2fe44,0.9990702
a16d0516,0.99500716
9b9cae02,0.9991117
9c1ca50b,0.9990552
b20346ab,0.9990945
04942b3b,0.99903166
aa66d922,0.99910945
cec17ff6,0.9990472
7b8c7572,0.99897766
4e86ee51,0.99911875
cf329d6f,0.9990736
39406fcd,0.9990777
09b6241f,0.99614584
930dc860,0.9991234
09c63bff,0.9990509
2f8a3c08,0.99911565
2b8327dc,0.9990711
69186cf6,0.99910504
bcc6635b,0.9991185
a9f7cff9,0.9991412
f2e6a73b,0.99910223
782464f2,0.99914896
2277b29b,0.9990907
2a14d59b,0.9990386
67a44dcb,0.0030169121
bcc26c4d,0.9989988
7ed6c94f,0.99905163
e03bac3f,0.9990558
33ea9444,0.9991105
6c15a1a9,0.9991074
f0c18392,0.9991509
a69ccb80,0.99899715
f57f00d2,0.99903935
ecd8ffc8,0.9991148
8edeb7d9,0.99902606
26445ae4,0.9989932
5e67e96f,0.9991437
aee3c68b,0.99906737
c4ecdff8,0.9990631
0a240a17,0.99914193
d681d0ff,0.9990433
eb289770,0.99908423
04c3f057,0.9991078
797b75f1,0.90184045
0237ce4b,0.99910814
ada21d3d,0.9991473
adc94060,0.9987575
2f577ba5,0.99904007
fb225cee,0.99912184
79566ae3,0.99904865
b1e55c94,0.99905866
91201e1a,0.9989981
1a41c4bd,0.9991015
78fa9f29,0.9991116
b266bde6,0.99913484
9c5b9625,0.99897087
18fbe8ce,0.99907327
5cee77aa,0.9991222
16f2b488,0.9991431
27d00eea,0.9991009
1e4f0840,0.99911886
2d5925a5,0.9991252
5db1f6f7,0.9987406
5dc1540a,0.99909306
84684c6a,0.99912757
be67710f,0.99908864
0694270a,0.99907553
d92a3642,0.99908745
ac13d1b9,0.9989699
8f8aa84f,0.9990101
151aa899,0.99904984
93e022d2,0.9990835
1815b8b9,0.9990527
710c2615,0.99908745
ab65922f,0.9976157
6a2de9c5,0.99905413
d177e870,0.99908316
510f3cb2,0.9990814
a808f2d8,0.99910223
b635958f,0.99903405
d6244c6f,0.99908686
04c9a22d,0.9990928
8398ccba,0.9990534
aed1d458,0.99913603
e6361093,0.99910116
881d16e3,0.99909973
3450f69e,0.9989812
da9d1dc7,0.9990695
cc2ec2f7,0.99914134
661bc346,0.9990865
299cc418,0.9990564
7c4df707,0.9990722
8f47a1aa,0.9990565
9d758e81,0.9990513
4eb6f004,0.9991314
b12a917c,0.9990037
0c78e2e8,0.9990816
56fc444f,0.9990771
4535e1d4,0.99912006
2e34d8eb,0.99903154
9f1c336d,0.99908876
c6d3ec25,0.999049
a1287c9f,0.9991099
6400a034,0.99901617
686b537f,0.9982298
efa8a1ae,0.99912614
6d62f851,0.9991301
4692c77f,0.99911064
df05717f,0.9990853
ffc42d20,0.9991053
8c4124fc,0.99907804
2ed348d4,0.9991279
620da1ff,0.9991078
9a544ec5,0.99908173
66683ee0,0.9990758
481033b8,0.9990169
507b00f0,0.9991233
1fb8832f,0.9991135
681a6dfb,0.99911505
6b76aed7,0.9990834
0f6a14d5,0.9985808
283e4599,0.99894994
e8c7eb7b,0.99913764
6d1a75dc,0.99909616
bf31a088,0.99908984
fe7d3280,0.9991009
12f4a223,0.99899703
f582d85e,0.9990815
2a51c0bd,0.99908745
977bac61,0.9991227
28e58043,0.99908566
78530180,0.9991036
bb9597b1,0.9990971
4b921d19,0.99915075
04217d94,0.99905807
5d839116,0.99842834
905fa5dd,0.999084
0aee8bcb,0.9990614
089aae2c,0.9991242
a4e6d954,0.9991442
16fe1d1e,0.9990294
63f82ed2,0.9991271
f55a0b33,0.999071
207eff57,0.9989249
99beb51e,0.99910647
cf291455,0.9990928
8cdbab2f,0.99909735
8d15a289,0.99906486
2f2edd5a,0.9991068
e5a05e66,0.99912935
a006053a,0.99907625
15d2efe6,0.9990741
ab9fd3f3,0.99906546
2250687e,0.9990845
900d01a0,0.99908817
5cb4269f,0.998917
ada97911,0.9990722
00ffdeda,0.99911565
2fd69719,0.9991372
8d386bc7,0.9991059
4bbf8ed6,0.99908316
0aedadcf,0.9990656
09a7ca6f,0.99893445
ce3bb416,0.9975178
e36be5df,0.999087
08fb91a6,0.99903595
83d801ce,0.9990645
f7867ed1,0.99910945
1c4d7398,0.99906164
0a5b9302,0.99910754
1e75e46e,0.9991001
82f7330d,0.9990538
aed21e9c,0.99909914
7b44ad74,0.9991079
3312bc22,0.9991054
270800d2,0.9990959
439b63e9,0.9990928
592ada5f,0.9990387
0404d366,0.999054
c004157f,0.9990978
d1764c90,0.99901116
35ec6b61,0.9990639
b28296ba,0.9990706
87bd37b2,0.99913234
6e3d433d,0.99913555
daab6f42,0.9991364
8d623b1a,0.999076
e362d41a,0.9990459
710e995e,0.99910057
a787504c,0.999052
bcaa725e,0.9991001
c7ca83d4,0.99910957
6f232571,0.999052
886e751e,0.99908686
ffb8f9d1,0.9990722
00d2832b,0.99912566
5756040b,0.99909925
a42c49db,0.99908304
fc1b8cf4,0.9991054
e5791f58,0.99909294
223f806e,0.9973253
fb05511e,0.9991003
b8df05c1,0.99908984
6b3ad2c6,0.9991105
291c2773,0.9990758
e3062d6f,0.99907184
7ad8a3d8,0.9991235
86083389,0.9991055
4208d4b5,0.9991185
dc4c5491,0.9991015
9edfb856,0.99851567
b6027f29,0.99907076
e63859e2,0.99891067
beb8676e,0.9990922
fdb8751d,0.99913555
079473e6,0.9984856
2500447a,0.99912244
17f221c2,0.9990891
3c25c6ad,0.9990723
e08cdd91,0.999076
539cdbe5,0.3043096
7fd0839e,0.9990734
9f4ea8f9,0.99867404
1b778eb3,0.9991198
218d5b2b,0.9991078
3979cc97,0.9991322
03d9d808,0.99903023
cbe23ce5,0.9990798
5ee5b56a,0.92911583
e4b6622d,0.9990889
8e97b4fd,0.9991285
e87c9df8,0.9991295
a46f6cd8,0.9991154
58fd0e68,0.9990871
f7d10a67,0.99797446
f34d9c85,0.9989791
6fe31492,0.9990551
166f0fbc,0.9990287
0c2cd26d,0.99900913
01f51a51,0.99909115
1b7f29c8,0.9990914
01d4c8d2,0.99913776
1f2c0f90,0.99911314
dea36509,0.9990639
25073e8d,0.999044
a99ac998,0.99899596
7797343a,0.9911869
7276fadb,0.9990402
72fb1312,0.99914086
5e733665,0.9990897
3e841053,0.9990879
81e4f42a,0.99912125
0a5eeca1,0.9990907
bfe0cc71,0.999089
2d12edad,0.9991109
ff6891fe,0.9990951
7a7f935a,0.99912447
68f80749,0.9991204
f0187e0c,0.9991291
6e2e3270,0.99912924
6693538b,0.9991115
7890be3d,0.99908984
5cbc171b,0.9990747
10bf45f4,0.99880064
5b63c41f,0.9991128
f2c6280a,0.9990846
355c03d9,0.9990965
db0e458f,0.9990639
09ab3d1b,0.99914
763d8b1b,0.99907553
0a7d3153,0.99910694
b6519095,0.9991084
bfddbf2e,0.99909043
f3e3f200,0.9991202
fa349c42,0.99908805
8876c29c,0.99905604
9b1116c5,0.99910706
8a11ddba,0.9990478
8c1bd839,0.9973935
ebfff951,0.99908984
090d054b,0.9989699
dfd11a0a,0.9990381
9b9dfab1,0.99899644
edfd9b80,0.99908936
d9cd7d4e,0.99907756
8a2b5b4b,0.996585
702688fc,0.9991154
b1cfd1d7,0.9991328
6e0ad32a,0.9990828
4878f6d5,0.998808
621e4687,0.9991358
1a8dfa2a,0.9991364
b582e3c8,0.99891794
35363894,0.99906427
cfb8116e,0.9991091
7a4310de,0.9991314
c3be8fc8,0.99910057
5ae02c74,0.99910396
befc196e,0.9990675
4504b09b,0.99871933
35fd81ae,0.99903643
938c2a8d,0.9990694
3a8060f5,0.9991228
6a1d84c5,0.9991254
4d84f436,0.99906915
a1ab4bbc,0.99910164
53817dfc,0.9991346
43bd0b09,0.9991025
5a7d86b5,0.99894804
bce66f47,0.9991304
7d0c29e1,0.9990533
eb55e0c6,0.99905497
9b40c7f5,0.9991297
5d6df5bf,0.99904007
37de2c0e,0.99913615
9f7be5d9,0.99903935
55229c10,0.99623436
5bc8d8bb,0.99911886
5b3416ed,0.9991146
fad940f0,0.9990872
5c995602,0.99909794
171a0599,0.99893636
634661ff,0.9990779
b94e2dea,0.9991234
09604f67,0.99908197
1e558185,0.9991043
2a76cfc2,0.9991047
fd728eb4,0.99906725
ebe69fdc,0.9990835
b395b3b6,0.9991033
f17145a7,0.9990588
e3ba6075,0.9990102
4b829f4d,0.99893564
a9e27944,0.99913555
8b377bc8,0.9990614
a20960ca,0.9991042
f069087a,0.99907756
dae5ea66,0.9989862
34cc4a45,0.99904746
af3e21de,0.99912757
5f22337e,0.9990802
be671ab7,0.99907696
18a43ffc,0.9991233
a09eb75f,0.9989531
7da127bc,0.99913126
7e7bd19c,0.99899536
2f5a1363,0.8671852
11ced940,0.99909425
40534c03,0.9991043
a24a02b1,0.9990301
36dfc361,0.99901235
66be8b08,0.998703
504aa123,0.9991303
dc7d4f4b,0.9991115
0e57cda6,0.9990902
779276a9,0.99902487
28641410,0.9990434
0ea574b2,0.9990344
72c6dde2,0.9991442
ceec9399,0.9991167
8dddbe1c,0.9990577
8b84aa79,0.99907947
fc615ded,0.961815
8f3ae0d7,0.99910516
a92e8f55,0.99846727
a45d9773,0.9990922
79afb69c,0.9991192
d3be166c,0.99912053
36ba06e4,0.9990482
85c80359,0.99906415
4baf2164,0.99905807
7148c383,0.9991061
1c501ba0,0.99908733
65a126df,0.9991215
18cc58a9,0.9990865
cf1da6c1,0.99913484
5f2e976b,0.9991135
4c3fed88,0.9990903
c6ce317c,0.99894637
e92084d9,0.99908006
2d3817bc,0.9991055
8d433534,0.9990982
29e093e3,0.9991241
38a7e9d5,0.99906033
3f8e935b,0.9991272
b0b5dc8b,0.86258864
c232493c,0.9967955
cbb8d5f1,0.99906725
8b85ae9f,0.9990767
c2c26161,0.99906474
bc122680,0.99909616
963ff2a6,0.9991492
11bc9ba4,0.9991008
4ac4afb5,0.9991366
98407bd7,0.9988558
e751bc60,0.99911565
4be70d13,0.99906963
866c4986,0.99904484
7800a4b1,0.9991308
033b56fe,0.9989753
06a08d4b,0.9990915
5cd24332,0.9990276
a93b36be,0.9990532
e8d083a0,0.99911994
a1e53593,0.9990965
d003274b,0.9990889
2d88679b,0.99906
d5fa0793,0.99908054
1c0fca74,0.9989691
a3db6b37,0.9990126
0d0e8de3,0.99761766
833c3fb1,0.9991073
5d0ed7f6,0.999091
6bfef035,0.9990637
e46bf99b,0.9991365
06fdc0ef,0.9990658
3ba57b90,0.999127
b93cbe62,0.9991322
74eff4f8,0.99885523
76ec9217,0.9989656
bb119a09,0.9990404
5480ef4e,0.99909735
49380426,0.99906975
82cb1bec,0.9991086
9e8cd974,0.9990639
33518726,0.99910814
44229b35,0.9990546
7a4b9909,0.99910444
f7b28f19,0.9988569
cb1dbaba,0.99913955
82646fbe,0.99907565
78ecdfe4,0.99905616
a19eee46,0.99911386
0011550b,0.99914587
c8836201,0.99913245
46ca2e32,0.999091
1d04c473,0.99911815
075942d9,0.999064
7abab7ed,0.9990895
8d99d749,0.9990589
90a28c5a,0.9991091
b7e5d392,0.9991178
3bfdca09,0.99910635
6861edb2,0.9991303
0ecdf469,0.9991041
c9f764c5,0.9991003
38359b2c,0.9990337
d8d6b0d0,0.9990652
8416eb7a,0.99908566
c4b155a9,0.999106
24d17c4f,0.99903905
0cf73b4b,0.99909663
d286b317,0.9980367
e493fd93,0.99909055
846d9a34,0.99908006
550a6b71,0.9991347
9d89c59e,0.9991347
4b6740a1,0.99879956
511f7897,0.9991229
75c1a832,0.99882203
a37913cf,0.99909544
82413941,0.99911493
f2ed9ff3,0.9991086
e3cb5231,0.99906105
898ea22c,0.9990728
ce992a19,0.999113
ce4ee617,0.99905866
1667a232,0.9990791
e8145510,0.999089
e4fe62cd,0.9990964
f5ac7595,0.99909353
a87c1798,0.999124
21bf4a86,0.9991027
7de873ee,0.99909544
82bc3bf0,0.99911314
a26f0efc,0.9990852
9a3cf8c7,0.9991241
f53f926c,0.99904233
710d901b,0.99905485
d7995f51,0.9990553
5b2273da,0.9991242
ea6de789,0.99909973
0b8037c7,0.9991068
c07d42a3,0.9990681
b3efd503,0.99911577
aced7ade,0.9990427
831aaedf,0.99908924
122a995b,0.9990891
9241efe9,0.99898285
89a887ac,0.9990767
9130ade2,0.9989704
baacbf62,0.99913824
bc4e70ab,0.999121
dbd7f9b7,0.99907804
0c3716ea,0.99911886
14e54b13,0.9990815
2ba1726d,0.99912125
2f2aa91b,0.9989706
aa22b5b0,0.9991171
8537789d,0.9990878
c14c9c3a,0.9990681
201df417,0.99909437
68401fe3,0.9990068
a96e8bf7,0.99911207
2e7969e3,0.999033
0b893fd9,0.9990938
450a5b2d,0.99910706
8fdf2810,0.999113
c22bdf7d,0.9991147
a7b67b84,0.9990707
e5562383,0.9989518
3f1f21e9,0.99912304
8a0bc541,0.9987564
ee55c89d,0.99911076
310b9d0d,0.99909115
a02261f4,0.9991104
97155919,0.99910516
2d55664f,0.9990876
d68ea143,0.9990897
70b67c1e,0.99913824
d215a808,0.99906236
019c90ac,0.99909306
c47236c3,0.9990497
2d5f426b,0.99907315
8e366239,0.9990971
e54f7ffa,0.9991117
1f10b8d6,0.99877614
9100e0b4,0.99906236
7ea46100,0.9990497
83e7d494,0.99906284
c817b8c6,0.99908817
79b3ec4c,0.9991103
3feb59ae,0.9990945
c7936ba4,0.99909616
83ce4ead,0.99901986
51d182b9,0.9991291
b97d8508,0.9991153
4cbd1f93,0.9991253
435a95c7,0.9990982
aff64ceb,0.99661887
a6f7a648,0.99911886
6e9633b8,0.9989472
e0f06268,0.9991357
c258a1c1,0.99910504
9f9bf48e,0.9991055
b91a63e4,0.99907756
aa7f93fa,0.99907863
fe04c636,0.99907565
ea41d1f6,0.99897254
7f70afa9,0.8902662
e1b99c33,0.99913555
d6b16f4f,0.99896324
9db49c41,0.9991001
06582201,0.999089
db19b34d,0.9990127
e52e96a0,0.9990734
a4792f62,0.9991392
8865563e,0.99896276
d5a65d72,0.9990608
f9fe0a9e,0.99911815
9d3d547e,0.99887985
263ca663,0.9991129
ea7620e0,0.99910516
2a2be888,0.9991099
9a5ba563,0.9991159
00476bb5,0.99907875
20ce112d,0.9990939
313eb7e2,0.9989773
b3f42426,0.9990716
ac1d3333,0.999148
a752c4be,0.9990687
130aeb8f,0.9990602
2f640669,0.9990557
ba4a083c,0.9991254
d0aa7995,0.99908364
e87a0d52,0.99903
bcf7161d,0.99913245
9d036f4e,0.99908984
ef65c0ac,0.9990308
45c5ee5f,0.99907875
a9266d3f,0.9990707
d2ab6c8c,0.9990489
7016314e,0.9990879
27a6a507,0.999081
61ab0412,0.9989741
2d04278a,0.9990575
f00dea6b,0.9990681
2d41d03e,0.99907553
62be2fca,0.99907
c5e86883,0.9991399
b900353f,0.9990606
e4b23732,0.9990977
dbd6e875,0.99898165
eace7824,0.9990959
58ba682f,0.9991142
d42111f2,0.9989761
01c4c980,0.9990176
94cc66df,0.99902344
5ca64afb,0.99908864
41d2f6f5,0.42973876
bac27146,0.9988638
325e462f,0.99905604
087d42a5,0.9982503
dfbc4b0c,0.99906725
ac30c9dc,0.9991334
c12638b3,0.99904305
df019a23,0.99909115
d13c6767,0.99913174
8abdd4ca,0.99906117
2678ed2b,0.99908054
5060d17b,0.9987835
560832c8,0.9990767
34012e96,0.99906665
c23e3b6b,0.9989058
3c839c3e,0.99912435
47e63027,0.9991171
bfbceb72,0.99910873
15510fda,0.99911267
b08d3cfe,0.9991043
a70b12fd,0.9990841
363a2799,0.999102
72e2b0e5,0.9990784
256d76f9,0.9974782
7c4fc3d2,0.9990501
874a6f12,0.9990761
851af3a0,0.99900824
861c2011,0.9990827
c7d9facc,0.99911124
682a2e67,0.9990671
fccef4f6,0.9990878
95da9190,0.9990976
0e07ee83,0.9991235
a1462769,0.99911267
f2578548,0.99909997
fde442ce,0.99908376
85360750,0.9991066
86523883,0.99895334
587a55c6,0.9989918
4b6d9d46,0.99910516
cb96159f,0.99913955
e6d5ba69,0.9990965
f1a064a5,0.99903166
124e4c31,0.9991485
089c0de1,0.99900204
ed57dd64,0.9990393
da1113d0,0.99909914
6b47eec1,0.9991185
e3a23291,0.9991279
3ab1a094,0.99906725
5d99855a,0.9991375
d96ac4c1,0.99913496
c6af8016,0.9991117
ab3e123b,0.99912566
ee564a8c,0.9982218
926cc722,0.99911493
8db4357b,0.9991134
818e43b4,0.9990845
703f1e43,0.99912804
63c0942a,0.9989826
d239253f,0.9991014
d13ecf52,0.9990965
9841dbb6,0.99912316
6af7c330,0.9989517
945ebc48,0.9990938
c961559b,0.99914336
658ad2f8,0.9990951
3bf0aef3,0.99906296
9cfc2d74,0.99912256
ab4ca716,0.9989698
aadd9929,0.99904877
9ad44130,0.999017
540ff1bd,0.99909925
0e8f3918,0.9981406
8cd6acd1,0.9990921
850f501d,0.99908245
d1309bfd,0.99906045
25620bbc,0.9990846
8d96ce04,0.9990939
04d59fbe,0.99904245
35beb8fb,0.99907863
2f08f471,0.9990707
6c8c2e04,0.9991301
e837fe31,0.9990546
9671ef63,0.9990963
46493384,0.9990588
22e429a7,0.9991078
fb8be934,0.9991049
9da412a8,0.9991124
8ec9d6af,0.99914336
75729544,0.9989825
6b23d53b,0.99909365
cbd07388,0.9990878
45e101b8,0.99905676
ae7b1d3f,0.9990393
e2177ea6,0.9990669
b26d53fb,0.9990644
359e2793,0.99895096
eb3fb587,0.99908924
c95ec078,0.99907386
185cfb4c,0.9990953
9e6bbbcf,0.9990569
a594844e,0.9989531
a432a6f6,0.9990368
a9093e6f,0.9990688
7d0d6b2d,0.9986852
93913ada,0.9991351
878fea2a,0.9989728
ecf917e5,0.9991353
39cccdea,0.9989372
74aae222,0.9990671
4fcdfc39,0.9990928
47926fe1,0.9990706
6aa3eece,0.9989767
5e088d92,0.9984268
ccb25149,0.9991141
2297466b,0.9990926
47322dd5,0.99899787
ebbfc556,0.9991326
56fcf9ba,0.9990866
e60ed488,0.9990908
c5cf6825,0.99913603
b7f982c8,0.9987686
7f128db6,0.99910384
f9652b16,0.9990558
03e7ccc8,0.9991042
851538a2,0.72781116
eda2b826,0.99909043
908d7776,0.9990656
d6de85f6,0.999089
1a2c73b9,0.99906105
700ea379,0.9991266
55c7866d,0.9990601
2ecd8b01,0.9990632
33eb385f,0.9991309
b2a4b743,0.99898154
54594041,0.9990932
22e51475,0.9990845
9a276ec0,0.43216944
3cbd60a1,0.9991241
c1b4dfec,0.99907124
dfb28729,0.999081
a94d998f,0.9990478
27b1350e,0.9990392
2716987a,0.99906653
fa1a1fcc,0.9991406
34530459,0.9991291
8e9c6101,0.9966107
524de780,0.96367776
0bcac036,0.99909616
27d93d8d,0.9991309
945dbb2e,0.9990299
fe5b4760,0.99908173
bf1b2feb,0.99891186
057c1409,0.99902
da86c735,0.99909735
8a11401d,0.9991247
4a36255b,0.9990903
10f32e3a,0.9991104
c9951bc4,0.9990915
92940a44,0.9991273
464abf7d,0.9990356
69423c1d,0.99912804
b7716719,0.99909854
39d465ac,0.9990815
331e4f85,0.9991374
c0e2813a,0.9987483
e0c65829,0.99901533
c88d1358,0.9990927
ecc4d9c0,0.9991217
00a4f77a,0.99910104
e39b19ef,0.999084
a685c98a,0.99900585
c9bac0c8,0.9990816
4d509d69,0.99910164
dd27e102,0.9991136
492132d5,0.9991074
8495ae2d,0.9989681
d11063af,0.99913186
e9fceb91,0.999089
593e83ae,0.9990846
fc0a22bb,0.9991135
c3b173bc,0.99911946
ed2a2f20,0.9991374
e5ae0648,0.99897975
e65f0dae,0.99907494
450d8ef8,0.9990921
749660fd,0.99908054
d91768b5,0.999131
471822bb,0.99908304
d66b735d,0.99911577
8c8635a8,0.9984586
4f9be03a,0.99909294
faf5c21e,0.99902725
d388eab1,0.99910635
94d60f78,0.99911493
93fb5941,0.99906427
b6ec727d,0.9990766
4eb446cd,0.9990507
b47a2d57,0.9990042
e466e175,0.9991166
a0dfa506,0.99899536
fd358820,0.99900156
f64a64cd,0.9987827
ba4ba5ed,0.99912816
5830b1f5,0.99910873
f2a081ce,0.9991234
7c4ead49,0.9988918
7772dd27,0.99913687
e056e198,0.999134
2b4c4c55,0.99905235
38ddab9b,0.9991036
c0c2b736,0.99868876
8ecd6f58,0.99899274
9df61b56,0.9990055
a5f4eb14,0.9991054
8a05ee47,0.9990632
8bf70d8b,0.99910766
17fee21e,0.9990995
c27582f9,0.999132
dd312d21,0.99909997
2f3c2ef4,0.99832565
0bf4004b,0.9990275
d9bd0138,0.9990664
d6293435,0.9990459
3e9a99b2,0.9990915
f97e6c31,0.001567906
835cb541,0.9990922
231d7571,0.99912316
97f8911e,0.99903643
fba013b9,0.99908376
c27ebe2c,0.99906296
836b15bd,0.9990909
97faff98,0.9990926
f93c4bb7,0.9990544
9513ffe8,0.9990815
a18b59cd,0.9990821
e0050875,0.99906534
254712f6,0.9991358
b55bcc20,0.9990891
4a9c5617,0.9990771
4f1c2ee3,0.9990839
4e9d8769,0.9990784
a169ddf5,0.9991148
b8402f51,0.999119
09927c5a,0.9989894
917777ab,0.9991228
3ac34498,0.9990644
f07ebfff,0.99904436
74bd0284,0.9991184
a3cb3e01,0.9990728
83269ce7,0.9987716
c79b5823,0.9990889
77871ccd,0.9990264
bff89e1f,0.9991015
d7afbbf6,0.99911743
0886c16f,0.0014802909
9a20355b,0.9991285
0e7fcebf,0.99909496
64eb9622,0.9990239
1fced448,0.99909246
7ceed592,0.99906915
2e003c0d,0.9990212
291bb850,0.99911886
31f4e0a6,0.9991204
efd2f4ff,0.99905163
57c69059,0.99912935
5764be5b,0.9991002
4a71c90d,0.99910754
9c8940e2,0.9991148
49bfa108,0.99880433
07e74202,0.9991098
f0baca7a,0.9991043
ee0077a0,0.9990903
31715390,0.9991078
b1dac12a,0.99913883
7e059e75,0.998898
27a4b492,0.9990553
f8ce6f50,0.99910176
0f7723f5,0.9990914
2d7ca615,0.9990709
46463e68,0.9991128
9f525167,0.9990907
14f2bcef,0.99907184
0081acfd,0.9990501
6b89a2c3,0.9990521
f738c36f,0.99911326
082d0dd3,0.9990865
5e1842f4,0.99911374
355cc08b,0.99911195
2dd04d52,0.9990388
025aa417,0.9989768
7f3f0e35,0.9990689
43f11181,0.99898916
dee49751,0.9990596
26ff97f0,0.9990669
1c8d08ca,0.9991202
8450bb1c,0.99907315
83d66457,0.99913955
09beea95,0.99905986
66b850d6,0.9990901
e52b219a,0.9990386
87efc72c,0.9990777
29aa3837,0.9991304
785dc91e,0.9990847
f39358a0,0.99903905
f672b53f,0.99909055
0dccf907,0.99912244
3184ba2f,0.99910516
c8d2e682,0.9991468
5e427060,0.99907637
fae745e0,0.99814415
8c3ed4c3,0.9989027
0d9e7937,0.99904686
d90b8c50,0.99900466
943228b1,0.9990983
acdcfca8,0.99906343
1b84d3c5,0.99902785
12dbd6ac,0.99911326
2f797fbe,0.99912244
ca019ff2,0.99911183
ad563db3,0.9991091
1cf0b03a,0.99908817
915a2c88,0.99904436
6f2f80de,0.999084
281a7e2d,0.9990633
3b1062cd,0.998892
b82f6056,0.9990723
24e71c9b,0.9990677
2a795fb4,0.9989919
18dd66e9,0.998326
e305146c,0.99910104
bc5cc36f,0.99907553
39d8e44c,0.9991235
ddaab916,0.99911064
9d0ba015,0.9990896
f1d2db92,0.99906665
5f2a5b73,0.8209048
29360e92,0.9991258
68b02c70,0.99899644
9ab50797,0.9991049
6543dec5,0.999073
a8ffd5b6,0.99114835
7ad3384f,0.9990452
19ddc9a8,0.99908257
a48e65fb,0.999054
f719b4a3,0.9991136
76a28197,0.9989982
65c70846,0.9990742
93a9dafa,0.9990306
f579b3ea,0.99915314
fd2a88a5,0.99904567
d82ba6af,0.999047
ab98e429,0.9990977
df4cfd9b,0.999137
eb298917,0.99906915
5ff90cd3,0.999108
f29307f5,0.9990804
256e5e7e,0.99904555
8e56294b,0.9991203
8a50b209,0.9991179
495acf82,0.99908304
690caf73,0.9991109
45e485bc,0.9991104
4ad40ea4,0.9990792
af1fc683,0.9990938
8bb08094,0.9990409
a1e12a7d,0.9991115
04907e8b,0.999054
452af01f,0.9991036
82ee57f7,0.99909234
64d0038d,0.9990694
ba316ba5,0.99906176
8b96f10f,0.9991235
61209d81,0.9893134
8df3dc8f,0.9990349
6471205a,0.99912626
b3e41a97,0.99906737
dd5569e4,0.9991053
8b5fa678,0.9990953
574fa190,0.999052
fca49bab,0.0065173293
bbce298e,0.9990927
6940dd28,0.9990752
807135fd,0.99909616
bf32a15b,0.9989384
8af02a34,0.99907696
f951f819,0.9991142
6a255e24,0.99907136
4372c738,0.99910223
73196a32,0.9990577
fae262cd,0.99907434
8ddcd509,0.9991084
3702d950,0.9990632
328b1a0a,0.9990727
505b280a,0.9990693
286c7b02,0.9991111
bd6891cd,0.99907696
e323f371,0.9989956
992c34f5,0.9990891
0fd28804,0.9989748
99d1c820,0.9990657
575e3f0b,0.99900573
aef7d23f,0.99903643
8a0ce3eb,0.9991165
182e817d,0.9989912
9a33397a,0.9991092
7790220a,0.9991171
c4611991,0.9990963
413e376c,0.99903095
d23a7bb8,0.9990626
c1f8638e,0.9987651
48e8f36c,0.9990883
ede999ee,0.9988859
960ed1e4,0.99897015
6301cc2a,0.99890447
1696e497,0.9990558
c97afe4f,0.99911624
97936b4a,0.99910754
02c60b80,0.9990859
c40af960,0.9990606
b101cff3,0.99753064
2c650d8a,0.9990752
acf772ef,0.9991497
042a0eb5,0.9991253
6f76ac35,0.9991161
2ad40d5d,0.99911183
e1596c01,0.99911433
c596e001,0.99900144
da6295d9,0.9991196
7c64f758,0.99911577
300f3dba,0.9991418
d8d96a3f,0.9991191
d38fb9f4,0.9990669
8cd067ed,0.9990778
38711bb1,0.9990972
c44360a6,0.9990748
0258b7bb,0.99906665
1157487c,0.99906594
2af42ef7,0.9991002
de8b3405,0.9989943
b49a30d8,0.41369072
ec2fab41,0.99911684
1000c38e,0.99913424
e260553c,0.9990376
1d9f3bc6,0.9991185
eed2467b,0.9991093
875c8637,0.99913967
899f14b4,0.99914527
0cb1e637,0.9990908
58d259c1,0.999074
587d2b60,0.99911016
a6a2323f,0.99897456
a3cd34ff,0.99911183
45aa4d14,0.9990151
c6e16586,0.9990539
fbb2a082,0.9991066
f013bc87,0.9990458
2430d49f,0.9989962
8fa539aa,0.9991104
3bf157e8,0.99910283
d3a90576,0.99906975
92313ae2,0.9990606
3b734dee,0.9991141
5e4c2b25,0.9986719
b9867abb,0.99906677
51273ad0,0.99880064
5d12b1b6,0.9951769
7617c75a,0.9991392
bb60ce5b,0.9990615
4a8965f3,0.9990858
3e008210,0.9989778
c4e31649,0.99903667
158293b2,0.9991435
bfe23e8c,0.99910104
da9d9408,0.9986848
8ff7cbfa,0.9991092
582219c0,0.99909306
178e0dcf,0.99913126
bffc0287,0.99897635
edd2a0e4,0.99905735
63079828,0.99912935
28caca08,0.9991326
48090f49,0.99899596
11551b70,0.9990706
213557f4,0.9990879
c481ff0a,0.9977301
a876a38a,0.9991241
a5e6b7c4,0.9991066
205fa7dc,0.99893147
a04e8515,0.9990682
c88e5963,0.99904233
ab980773,0.9991242
45e6f983,0.9990594
1cea70d8,0.9991171
3f03ddcc,0.99906856
18135845,0.9990938
643c9d61,0.99908614
7a1b5600,0.9990575
5138c26a,0.9926628
86c75545,0.99909365
009508a9,0.9990995
fe112e0d,0.9990244
61caeac5,0.9986141
2f9b3431,0.9991055
697d7f76,0.99909353
441733af,0.99912494
be63077c,0.99910897
978967d1,0.99906856
5ee98a98,0.99904364
334a7f59,0.99903476
369ad244,0.9991374
12bfd777,0.9989459
16cf2a4c,0.9990754
43da8a54,0.9990528
40a4a995,0.99908864
0cf5d6fa,0.99905795
efded04f,0.9919729
e8a7fa85,0.9991283
66441d81,0.9990601
cacdef11,0.9990404
7ee4f74a,0.9990639
496048f8,0.99910647
d08907a4,0.9990164
da3ee07d,0.99909616
aba6d5e1,0.9990557
d626e677,0.9991167
05bc882a,0.99910057
4a82aac5,0.99914134
9d49ee38,0.9991048
d1dbb605,0.9990701
e9118d29,0.9991078
58e5923c,0.999094
b05e64fb,0.99910575
7e025c1c,0.999015
378e28e2,0.99909306
1b0399d1,0.9991049
42fe2ee1,0.99910504
565a03a2,0.9942257
0a601e0a,0.99910814
b02586f3,0.99911183
cc3e7c2d,0.9990772
c1ba8250,0.9990841
2fdbedc1,0.999081
94f36b41,0.99908245
bb744d61,0.99905485
7e8bdb79,0.9990433
baf121e3,0.9991233
da038ec9,0.99911994
7ddc34ef,0.9985557
c81e1139,0.99905616
3e9f8703,0.99907243
2485f39d,0.99906546
25aa1a08,0.99911577
a9ceb7d3,0.99910223
692303cc,0.9990928
398bb864,0.99909544
abb40312,0.99912673
d055a0d8,0.99909043
461372af,0.99908304
e590868e,0.999146
68e8f40f,0.999126
32e0322f,0.999038
3051692a,0.99914134
3391a4b9,0.9991021
8ea1e4dc,0.99910957
7cf37a18,0.9990847
591fc34a,0.99913245
50cd923f,0.9990717
f492f788,0.99912995
f5e94280,0.9819595
3511793f,0.99906856
e72e417b,0.9991171
f8afad05,0.99906987
885dd69e,0.99905115
00d5ded9,0.999079
690d3233,0.99907076
7d282853,0.9990709
7e2d795b,0.9986885
74241cf4,0.9990953
7ededfe3,0.9990656
bf47b8c9,0.9990513
e1b9c327,0.9990983
eee63628,0.99907887
b57931e6,0.99909675
8bbda933,0.99912757
54df7caf,0.9991328
aa005384,0.9990232
1c680104,0.99905306
c57bf2f0,0.9991055
368a641d,0.99909747
6ef76766,0.9991223
71e40066,0.9991271
2db69829,0.9991303
91f0916c,0.9990722
ef5e94a1,0.9990645
fe48e72b,0.9991229
92039eda,0.9990785
fb42b74c,0.99907553
2ad2382e,0.99890053
73a4eb1f,0.99897575
a625c63b,0.9990808
110b41d7,0.99908435
00ba8fd0,0.9990947
91ab7973,0.9990651
0f88e999,0.99910504
3bea69a4,0.9990715
86c3da51,0.99907494
850e6680,0.99911624
d1316239,0.99906176
18e5fc7c,0.9991066
acc55a74,0.9991172
25b88b6c,0.99908674
67037a96,0.99910885
f3224c43,0.99913305
2f9c87bc,0.99902713
b42be050,0.9990676
16dd69c7,0.9990752
36a55666,0.999137
cfa038e0,0.9991115
3dfab3a9,0.99912995
92e26b06,0.99912685
94d33c54,0.99897707
2fae431f,0.9991235
07d96eb4,0.99909854
d3b65520,0.99897385
1b175103,0.99910295
c584714a,0.9990226
61c13613,0.99911827
66e506c9,0.9991053
f99fd59a,0.99904555
b9d14602,0.9990803
4ef2ba23,0.9990839
149e5854,0.9991321
a80097ac,0.99910057
6a245f5e,0.9991066
5344e768,0.99912804
8467bd01,0.9991128
e024c244,0.99777067
7f30825a,0.99906415
4ed6f234,0.999097
abac5773,0.99904865
9ce12737,0.99905974
152a9ef0,0.99906474
ebe1cb34,0.99896014
583b99b8,0.999141
c997311f,0.9991254
e2de4c88,0.99905366
54bf44f5,0.99859124
c9d795fb,0.9990772
0cf7de0c,0.99909353
cfdcfc78,0.9991147
e2266ad8,0.99906915
f227f814,0.9989843
cb5f7a9b,0.9991015
84f81ae8,0.9989986
a06ea4f4,0.99913234
c19a17d4,0.9990941
5907b757,0.99912614
cfc7a3e4,0.9990728
5c267e0a,0.9990337
e71c1f3c,0.9990716
0ac436d0,0.998939
5df101a7,0.9990741
570ce699,0.9990693
c57d1b5d,0.99906665
91bae975,0.99911445
9f149176,0.9990897
b6997c81,0.9991007
cb8c74ec,0.99908507
d82c6759,0.9991062
17cc4c69,0.99907047
fb5ccd7e,0.99910873
cfc37266,0.9990711
b0007fc3,0.999074
a44a57a6,0.99908257
f2e3c0de,0.9990375
3bc26798,0.9990901
2b74b39e,0.9990477
9849104e,0.9991099
74813483,0.9990656
54689387,0.99899215
e7280de2,0.9987992
c69098ff,0.9990889
04bf4346,0.9990545
3dfea52c,0.99903476
cd729122,0.9990791
ec3e5954,0.9990953
ccb17593,0.9990841
fa81b3f4,0.9991233
1784356d,0.9990777
b4324317,0.9979684
503606ba,0.99912053
aeae5c36,0.9988086
bf3329af,0.99911004
1b61946a,0.99907565
9cacc10f,0.9987331
3eb027b2,0.9990637
ca984a35,0.9990578
879719f7,0.99909973
3e0382d0,0.9989532
5295ba05,0.9990916
781312de,0.99907047
bf54c079,0.9990721
bd922a44,0.99904746
f671919f,0.9990239
0a630704,0.9991122
c38aa25c,0.99910563
659daf82,0.9990558
1a890e2e,0.9990283
7a87cd78,0.9990375
768cad82,0.99911207
be0b7759,0.9991092
85aaa955,0.9990748
5a827c02,0.99907255
14c55d8d,0.99904066
1045ce28,0.99914455
3dc8aeb5,0.9990815
c86a90ee,0.99911493
20f527a2,0.9990834
bad00e87,0.99909973
be8ba213,0.9990827
68a195ff,0.9990029
a6d941e3,0.9991393
b9014e1c,0.9991033
8fa25f21,0.9991248
48c67daa,0.9990408
597ec25c,0.9991499
58459a1b,0.999084
ff8cdfd6,0.9987459
2376f682,0.9990772
5dd3e772,0.9990073
b1deea1b,0.9991059
2cc8334d,0.9990847
abd0a925,0.99906117
5efa7815,0.99912065
12dcebf1,0.99908876
09f3be7e,0.9990932
feb4d74a,0.99909747
c47861cf,0.999081
3cd11855,0.99897563
e5a00de0,0.99908566
44dfb94f,0.9991283
56421918,0.9990797
0064ca03,0.99892944
444c7831,0.9966768
48e79a7c,0.99900454
c9bdd567,0.99912757
050ecb15,0.9984487
1b58ddd6,0.999099
02f0406d,0.9989862
212df224,0.9991001
5f43b942,0.999137
7c867329,0.9969568
9d83aea0,0.9991416
a8016cd9,0.9990596
d7736865,0.9990915
b8d1e8a5,0.9991171
0a8d6e33,0.9990791
287e330e,0.9991392
c6871e57,0.9988225
e515f41b,0.9989754
ab3feb01,0.9990922
946a033f,0.999065
2f2c4a07,0.99908817
3eba8f3f,0.99905723
73a983bf,0.9990897
b297550f,0.9990427
c3bfa3d9,0.99910057
87fed103,0.9991124
47fafed6,0.99728346
f71b1648,0.99910456
87cc0dbb,0.9990096
091d60fe,0.9991061
fc8c6f66,0.9991334
b71aebcb,0.9990711
eee4e8c2,0.9991242
eb59c25f,0.9990602
5d48b528,0.9990977
287ac7f5,0.9991003
54703da7,0.99904937
c1af64ad,0.9990558
3685b5c5,0.9990528
2fd739c9,0.9990163
9d877c99,0.9990658
f9e27713,0.9991441
693ed430,0.9990753
1cee53c7,0.9991284
f877e1d2,0.9991346
2944fee8,0.9991008
10d69c28,0.9991341
1e841af5,0.99910706
e576dcd9,0.99911135
a224b7ad,0.99910635
6b3c6066,0.9991154
48e12dd7,0.9990766
3c5ecd0c,0.99911076
1b99d6ae,0.99912065
913fc291,0.99910295
38af3d84,0.9991246
10bc1108,0.9989085
23eec3a2,0.99907887
409ab0d4,0.9990534
172c0df4,0.9990939
090c5524,0.99874806
83a239a9,0.9991277
f5ae4a35,0.99905974
bfee3644,0.9978969
5dbc90a8,0.9990471
ce67039f,0.99912804
24bb3f49,0.9990895
2513ed51,0.9989606
6bc9f08b,0.9990613
f7f3e62a,0.9990716
f66ca4d8,0.9991365
4a7b61c5,0.9991424
e4605815,0.999091
9be0b691,0.9990878
c7fba5cb,0.9990735
f04ddab8,0.999119
753e2fec,0.99888986
723a665b,0.99903584
c49f2672,0.9988086
151fb06b,0.5223182
205570d7,0.9991142
a47f4328,0.99905473
e1aa6388,0.9991086
d86206a2,0.9991393
d16064ee,0.9990829
db444927,0.9990495
104699d7,0.9990357
52f27f7a,0.9991301
a727d03e,0.9980876
04013f96,0.99909115
5078e53b,0.9990754
fa87083f,0.9990382
abc3df08,0.99908996
3aeb2883,0.9991404
34aa8880,0.99911577
1dd73c10,0.99899274
0e75dbb4,0.99880815
c1772612,0.9990833
4d4dc3db,0.9991047
39394d28,0.999116
4f197a8a,0.9991322
3f529963,0.99907184
f6e95b82,0.9990969
993372df,0.99900913
1b84c03e,0.9989957
9b71d262,0.99912506
cd8ae193,0.999094
88eab9b7,0.99902475
6aa1c161,0.9991167
da6d1491,0.9991198
0c2754d8,0.99911076
55f90484,0.99913234
e6ca6ced,0.9990357
c21e3acb,0.99911565
d69a9bf5,0.99910384
e814322f,0.99906904
34bf71ae,0.9990408
c7e38abb,0.9990375
08f28b16,0.9990675
e293c325,0.9991062
43e59dc2,0.9989492
5fa31116,0.9990632
579008b7,0.9990716
f1eef599,0.9991504
7a909753,0.9990594
8f925305,0.9991291
4d2bae2a,0.9991404
fa1a86fb,0.99909866
aea6da22,0.99899894
c5df03fe,0.99888295
619c1b42,0.9991135
cd2309e6,0.9991021
2094ee99,0.9990735
01958ec0,0.9990957
67b78c6a,0.9991072
769ba0d1,0.999129
bc414726,0.99909806
e82e3eae,0.9990693
b46f4bf1,0.9990753
16109183,0.99908626
76f29c73,0.99905485
a918f782,0.9991033
96660741,0.9963356
9d37b7e9,0.9991019
42b58459,0.99911624
856cec74,0.999111
5133913c,0.9337273
9ba445a6,0.999065
a507c604,0.99906594
c7034456,0.9990409
b2f08a49,0.99904746
7d0df8de,0.9991334
60401a63,0.9990312
983f9f79,0.9990227
6d822377,0.9990741
bbdab52a,0.9990914
c4623920,0.9991116
d18a2278,0.9989795
72cf1dbe,0.99909675
c5a414df,0.99914396
d789040e,0.99899906
5c0ed7e8,0.999121
73ecacb3,0.99912363
84588a58,0.9991203
d77a8faa,0.99906045
4b801647,0.99910337
a1978e97,0.999079
0ce08c6b,0.9990596
58f44adb,0.9990447
73ddce48,0.9990773
d278c042,0.9991091
1a0e1aba,0.9987451
0761c52f,0.9991178
0400df78,0.9991123
f25579f8,0.9989987
6594b224,0.99911326
985f08d7,0.99912864
d32ea666,0.9991001
e3012168,0.9986082
6915a220,0.9990984
c955b0d6,0.9990804
e8fc7188,0.99913836
14a95442,0.9990695
35c70ed6,0.99909914
36f45af3,0.99911696
2b8464a3,0.9991061
9b8c36c0,0.9990747
0979662d,0.99894804
b859e1a2,0.9991196
936e9ec0,0.9990398
0094c8f3,0.9991185
d66defbc,0.9991365
a52a1530,0.9990878
e1a6609f,0.9990879
ea328180,0.9989324
5d05d928,0.9988919
4c5be3c1,0.20806734
1b308b5c,0.99905044
673a18b8,0.9984707
764e1fb1,0.99911195
d595e59a,0.99905926
ae89ef92,0.99910706
64db9b76,0.99908996
56eb17fe,0.99901736
92bb4065,0.9991472
e995a38c,0.99913895
1cbc4c24,0.9991223
3e40e282,0.99910235
70586aa0,0.9991345
4a04314f,0.9990877
ac15b4df,0.99907696
bf2ac55b,0.9990356
4a508771,0.9990814
daa00645,0.9990563
7e25d3a3,0.99906224
6a435588,0.99911135
7168ce69,0.99912673
f20e5615,0.9991147
6407d048,0.9990872
55053460,0.9990921
dc19b61a,0.9991141
77ce87a2,0.9991097
ca7dc106,0.9991015
be48e22f,0.99908483
51ef61d4,0.99912316
d0f10e29,0.9990588
eb1fe0fc,0.9990934
3b534ad0,0.9990802
b5f29896,0.99912256
04905629,0.99908483
7bd82a6d,0.9991002
59a55766,0.9990872
4c83b0ce,0.9991178
6ff852c1,0.9991186
32c3d49c,0.99908674
4af8ced0,0.9990784
aeed602a,0.9991339
bd12936d,0.9991309
fe3f3156,0.9682072
e5923042,0.9990539
464b7126,0.9990706
61ba7499,0.99899083
11ba3a26,0.9990369
e05049ee,0.9990682
8952b645,0.9991172
85874ad2,0.99899834
32410717,0.9990945
121ff0e0,0.999137
d3f08aee,0.99912876
7ea9de4b,0.0012605081
10827746,0.9991373
0a3cc334,0.99901974
f2a0b965,0.9991289
46a9b5e3,0.99912316
0ec208b1,0.9990445
7b16d93d,0.9990231
3aab03b9,0.9991153
da9bdc23,0.9905629
00512db4,0.9990965
07dce821,0.99507034
3c185ec5,0.99905485
09d7b87d,0.9990434
faebd9a2,0.9991142
36d865de,0.9989785
b34ba843,0.9990828
79634fc9,0.9991009
e2af0818,0.9990295
bea6541b,0.9991135
34b751a8,0.99904615
33516944,0.9991304
c8e70a82,0.999127
7152474a,0.9991385
b007bdc9,0.9991253
7511f2fb,0.99910516
e7734198,0.9991172
e66582c1,0.999114
8e65cce5,0.99905986
f83373f5,0.99847656
f6e76d5d,0.99906
9fece964,0.99891245
f87038a4,0.9989955
2bc6e2e9,0.9991061
c7b84860,0.9990381
6a31bf39,0.9990709
1237deb3,0.99901843
136f549b,0.99904364
5ce8b9f8,0.99898404
e2bfe0ed,0.9991301
90ca1ce2,0.9990632
b7320230,0.9991124
9a802738,0.9978314
acabb014,0.9990428
734069d5,0.9990453
ab8bf94d,0.9991155
c9899822,0.99907315
ae6fd4e6,0.9991036
d66a28a2,0.99908173
5d49d728,0.9991273
4672bee9,0.99909556
a28407d2,0.99906665
05a1bce8,0.9991013
7ecd5d9c,0.9991204
63bdb80c,0.9990429
339f0417,0.999065
a9b9567b,0.99912447
5a891051,0.9990181
0aa92d6a,0.9989644
761c738c,0.99911696
e149fddb,0.9990553
70d7756b,0.9991204
590aabcc,0.99912745
391889e7,0.9990759
cfc8aa37,0.9991015
fe81e76a,0.9990716
a5b2566b,0.999059
c368e126,0.99911505
fa9a2a3e,0.99907
af0d4618,0.99911755
f8bfcc87,0.9990356
d549ce03,0.9990102
13197621,0.999071
713f92d0,0.999046
4f713830,0.9991285
df89a8ae,0.99908686
59d26753,0.055052795
f7f4f9b3,0.99911124
521aabda,0.99910456
c4850416,0.9990747
91c4cfd0,0.99908316
994b31bd,0.99905604
729d2f60,0.99898654
08b9d933,0.99906594
e27743dd,0.99906224
ab33fa9e,0.033404548
cb5667e8,0.9990202
189f1e57,0.9990656
447d25a8,0.9990922
79e564e9,0.999116
867cef4c,0.99908364
c572f61a,0.9925962
c45fa5cc,0.9991116
20114b26,0.99911577
98770a37,0.999042
68b5d9ab,0.99908733
68b59dae,0.9991339
92f438c0,0.99906045
aeaa502f,0.99912554
875f2856,0.9987361
5c6d2da3,0.9990833
23b87089,0.9990901
9a074886,0.9990717
3c9e42f3,0.99902
da2707cb,0.99908197
d7eb8294,0.9991172
65af5821,0.9991246
d12dda9b,0.99907374
b3204379,0.9990464
99d9d6c0,0.9991059
1b438a89,0.9991047
761152bf,0.99910456
36bca200,0.9990588
0eb784a6,0.9990896
a34c638a,0.9991092
0207a946,0.9991208
08baacda,0.9990758
89f2f856,0.99911124
580fd5b0,0.99908566
977a2998,0.9990507
a6a224b9,0.9990299
07d5bfc9,0.99906975
81a263fe,0.99911064
4f0eae0c,0.9991173
996010ed,0.99909115
7c94041b,0.99909174
11497181,0.99910057
d8970db1,0.9991296
036c0753,0.99908257
7088a367,0.99908423
e9498b14,0.9991066
07bb0eb7,0.99911755
5fef9533,0.99907696
8acb2b17,0.999108
345f7684,0.999079
805bd0e9,0.99912447
6ba68d34,0.9989631
83435180,0.9990558
27d8af42,0.99908555
41f9deb0,0.9991103
5a02618f,0.9991053
60e6c242,0.9990037
3f17f791,0.9991364
2dfae8b5,0.9991437
36fdcbca,0.9989728
cd00e89c,0.9991115
e8d87493,0.9990176
36512cde,0.99913484
2b787025,0.99906605
693c765c,0.9989864
c9411fea,0.9991266
e95ef20f,0.9990325
60ad698f,0.9990478
345f6f32,0.99911624
3070fa71,0.9991296
aad9b5ac,0.9990626
a3748b11,0.99907553
192d6615,0.99581236
177ff64a,0.9990646
69ff4aa7,0.9990994
33501d10,0.9991159
91173632,0.99909484
0c16795e,0.99905056
99cb2ff9,0.9990471
3ace0312,0.99905294
da398246,0.99912447
c9153a5e,0.99904245
cc6fb565,0.9991001
667291be,0.9990969
d61921cb,0.99908173
0df8f57e,0.99903405
4dec7f95,0.001571769
73ea662b,0.9951767
e6a43591,0.99907756
f740b70a,0.99905604
2ca6f861,0.9990553
c99cd189,0.9990707
7495fbc0,0.9990872
0068b3dc,0.9990369
442c0df2,0.9989955
4152debe,0.99910885
76bd74cb,0.99914265
1743d1f4,0.99909127
33b5eba2,0.9990662
747f4222,0.9990827
c16bf4cf,0.99904543
2b2546b3,0.9990194
1f9370a3,0.9990721
21cb5dfa,0.9990901
df07bbc9,0.9990526
cf502388,0.9988469
bfda2c00,0.99904746
15ba3b9d,0.99911255
1736a841,0.99902785
ef743bd6,0.9990996
ea4490ad,0.9989723
29551863,0.9990707
2b35b3ad,0.9990908
41810924,0.99914205
702d6985,0.99913764
3afa45a5,0.9991135
ff52c774,0.9990258
a25922e0,0.9990941
2d64be50,0.99910235
ffefc8ed,0.99912435
30e1fc80,0.99909925
cfdd658f,0.99907255
6b00a095,0.9990952
8332812d,0.999073
5278fbd5,0.99910176
d8793412,0.9990472
41806840,0.9990675
336fcdeb,0.9990922
52eec4eb,0.9991165
c1709f51,0.9990777
b52c9138,0.9990901
f4742a51,0.9991431
b0b38b60,0.99906605
ba335f6f,0.9990602
dbbf4346,0.9991333
3ef63935,0.9990664
d6722d90,0.9991078
d8630068,0.9991442
8e02adf2,0.999143
d955b858,0.9989895
bd239761,0.9990978
c68d663b,0.99909663
14a4889f,0.99908185
33c035aa,0.9991115
091dba00,0.99872404
0c376b74,0.9990741
476272c5,0.99897337
fc10b396,0.9990633
1b1c8f7b,0.99890685
05a030ab,0.99911565
6822855b,0.99908686
4292c140,0.99908936
e46b8394,0.9991393
02155980,0.9991202
5d74980b,0.99907255
f8af1a66,0.9990778
b9c16359,0.9990798
ab1ab132,0.9989544
131c55a4,0.99912995
4bc88f53,0.99913293
192034a1,0.99910504
18ab602c,0.9991241
f034b057,0.9990637
fe713801,0.99912494
413dbf89,0.99903023
e6aaee02,0.99884963
9ac88b46,0.9990695
6907c75f,0.99908245
d7f630ff,0.9990019
0f0689bb,0.99911946
3ced75bd,0.9989819
4ee720bc,0.9990501
69b1d77b,0.9991084
92618604,0.9991222
1584ac46,0.99906343
910f6565,0.9991247
c359259d,0.9990897
3da6614a,0.99909437
7a0111fc,0.99906987
4d35d6fd,0.99907035
584c945d,0.99911135
187a41f7,0.99908483
c70ebe62,0.99907875
5be7228c,0.9990293
205eacf0,0.99904495
64b19f20,0.9990721
4b5d1af8,0.9990779
1eae5dd4,0.9990589
6fe834b4,0.9990748
22037c12,0.9990465
162ad1b0,0.99907875
4e1f3f6f,0.99905545
a1144f46,0.9990715
95251eac,0.9990382
9212e590,0.99908555
88eca6ce,0.99904174
455269be,0.9990759
ad4a39c6,0.99906796
c6131c19,0.9988939
ffe48a08,0.9991478
b9aac269,0.9990792
3953f7df,0.9991092
107a01fc,0.99866784
33bca24c,0.9990054
652fbf1b,0.9990834
ceacefc5,0.99911207
162450a6,0.99904054
9678e01a,0.999113
a8f3879f,0.99887544
1d103e34,0.9990964
2eca0a24,0.9991159
c9b6300f,0.99910396
f48fb3cf,0.99903154
1a7fe1aa,0.9990995
899341a7,0.9990189
995037fe,0.99914145
96cd37ec,0.9990853
42aed7de,0.9991036
e4651dfb,0.9990453
02b836b6,0.9990644
6771a413,0.99908006
eac01d81,0.013334855
18302ce4,0.9991203
ac3506a5,0.99902356
b7af9910,0.99906784
e54c6896,0.99913174
8361ad10,0.9991037
88d713da,0.9991443
0bd14b5c,0.99870765
1bf55402,0.99908364
9a6c0f0c,0.99909365
4e78d565,0.99909246
1f088e4f,0.9990721
fc440c41,0.99914503
a8a3db48,0.99912566
0823173c,0.9991322
163d3b5c,0.9990459
39dc8226,0.99907696
f4ec8c93,0.9988881
895bd8fb,0.999099
9346fd99,0.99914634
d7e68a61,0.9991008
9bc67363,0.99909794
b448d442,0.9991271
f1c148ee,0.9991179
97ffaff4,0.9990306
834d413e,0.9990362
aa919465,0.9991003
570de58f,0.99909747
a489b2ff,0.9990959
43292a54,0.9991153
dae5f825,0.99910504
4a90da13,0.9989987
a383d03b,0.02078424
6d032619,0.99886936
b7af24a5,0.9991171
8007f61c,0.99901533
f9faba13,0.9990501
9ebf4eb7,0.99914765
3eb96db3,0.99906856
b9a9cb4d,0.9990274
fd6c8708,0.9991386
0742446f,0.99913824
13a4e44d,0.9991129
5e984d4a,0.99833775
5af2e234,0.99901164
59071203,0.99894756
d3cc0363,0.9990404
46e1b02c,0.99904853
50748524,0.9991013
642b9d9a,0.9990289
7d5ee02d,0.99909127
97489943,0.9990754
ce8e4750,0.9991072
d0bf0c14,0.999126
7d87a8ca,0.99899405
10c8896d,0.9991093
33ab8298,0.9990728
87920bd1,0.99913436
817a9cd7,0.99903154
f4edf296,0.99911684
b269dcbe,0.9990452
d8524c13,0.999087
ac9a2d47,0.99906665
9dbd3c2b,0.99903667
fe7c1d29,0.9991209
4c9cd45b,0.99907744
820d948d,0.99908364
ee029a0b,0.99911314
bd415999,0.9990932
dd72d784,0.999084
14930bd0,0.99909747
cd1a27dd,0.99906033
30a86e4c,0.9990602
4c4db6b8,0.9991233
5ff86ef8,0.9991366
ddd73356,0.999086
72c336e2,0.9987878
4d82f422,0.99909616
383676f8,0.9990447
85efafd4,0.99911934
8fbd9c7a,0.99906296
27a0aa0e,0.99908817
ab35482c,0.99901855
3adeb961,0.9991059
d1e51bd4,0.99911433
6bb84681,0.9990513
5ec5d4bc,0.99490535
8bd3b006,0.99910045
4bfcf51c,0.9990895
561ddc6b,0.9990305
a3a35084,0.99909234
f6b88f56,0.99910295
ae901ffa,0.99909735
9ec290ed,0.99901617
50c6e2ad,0.99912137
1358162a,0.9990988
2cf844e5,0.99911743
53b81722,0.99911565
a30e046e,0.99901545
c755e1bd,0.9990429
754db42d,0.9990501
2b821d78,0.999049
615e7583,0.9991233
ab5b3305,0.97070616
8b2f042a,0.99906904
4aefb4c0,0.99911946
8352a021,0.99675214
b621c0e3,0.99908555
00d5e351,0.99909985
0ff78021,0.99911207
7b966347,0.999114
65808696,0.9991202
3b20b35f,0.99909174
5a70cf60,0.99909675
e14e23fb,0.9990816
0650bd95,0.99912256
9cf911d6,0.9990569
a688aa9d,0.9987697
f203d82c,0.99912626
60891cbd,0.99909806
33557733,0.9990658
3fa9927a,0.9990495
0b3e70a0,0.9991352
3c646dd8,0.9991043
c58d9f0f,0.9991148
36df40de,0.99911624
edfaa1bc,0.99913496
9f631cd4,0.9990853
3e5557fa,0.99914706
e4bd639f,0.9990742
79918f3e,0.99911934
1e729490,0.9991148
b80c636c,0.9991099
013165dd,0.99876356
99d5ee88,0.99912363
9e99b545,0.99894565
874d80f2,0.9990483
c14ebf48,0.99912244
6d2fbd27,0.9990086
1e47e969,0.99910885
c0b21284,0.999114
254d8f81,0.9990651
fb66f9a5,0.9990884
94c37868,0.99909043
a0732688,0.9990889
0626b2a8,0.99899954
a0e1e11e,0.9991304
6088410b,0.999097
b0a047f7,0.99913317
83400e6e,0.997773
8ed4a177,0.99911755
393f7a1e,0.9990472
19b6d331,0.999126
e3b122fc,0.9986671
8f2f358f,0.99909043
2d512c08,0.99911886
de67fbd8,0.99913436
7e842d5c,0.9990645
b0bf4500,0.9990404
faf0c19e,0.99906546
6f3bf856,0.998887
7c0e7752,0.9990533
3ac9a24c,0.99882406
85c8dae6,0.99905914
3f2d9278,0.99907756
0875d6dc,0.999065
c21d3a2f,0.99911183
70f8ac35,0.9990798
9da60e66,0.9991429
cf27168f,0.9990978
17afffba,0.99909925
c970769c,0.9989159
596b992c,0.99904925
82291533,0.99905986
45d97727,0.9990852
0490bd62,0.99911207
29c70343,0.9991032
1486f9be,0.99913764
b8b9e1da,0.9991209
6af713e7,0.99910694
5dea6403,0.9989681
e84654cc,0.9990934
269216cf,0.99909854
795cdbcf,0.00813232
c2b154e7,0.999089
e51036a6,0.9990533
58f3b653,0.99915123
36856b36,0.99908936
281f0d55,0.99905735
68e69b9c,0.9989292
01fa145f,0.9991474
3299487d,0.9991203
a4f59427,0.9990767
4377e33d,0.9991498
27c50a5b,0.99911994
32088255,0.9991103
763feda9,0.9991128
5429fa1e,0.99642015
54cf66eb,0.99908483
c4c32c38,0.99904424
c50a7fc3,0.9990957
27d1a18d,0.99909437
4a6c95ba,0.99906784
e5d1b32f,0.9990915
f0288f59,0.99909484
5e4896e1,0.99907386
9536ccce,0.99910575
b4eb3d6e,0.9990682
e174809f,0.99791867
0e3e42a8,0.99911255
46fbf335,0.9990934
766803f3,0.9986676
b4a08cbd,0.99902236
2414fbe5,0.9991497
1619be58,0.9990202
1e1c75ac,0.99841726
f4878a81,0.9991222
6c75b1f2,0.99907136
d06e8421,0.99915123
8a9fbc87,0.9991092
cbe2fd20,0.9989918
b725ebfe,0.9990741
b67ae8e2,0.9991007
f50923f9,0.99906284
e289203d,0.99911064
c50af566,0.9991372
ec6adc35,0.9989079
ef0897bf,0.9991142
d4c7d5d0,0.99905914
7ce09c74,0.9984112
ff5e7ba0,0.999092
90cf3527,0.99913615
cefe6073,0.99908686
54ec5230,0.9990288
aef60136,0.9991196
af9f7057,0.9990963
bd688d26,0.99908364
f78f197e,0.99903655
65154e4f,0.9991333
d8632c39,0.9990952
54311a91,0.999086
bb4cbfa1,0.99896145
ba40ef3c,0.99911565
0dafd3ea,0.99906725
4073f29d,0.99901617
40b711ad,0.99915004
0c1ad411,0.9990332
304a2777,0.99907434
9158689c,0.99910814
73c253f2,0.9775439
0f7a1450,0.99913675
b4b32f3a,0.9990753
fd49daf8,0.9989693
bea6d5fc,0.9990332
727a9bb5,0.9991155
f69da3c5,0.99913174
4ebc74ab,0.9990958
61030033,0.99910045
b30d3031,0.99911135
ad6b11db,0.9990513
83296cd7,0.99255306
118962de,0.99905795
1ac23bf8,0.99910444
e1aac72d,0.99905986
0efb6057,0.9991124
4340529e,0.99897975
ff909d48,0.9991184
79e47155,0.998923
ca671779,0.99911815
55377872,0.9990876
cb4e7222,0.99900573
ff202d4f,0.99910766
91db5d45,0.99906915
880e2939,0.9990558
44251344,0.9989832
1cff9956,0.9990694
cfd91e8a,0.99907684
b1bc6093,0.9991208
1e60f58d,0.9989563
30006c5f,0.99867874
e083c917,0.99912375
e55719c1,0.9991235
730d063d,0.9991161
4df94ff4,0.9991003
5f330ec2,0.9991394
914a2657,0.9990631
05dfc5f3,0.9955581
e8733073,0.99910045
03d8e93f,0.999131
de392058,0.9990977
e836e3e6,0.9991304
1a8ae916,0.9990355
35977ddd,0.99911636
7ca09ae9,0.99911314
775280fd,0.99907506
27f71cc5,0.99910825
8631d706,0.99909544
7ed21061,0.99908483
59d2eec7,0.9990256
c1a94693,0.99909437
0f93c4a4,0.99906665
67a1eb9b,0.9984439
702d45b3,0.9990614
54e43d30,0.99905103
816a6529,0.9990429
9900ab2e,0.99913424
f5de3ba1,0.99911743
056e1314,0.99904734
4115e08d,0.9990263
5f5c49b4,0.9990952
1f81f177,0.99913543
df2082b1,0.9990563
b1fe5cfe,0.99905676
a1ee4efa,0.99914086
c03db136,0.99913776
9a5303a6,0.9991285
2e162e8e,0.9991014
26ecf94e,0.9991233
9e5bdff3,0.998995
34b6d30b,0.99910116
98506525,0.9991093
f5f7d97b,0.99909186
af9b8f3d,0.8975046
2701dbc4,0.9991055
3e38c118,0.9990595
a98a617b,0.99908745
04d489bb,0.9989298
cc44839f,0.9990096
997949c2,0.99902856
9fc0702a,0.99908614
cf9a81c1,0.99905974
5df3fb80,0.99912256
f0a1c975,0.9991373
518f2d56,0.99910283
375140c6,0.9987348
88e2139a,0.9990897
6e2ccbfd,0.9990971
bca00e11,0.9990879
a917b371,0.9990773
f4ee8b63,0.99911207
a2cc6be2,0.9990507
a205d188,0.9990447
e8443236,0.9990926
88a27a2d,0.9991047
206c07b7,0.9990884
404e7ac4,0.9991153
e64d3b62,0.999102
6785c470,0.9990657
08aaded0,0.99902296
1b94334c,0.9990852
859be3c2,0.9990822
19192f62,0.99907136
19cd7ffb,0.9990392
d12663e6,0.99911886
9b610942,0.9990901
6d639fc9,0.99909985
79a5319c,0.9991173
e4cb2c14,0.9991033
5dec5ec8,0.99908257
2b97f958,0.99910235
2f2a2138,0.99891293
e3ddaa8b,0.9990727
dc4f4bc3,0.9991191
03ad06aa,0.9991053
372e2da4,0.99908376
df602dff,0.9991303
3ec11acc,0.9990883
f6064755,0.9991333
60bb9584,0.9988965
37f4a69a,0.99908316
f235c739,0.99910057
afd2435d,0.99910444
c51ea9a7,0.99906594
9bcb8fa2,0.9990306
a052f8bb,0.9990398
4495be7a,0.9990447
773f0c46,0.9989968
4e7de60d,0.99900025
d05d60a0,0.9985991
dd7c2023,0.99912816
edf9fcf4,0.9991091
e4f9b46e,0.9991173
7eb7b062,0.9990375
ec2f93c7,0.99909127
dfd60aaa,0.999084
bc7b48b9,0.99909973
377e1b3e,0.9991233
c7e1fada,0.99908435
570e6856,0.99908316
a3d7b06f,0.9990742
4b439420,0.99906355
10483cfe,0.99909127
be00522b,0.9990675
c7a581ac,0.99902487
9aa0dbe8,0.99903286
a665a594,0.95846146
e93226c5,0.9991035
b00c047d,0.9990477
dd3a1ced,0.99910766
db7dd948,0.99909246
37e552ac,0.99910504
d6f729ba,0.99914
5b95bf84,0.9990796
2a758db9,0.9990627
647513e7,0.99903166
31955a57,0.9990677
5cdb9eeb,0.9991134
2cb7742d,0.9990728
d62e4a50,0.99893385
8d48bc9e,0.99906594
c1acbce5,0.99906653
d9666e34,0.999099
40efe134,0.99903154
15f10a7d,0.9991379
495921cc,0.99908996
ab4b7d6d,0.99911255
72291afe,0.99909985
c0e21c70,0.9989153
c09e7459,0.99909043
770b3d99,0.9991365
2f81c776,0.9988795
34ee8408,0.9989792
8268b347,0.99901104
10d8c0fa,0.9990103
960ace5a,0.99913555
978395f9,0.9991098
f39b31f7,0.9989436
b1f212c0,0.99907684
afa5d19b,0.9990466
da85f764,0.99908113
8cbd433e,0.9991072
f69a23ba,0.99897647
f3b8375e,0.9990565
6d6ca3c2,0.99903154
f48e3491,0.9990244
b747da52,0.9991341
2aa62b2a,0.9990085
e43ac52b,0.99909174
9457e733,0.9989931
8d0eb801,0.9990716
ded69f9c,0.9990885
a9e31edd,0.29215214
9b9f2114,0.99230486
8f3cb078,0.99905676
fee0c8c1,0.999129
115df794,0.99903536
e7d46304,0.9989674
653a9ca8,0.9990989
46e3ad59,0.9991099
dba766a3,0.99905103
03b0a044,0.99908197
6208f7a8,0.9990965
0b29d39a,0.9991327
f0973eab,0.99909556
50c53e6d,0.99912375
1a4605ef,0.9990557
37ca311b,0.99911076
9e1897ba,0.99913627
86636468,0.9990483
9e7c0c9c,0.99905723
5f997dfb,0.99907696
84d87816,0.9990326
0ab7d617,0.99897987
b828fa76,0.9990709
d4feed52,0.9990901
894610ff,0.9990982
db55f351,0.99906105
97d15c5b,0.99560827
23beeb2e,0.99911064
841fdbe6,0.99902046
dabd67fb,0.9991035
a407d9ab,0.9990609
4c2fbd1b,0.9990953
6b90ae54,0.9989706
c59eb4b2,0.9990012
d22b5889,0.9989421
73cf1198,0.99909604
dde7051e,0.9991387
9a786dd7,0.9990588
17199ae8,0.9990927
68a65701,0.9990947
df823147,0.9989961
bceb4118,0.99909973
b896bbd7,0.9988257
3a1d7977,0.99208647
4c0fa2bb,0.99909246
39645389,0.9991387
d3a85760,0.99910104
6ec81ff5,0.99912256
4ecc3b6d,0.9990196
c2d25ce1,0.99908376
b994ddaf,0.9990264
caa83b14,0.9990097
549e4dbc,0.99910706
a957e30f,0.9990675
6d59a979,0.9991097
7160885f,0.9991073
c59a7cf3,0.999057
81f70319,0.9988955
66ae0bfc,0.9991209
bbf1aae2,0.9991142
d251371d,0.99911755
0b047788,0.9991291
33d8fa37,0.9990995
5077649b,0.99907446
b6c064cb,0.99913496
36e7faf6,0.99912184
c606b34f,0.9986084
4d33bdfe,0.9988482
e14eb360,0.9989913
bcc43e28,0.9991166
e3c47dbe,0.99905485
450459bd,0.9990721
8e5b6f9b,0.9991136
5ab77a78,0.99913377
cafbf8a5,0.9991135
2e9ef7cc,0.00089258666
7dc65bb1,0.9500143
22a197e1,0.999106
5d31c169,0.9991124
be0b5076,0.99908805
257c74cc,0.9990625
fbec53a9,0.9990941
7576da34,0.9991436
621c8ffd,0.9989655
6c63a617,0.9988955
be3261bf,0.9990809
a60b51b9,0.99906605
264b0d04,0.9990195
b8803ad7,0.9991173
4791d7bd,0.9991517
48bc8d02,0.99906915
9d8b0131,0.9991472
851f0e3a,0.9991171
cb80c462,0.9990658
379f4c2c,0.9988738
d73fa013,0.99910384
bc7cae98,0.9989741
33470f14,0.99906427
d63ebb5b,0.9989949
5a35a927,0.9990657
288465a9,0.9990978
1aa0e4f2,0.99906176
58dbbe1c,0.99911577
4819c9ae,0.999071
b3f60a96,0.9990995
5b7c3d97,0.9990822
d9ddd6ee,0.9991093
b7fe5d0b,0.999108
3f7ab144,0.9990073
5d65d57a,0.9990144
813a9d22,0.99913377
1455333f,0.9991049
fbf5706a,0.99906737
0195348d,0.9990144
0f7ce47d,0.99904495
eece8142,0.998985
c58e2a39,0.99909604
7745a463,0.99911934
3a7f7e95,0.9991379
ed454d48,0.9990615
47f423c4,0.9988919
8683a5e1,0.99884975
fd08a0cf,0.99905306
ea826f18,0.9991209
cc15cb62,0.99911565
a33bcd60,0.99905604
fa487f7e,0.9990878
094adb31,0.99908817
a37e266e,0.99894994
0e77319d,0.9990472
dcb7e9fc,0.99904615
2e07f3b2,0.9991352
e4217406,0.99909675
63e4e4be,0.9990941
308399c9,0.9991116
03ee490d,0.99910516
a32388e3,0.99909437
ca9ab62c,0.9991122
dc1ae43e,0.999003
7e3a45c1,0.9987658
69e30f90,0.9991247
a3858953,0.99907494
3480ed5c,0.9991309
92b3fdcc,0.99909365
9e60e4a0,0.9990865
d1ab2c51,0.9989322
285b29eb,0.99909914
ca9e3c47,0.99907875
d567c573,0.9991204
fd244d6f,0.9991309
d3f3a9c5,0.99911815
342fed5d,0.9990701
a50de787,0.9990752
142a425e,0.99900824
4a62b9eb,0.99909496
cff6f3cd,0.9991003
fd02f99c,0.9990969
e6378669,0.9990969
b059ca74,0.99912626
b396e16d,0.99906665
8916767c,0.99865997
0a34e31c,0.9990551
a513f4ce,0.999079
ac014254,0.99912614
292668a1,0.99905115
e44c801d,0.9991178
e36caeea,0.998941
12352d5e,0.99897707
15266420,0.99901056
5f06bd27,0.99912614
92a9b727,0.9990748
83a81769,0.9990563
cccd0060,0.99914145
1dc83642,0.9991142
05318a7f,0.99907684
1904276d,0.99899286
bf688b5c,0.99908984
6098f9c5,0.99906665
d2644203,0.9991335
552c26e2,0.99910897
07f67003,0.9990735
bdf6c6d7,0.9990741
5a92be7a,0.9991235
29da3401,0.9990582
54e7415d,0.99904424
b2901b24,0.999003
e12f595e,0.99907196
e737d2dd,0.9991405
b11b86c1,0.99904805
628a9e01,0.9990669
1b026a34,0.9985374
4f883bae,0.99853194
6bf81cad,0.99908185
6c799e8a,0.99898714
182832c8,0.999081
fcd643c0,0.99880207
26f3a793,0.99908686
3dca292a,0.99905604
c890e5c6,0.9991147
1e2ace7b,0.99910694
5401ed05,0.99905306
5de28108,0.99905556
7e14fcab,0.99910456
90d500a1,0.99884796
f4e48f5e,0.16273245
1f884690,0.9991027
9188aa83,0.9991068
a524e40f,0.999076
7d43b58e,0.99909854
b6329f48,0.99906844
01ccae23,0.99913967
51bbc8b8,0.999073
36fccaf3,0.99895656
4cfa8197,0.9982382
0ec521ce,0.99909735
12353a7b,0.99897456
7d14479b,0.99907035
b04a461a,0.9991386
5cae011c,0.99906546
d2f72a97,0.99910235
01ce453c,0.99912924
55b0a12b,0.9991099
59a38930,0.9991003
f8bbcda8,0.99912363
25549edd,0.9991265
eb1b2684,0.99906117
96d67852,0.99911183
77ad2b3d,0.99914134
728d6898,0.9990866
d3ab3308,0.99905664
30eaa1c1,0.99905056
f8852a76,0.99907744
efe02728,0.9990916
81e4ab35,0.9990625
4abbb509,0.99900347
b67c9c74,0.99908936
ed1ab0c9,0.9990791
0cdd1e8f,0.9991013
c74779c9,0.99911636
f3145f83,0.99909246
3fd5a4cd,0.99909234
c8093a51,0.99901474
35329009,0.99913603
1eb55f99,0.99908674
8e7ad65b,0.9991468
568bd01d,0.9991283
94cc16a7,0.9990606
eef6b5c0,0.99908113
dbf6f137,0.9989926
cb3d844a,0.99906117
b9efb020,0.99907696
376612ad,0.99913496
1beae222,0.99909353
ae84edde,0.99904066
131612fc,0.9990822
2ac62256,0.9990915
e44ff234,0.9991086
420b7f3d,0.99913615
c26e82b6,0.99904877
5fafca00,0.9991449
47ba5077,0.9991185
10c307d3,0.99906176
fb005365,0.99913687
57504d5d,0.99908423
14d0d91a,0.99906117
cd226c60,0.9970884
1e46fb03,0.9990804
ded35b93,0.99909925
02ab4af4,0.9989656
4be3a1a9,0.99914384
dc28f44f,0.99907315
963b4d00,0.99905044
e133b1f5,0.999108
0a870f64,0.99905187
86802d44,0.99908423
77a7030f,0.99905425
ee39d254,0.9989255
4278060e,0.9991222
5500936c,0.99912435
835d534f,0.99893135
f96dbcb7,0.998988
bc2015f8,0.99912363
28929f11,0.99897325
02edc754,0.99904615
5f2659fc,0.999097
7e0f0a7d,0.99887973
e634c6ae,0.9990716
53f73d39,0.9991179
b22de471,0.99902225
46110778,0.999064
57734fee,0.9990885
db460e94,0.99913895
498c3587,0.999074
7e2de0f9,0.9990404
fb21de40,0.9990355
b9399b81,0.99912995
fd88e2da,0.9990446
bcfaf96f,0.9990639
b28de3c5,0.99910164
ef82e020,0.999106
ba6a14e8,0.9991191
e72c2255,0.9990582
690ee159,0.99908364
b8348072,0.9990632
25811272,0.9991049
d401bed5,0.9990577
9e27d0d0,0.9990314
2634ed44,0.9990784
571eaea6,0.99912447
989d2297,0.9989808
2ff83212,0.9991197
03ecbdf9,0.9991135
add9e6d8,0.999089
01be11b8,0.9990752
270997a5,0.9991301
5cbbd5e2,0.9991002
b830540b,0.9990601
6a7f85ee,0.9990195
939f8ab2,0.9990575
24443586,0.9955777
40581ec0,0.9986687
865e460b,0.99911755
afc47aab,0.99914277
f3b40c1c,0.998973
56bd85da,0.9990652
8a927abb,0.9991153
0b36235f,0.9991037
209c0d15,0.9991385
a750fe73,0.9990765
25fc7f52,0.9991079
02454330,0.9989807
8105c7f5,0.99908996
5a5ae35f,0.997661
222a31ad,0.9990835
7702ec30,0.9990627
103eee78,0.9991487
4c09c896,0.99906343
4b32dd3e,0.999046
f6a4fae1,0.99907815
0ee35f90,0.9989191
404b3d6e,0.9990657
aa036f6b,0.99894315
ab12eaa4,0.9990244
447cd13e,0.9990722
afddcd4c,0.9990791
54ab0afc,0.9990734
9ff819ab,0.99907
56f890bb,0.99909425
eabfb01a,0.9990878
c7fc20a9,0.99910873
98b9617f,0.9990466
52d12014,0.9991252
d64d54f5,0.9991177
f5358dcb,0.99910116
6848ead0,0.9990804
6a31b5d3,0.99906844
d080382f,0.9991254
6f3f3470,0.9991442
9c80529d,0.16940567
9b248af1,0.9991166
0a94671f,0.9988825
be1c034c,0.9991449
893f1bd1,0.9990176
d55a7836,0.9981072
ff86ca0a,0.9990268
110d205e,0.99847335
46ba9b3d,0.9991068
223db710,0.9991264
27f2f17e,0.99911934
f7bb7069,0.9991334
3fefef7b,0.99904436
6a36f42f,0.9991025
313adfd1,0.9991159
7b06d5e9,0.99909997
2fe86e12,0.99910575
f5316879,0.9986935
a8ed8821,0.9990446
a50caa36,0.9990513
6dddf353,0.9990631
29267007,0.99904805
2e11b902,0.99907047
c38f2817,0.9991291
b9eaa0a2,0.9991301
fd3f0a79,0.999064
868e8143,0.99894696
37b1bf48,0.99911624
231d224f,0.999114
94cc96df,0.99908864
efbaeb35,0.9991328
10973ac7,0.9990951
45740f39,0.9990615
df64e2f1,0.99906737
e4bbe1f4,0.9990797
0068994e,0.99907506
f4aabbc4,0.99912375
cee2f077,0.9990901
4e26948e,0.9991019
ba722338,0.9990717
1c0ab97f,0.73754436
e5a678e1,0.9991303
4e4045e2,0.9990368
b96e7722,0.9990513
b75c7b79,0.9991092
150001e0,0.9990313
85b8087f,0.99905485
20a9334b,0.9990908
ed5985f6,0.9990627
9da95547,0.99910945
72998f34,0.99903286
ac7ecfb8,0.99908614
df31ff9a,0.99829584
3f14cb66,0.9990903
e28d7385,0.9990922
710d877a,0.9991099
8ffefa19,0.99905413
89d7263a,0.99899536
9db2a052,0.9989477
83d1ed48,0.9990169
597d9f23,0.9989881
be3b213a,0.9990965
15f9118e,0.9990575
ce5146e6,0.9990151
0186db71,0.99904937
f17c62f3,0.9990126
85c01965,0.99898463
73e80a52,0.99910825
d4c2c850,0.9991198
0a69f7c2,0.9988317
813b0fc2,0.99913424
395442e2,0.99910164
567b2dc4,0.9990827
d7615a20,0.9991333
7fff9b67,0.9990847
113876cb,0.99910283
bdc4995c,0.99902654
b4acdbc9,0.99904627
476ba355,0.99906045
0326c4f9,0.999131
884f2668,0.9991447
e3a99959,0.99899405
aad68f61,0.99913603
df0893d0,0.99911195
1225207f,0.9991066
db1cc4a6,0.9991315
021e9584,0.99904567
77e8b781,0.99880075
6fee9554,0.99902344
3ae85604,0.99908245
e6b452c7,0.9990325
3b81c30f,0.99904746
08f4a4e4,0.9990577
ec45fde6,0.99905473
a278314a,0.9990995
752c0c41,0.9991197
2782bb0d,0.99912685
c3459d1b,0.9990928
0c4db843,0.9990742
a7e7f5a2,0.99906343
5cfc3f54,0.9991223
6d08e162,0.99891174
9bf6269f,0.9990958
0648e0c4,0.9991358
4f691fb6,0.9991067
24ef9e29,0.9991042
c765d4aa,0.9991073
92bdf3db,0.9991284
f79f4bda,0.99913365
24415f08,0.99913543
4b532782,0.9990877
babcdc70,0.9991516
e9a2c758,0.99902415
aed9eae9,0.9990742
69aa9e77,0.9990978
f0be8811,0.999076
7cdc371f,0.99902797
a976eba0,0.999089
164d5b37,0.99909437
eb394cb7,0.9991192
a8e6f61b,0.99911386
01f1f413,0.9990965
369c733e,0.99911684
49fb3534,0.9990816
85666186,0.9990891
5909da4a,0.9990564
75229a42,0.9990638
e49d50b2,0.99904925
72ec5688,0.9990564
b2069942,0.9990802
5c4ff67d,0.99908304
cb753c83,0.9990816
530fb9c7,0.9990727
5ef0bebb,0.9991375
e045409c,0.9990575
5669c0d5,0.9989396
45552685,0.99911624
7d5f66a1,0.9990758
c9812eb2,0.99910235
dbc81216,0.99894434
e1b73d6a,0.6362258
9d9b1a55,0.99912924
eb40b4d7,0.99912006
206384e2,0.999091
ffb3bf58,0.99905616
1df2ca61,0.9991203
24be094b,0.999047
1d771211,0.9990792
8c36c16c,0.9991302
c1aa4fbb,0.9990339
c020a9d0,0.9987509
3defd734,0.998884
f94e1cd1,0.9990914
e6fdf517,0.9990889
a120c40a,0.9990759
c4a2b3a3,0.999005
b91d6552,0.99909663
ef10d7da,0.11338167
e2b21b2c,0.99898833
905525ec,0.9990971
3ef8bd62,0.99914443
95776105,0.9991341
4e9e6115,0.99912196
bf75fe24,0.99906677
f9edeed6,0.99908495
fba66ee4,0.9990409
e333a739,0.99908495
63936ff1,0.9991079
0a015a9b,0.99909365
3e2baad1,0.99908257
8038aa49,0.9989231
28c1da1e,0.9990439
439973d9,0.9990421
a1da391a,0.99904674
7386da44,0.9990472
cf503ef8,0.99913234
524675c1,0.9991404
07a2513d,0.9991487
49590179,0.9991073
a0fdb8eb,0.9989531
15030890,0.9991035
f047b72b,0.99905854
40972ec0,0.99903166
bd3f893e,0.99912316
5a8ea4bb,0.9991303
73713d77,0.9990884
582071b5,0.99911267
5400181e,0.99908435
3af843db,0.9990631
73689be1,0.9989868
4ca2ca9d,0.99899405
aa0797c3,0.9990902
01ad3c00,0.027027642
e51c3ea2,0.9990953
5570de8d,0.9990901
89108ebf,0.9991117
d8cc95a4,0.99907625
620df161,0.50953287
fc3169d1,0.9991333
10a482a4,0.9991443
19e02ea2,0.9990858
09de4f7c,0.99900573
38e60d48,0.99914026
63b8f774,0.9990921
416f2378,0.99908257
d52da9b0,0.9991474
0cda708f,0.99909925
3e77b26b,0.99907047
8f3bfc83,0.999094
9e6d235b,0.99911803
88ca3430,0.99913377
ec0b1ded,0.999015
efdaf8a6,0.99907047
098d40e2,0.99913186
d1f753f7,0.9991146
6e380058,0.99907887
a2a103ec,0.99907076
adb1ea49,0.99904805
ef428e17,0.9990878
6c5c1537,0.9991352
83991f13,0.9990934
1812358f,0.9991357
3d1debd7,0.99913687
f42a4cfa,0.9990816
608b2c43,0.99908626
74f48aec,0.9991223
780d1655,0.99908054
f37647ca,0.99911386
314a6e32,0.9990839
be0a67ac,0.99897826
d1c2b39e,0.9990916
371ce781,0.99909234
6387b04d,0.99910897
2176a6fb,0.9964144
526980f6,0.999127
6b61d0d5,0.9990513
5f3e66ef,0.9989796
3ccac6de,0.9991359
0b0c2e58,0.9991154
9c282de2,0.00290964
86a9dd57,0.9991228
8a4b65ef,0.9990061
81b3c712,0.99908555
bc4ddb00,0.9990595
18dc6dfa,0.9991333
b10be2c2,0.9991061
cc84f352,0.99913615
43bb5a6b,0.9991227
cc0e7c46,0.9991186
1dc2b11e,0.99907386
d94090e9,0.9991134
3d9a9577,0.99894327
6971ee66,0.9988481
365194d6,0.99865603
8c9b80f4,0.9988985
7c4cc656,0.99906665
091f984c,0.99910814
f8f76610,0.99909186
04ca103f,0.21478459
f2e20f27,0.9987618
c9c98429,0.9990833
16a9cd32,0.9990895
01fb46dc,0.9766036
83002034,0.9079212
32eb8385,0.9989795
f9e4b35e,0.9990771
68d4b51a,0.9990816
40f73a8e,0.99909234
741bfec8,0.9991321
211950c6,0.9991404
317ba1b2,0.9990823
2ae0f15a,0.99909544
ce9cc719,0.99913824
bd8e3b83,0.9990847
30288c2f,0.9990392
3c9d8455,0.9987833
40792a7d,0.9991167
15c87039,0.9990963
4dd84c68,0.99909997
c7c4b5ad,0.9990589
7e83b895,0.99909675
1b26d792,0.9990854
c087704c,0.9990376
0476ecb5,0.99903727
02b5d75d,0.9991455
e931fcf7,0.9991135
7550d683,0.9990846
753c7229,0.9988796
762e1455,0.999087
69a108cd,0.9991411
22052752,0.9987191
e1cf6d20,0.99902284
74e6dbe1,0.9991003
0a7553a4,0.99914217
c264c987,0.9990878
f310d88b,0.99903643
13322d48,0.99912363
b9bf9376,0.9990681
4c5367dc,0.99908864
0ce45132,0.9990877
547e9afc,0.9991098
3d9c5895,0.9991197
a7704fe3,0.9990687
6185ce61,0.94682795
c47cbbdb,0.9984492
55d1ec01,0.9991366
38ea4ee9,0.99908686
69ee60a9,0.9270449
af42feed,0.99910045
25f39320,0.99911684
898ca99a,0.9991009
307a151d,0.999102
f770fdfa,0.99908173
0bbd192a,0.99904174
a2e06cfe,0.9990563
41ffaa1a,0.9990747
4ae110e4,0.9990429
513dbf7a,0.99905807
4f85fef0,0.99907684
ba4170a7,0.99884546
35938eec,0.9990515
29fd826a,0.9991147
d0dc0ac5,0.9990916
276540ab,0.99903274
8e1bcf47,0.9991048
94c0f933,0.9990823
1299100a,0.99890137
f8d7cce5,0.9990645
9d87942a,0.9991155
56db9a71,0.9990872
a7058c40,0.99417406
db779c7b,0.99904984
f31f2b61,0.9990646
c657d7b6,0.9990357
dab493c3,0.9990798
70391c00,0.9991191
d4513a59,0.99911815
3160d75e,0.9991036
6e35c6ae,0.9991078
14e41c82,0.99905473
baea2b10,0.99908364
48ad50e0,0.9990588
3352a7b6,0.99914217
f42178e2,0.99911946
d8ed322a,0.9990727
3d709a1f,0.9990833
8a73848b,0.99900514
da25cfc5,0.9990809
33eb7bd9,0.9990926
28f88af6,0.99908054
505dd43d,0.9990559
fa4a7975,0.99910873
5b30bcac,0.9989945
fa534f5b,0.999047
acdbdfca,0.9991184
ccc50073,0.9991153
65ffad7a,0.98157954
454901be,0.9991375
31df1cdb,0.9989166
070a9f99,0.9990846
2372e265,0.9989723
5fbbf62d,0.99907386
104e7de6,0.99803025
8ab52784,0.9990689
7e432086,0.9982664
761803ad,0.99898845
c3f69908,0.9990453
1cf58c69,0.9990435
81415c99,0.99912935
a34fbd23,0.99912256
8bf3a34d,0.99895525
67cc03e6,0.9990933
838725dc,0.9991074
60a74ae2,0.99901676
258a6ac7,0.9990336
e5595246,0.9990941
32393dc0,0.9990983
80617f34,0.9990896
080cd4c5,0.9991184
0600777b,0.9990539
46a5e105,0.99912065
ed2c4962,0.9991086
74980045,0.9991059
9d57e73c,0.9990688
189ab6e1,0.9990871
607e94a5,0.9991308
3e16e571,0.9990095
36a0363f,0.99908376
0ba1ed16,0.9990766
4feaa3a4,0.9988939
e76a4f16,0.9991503
504ac6f9,0.9990803
cec4b427,0.9990614
1a50577c,0.99906665
7be83847,0.9990734
5f04096a,0.999067
b353dc52,0.99907035
f4ab952c,0.999092
097b7a4c,0.99907625
4bae5d91,0.9990828
91702fb7,0.99912626
78623586,0.9991025
4a3e5c1c,0.99911135
c2de13f1,0.999094
2a2bb4b2,0.9990709
29bd1534,0.9990631
24f7847a,0.9990879
ca4f4579,0.99907315
f6e08f47,0.999129
591d5aa0,0.99905664
a830d7d6,0.99912184
750adc92,0.9991008
cb1e6b57,0.99908936
8a14614d,0.999113
40967566,0.9991008
0fa6e288,0.99912757
40eadb26,0.99911267
9b746c92,0.9990631
d8e056d4,0.9974833
e6137aa0,0.9991115
5f96e7d9,0.9991309
a66f0a16,0.9990982
078e74b5,0.9991026
1c2b534a,0.99908197
f7a2d911,0.9990482
42d8e059,0.99905115
867cd3a5,0.99896765
53b8fa47,0.9991204
f003dc1e,0.9990765
55805e5f,0.99910045
2c523bfe,0.9989808
e68db3cb,0.99896646
4e6ec36c,0.9990459
31c6c7c7,0.9990313
4afacfe1,0.9991185
d5411e49,0.99907506
d8ff32c7,0.99909496
2ddc0f46,0.99909306
c236b4a3,0.999042
265b0b2f,0.99908626
82944a0a,0.9991135
5a4f5d48,0.99911004
4b1a4d5e,0.99913967
82080775,0.9991248
b7574c59,0.9990891
0d466d12,0.99908423
e0d0e4cc,0.99911064
95af6333,0.99905914
23f5f83d,0.99902666
d9909a1f,0.999131
5d145b77,0.99907863
5079049e,0.9990784
b227bb47,0.9990658
02c98904,0.9990264
f0a149aa,0.99905354
d8e3b345,0.99910766
3a8fab79,0.9991054
a44f15a6,0.99910575
9eb1ee2a,0.9990965
ddacb75d,0.9990715
98e8065a,0.9990036
9fe29b25,0.99902236
e5f3b660,0.99897337
47d416b5,0.9991014
e03afba0,0.99902594
f53234e7,0.999114
705c7d4b,0.999108
d5ec3425,0.9989851
ba0b0699,0.722694
245cdf89,0.99911505
343da0ea,0.99909484
c04198ac,0.99910164
399b6f49,0.9989722
69031aa3,0.99908555
449440dd,0.9991014
b7daa53c,0.99893457
872ee76b,0.9991198
607b7390,0.9991366
cc194c90,0.9991472
68ecdaca,0.99822325
eef6e245,0.999131
d13d7379,0.9991159
6625db4f,0.98484993
71b7318a,0.9990723
f85ce1e3,0.9990569
d8b8c370,0.9990758
5ee70931,0.9990928
a2f8c680,0.999089
7fda7d19,0.99907696
559ccbec,0.99815995
d75aaab3,0.9991059
e2cb08db,0.9991197
48b50107,0.9990729
67267bb7,0.9989195
bb70f574,0.9990779
34f6e599,0.99908197
8d6e8bbe,0.99906105
8cde4d84,0.99905986
bf6e79e7,0.999154
021eaf89,0.99911016
c6eea6ef,0.99906033
3de166ea,0.998985
4b40d0cd,0.9991373
8736d23d,0.9991204
2522eb45,0.9990295
37be1fb5,0.99911124
54ad003f,0.99905914
5cb27806,0.99910945
66df3320,0.99909294
0f003aec,0.9991461
34781a1d,0.9989785
a2d8ff8a,0.99907696
23a9511a,0.9990809
27fdd144,0.99909806
b411a4d3,0.99908984
12f025e4,0.9990677
11b19174,0.9989844
f58fa207,0.9991211
2b62015e,0.99913836
5bb89e96,0.9990951
cd02e73b,0.99902225
67935f31,0.9991233
5bf7a74c,0.99910384
5b7f5ab4,0.9990994
bc3eea25,0.9980129
3076fc55,0.999094
c486c44d,0.9990502
76a5a1fb,0.9991103
3fd3fb83,0.9990262
a6ac8b88,0.9990414
60036de9,0.9990307
40857a10,0.99908257
885159ab,0.9989981
d88d545e,0.9990852
68137c33,0.9990578
571b3e04,0.9990472
e1bdc67b,0.99903893
47887a55,0.99907
f2da4853,0.70522463
16f8cd02,0.99908054
d694c8c6,0.9990595
9f759f4d,0.99912304
b9f8b0b8,0.9990522
1aeab651,0.9991084
cfd604c6,0.99909186
ed7fd05b,0.99914396
c2e082d0,0.99906975
1baa987e,0.9991215
2d7b6ef2,0.9990871
370fea11,0.27992105
7cedb049,0.99908066
05600fae,0.99905473
f9f27150,0.9991161
5459437e,0.9990687
600ffe23,0.99907315
7f13eb27,0.99909735
788f31e8,0.9990946
7bf2944e,0.9990121
d798bf73,0.999111
51a1070a,0.9990181
f57541fa,0.9990854
c1b0bf14,0.99904996
2ae75e7a,0.9990466
e73e792d,0.99914694
88d5ccb8,0.9990664
253c4cdb,0.9990164
bde14fa0,0.99908257
9dd1b95b,0.99913555
4df1b703,0.99912065
d49c92a3,0.99899703
e1ade666,0.9991302
af6bb511,0.99911135
441cfbfc,0.9990177
e0a33bd2,0.9990996
5a93c6e2,0.9985643
721922bc,0.9989555
b0203c35,0.9990677
62ba5420,0.9990482
58b61e9d,0.99913293
fd18308b,0.06993561
270786e6,0.9990478
9f034f5a,0.999099
77ec4efe,0.9990702
b86326dc,0.99913895
2b78135a,0.9991358
a7dd50ea,0.9990845
4f05d715,0.99901617
5a24aaf0,0.99907804
451be435,0.9991326
edd37c97,0.99904805
87792554,0.9991179
bd8102e0,0.99910384
04a812bf,0.9985214
710ee639,0.9991468
1395e028,0.9990989
d6938c5a,0.9991167
61e59bc6,0.9990435
05e4df37,0.99905366
0b7faef9,0.9991283
f05a76cf,0.9991404
9edbfdc5,0.9990252
45afc6b6,0.99871266
90c48d06,0.99897254
75f1f180,0.9991154
9c1fa67c,0.99905986
e53c21ba,0.9991487
30f4474e,0.9990884
f637d390,0.99907315
32f0efdf,0.99909306
72f03e37,0.99907815
3c577250,0.99912864
7ae119e8,0.9990004
e4a37fd5,0.99911374
cf6c3c34,0.99906486
55a434a1,0.9983323
0792753f,0.9990802
b6915492,0.9979134
4729f0da,0.9991233
6ac6327c,0.999119
05a7caa8,0.99910444
bb05f202,0.9990534
6c0ce8f4,0.99911696
e62c336a,0.9989899
0358c5be,0.99912864
61c93356,0.99900657
e1d84512,0.99909294
e954d893,0.9897915
bf14f9d1,0.9991109
2bc2d83f,0.99909556
8436aa5a,0.9988539
20a714cc,0.99910563
0b3e8c53,0.9990601
d57d31dd,0.99908733
c3968a9c,0.99904925
e4eec8be,0.99912244
7f215b0b,0.9990822
f772752b,0.9990754
2001df82,0.9991134
5c73ba91,0.0048560393
ce8c0c7e,0.999062
b7a64812,0.9990932
56917321,0.99912494
61c6111c,0.99910647
9dc46493,0.9991228
f76883ad,0.9991173
844e6826,0.99912363
1cbc8762,0.99909997
ab73f19d,0.99912065
a06da320,0.9991072
aada6420,0.9991266
afbdc759,0.9991478
aea0006c,0.9991104
26e51107,0.9990921
9b9576f9,0.9990393
f2d47246,0.9990996
15044684,0.9952095
c116725a,0.99904376
88521bd8,0.9990783
475cdd66,0.99906784
8dc3d3c2,0.9982002
6e8b6f56,0.99899
dd381f48,0.99906677
223e3f8f,0.9991339
45d879c2,0.99907
f1310e9e,0.99906975
a4cf222f,0.99487704
81995fc3,0.9990005
2122699c,0.99796116
4d2147ef,0.99911135
7b39f0b3,0.999087
f106412c,0.9990097
d30e8c1d,0.9989942
6b2719e7,0.99914205
8a5cff47,0.99905366
633e2861,0.99914134
a644cd8a,0.9991278
d2d54c39,0.99838483
03d1871e,0.99913055
a585cbc1,0.99903023
e3067108,0.9896394
99ee9e5e,0.8330943
68607407,0.9991124
6e01772d,0.99909115
608114f1,0.99906546
a9ff7517,0.9991191
5ab60595,0.99912816
6d0a34fe,0.9990958
593c1253,0.9991099
5f9f30c9,0.9991002
bcb99123,0.99912924
6e92fbc1,0.99904686
b948b2f8,0.99913305
b7c55e0b,0.99907625
19876622,0.99879164
28f1d130,0.99909437
74936d3c,0.9990864
66f54a65,0.9991423
f30707db,0.99909174
6a30ec32,0.9991165
1328226b,0.9991456
ab2db1cf,0.9991372
e4f0d7c3,0.9991196
e93f3fef,0.99896777
76739da1,0.9991148
4f202ccf,0.9991032
74ad99ba,0.99895537
89442c72,0.9990361
99e41ad1,0.99909127
dbbbd3df,0.99913627
90b7f24f,0.9990677
cd415c15,0.9990728
954a332e,0.9991135
b5763c53,0.9990897
54892f5e,0.99907696
289a4d8b,0.9990602
b8a780fb,0.99907136
20491b5c,0.9991204
73dc282e,0.9990645
d904bddf,0.999131
950859c2,0.9990895
8ea941b1,0.9988569
cd32ce56,0.99913555
aaca14c5,0.9990933
7cc90509,0.9990971
22611b5f,0.999143
2845a51f,0.9991059
637ad25e,0.9990864
e29e4eb0,0.9991008
59e7b0a1,0.99909174
fb19dee3,0.99913245
3e29365c,0.9989992
f2d83ece,0.9991246
bceac96c,0.999076
f08ed5aa,0.9990779
53f2bad3,0.9990864
6e0614f2,0.9990747
99a2160e,0.9990709
52dd7d16,0.99909544
a5e177f3,0.9278401
8ba04311,0.99908876
a93a2226,0.99908245
bb70eff5,0.9988036
caeab374,0.99911577
41094755,0.99906534
130224d5,0.9989317
bc188431,0.9991328
30ec496b,0.99912685
0b3f1694,0.9990388
9a8e17b7,0.99901676
e8656e87,0.998919
c90ab210,0.9990689
d6b83ff7,0.99910897
b73d9b42,0.9987545
db54ebb2,0.99906176
e756ffd2,0.99908316
0304e44d,0.99912244
b761a66e,0.99905044
f40e914d,0.9990759
72ddd1c9,0.9990637
c79a0129,0.9991072
cef88c9c,0.9990903
e14805a6,0.999116
ddcf747c,0.99900216
442bed0d,0.99910295
27c08ce4,0.99911076
3cefcc7a,0.01403132
0a30dd83,0.99912626
be788aa2,0.9988815
ebddf8c5,0.999094
7e4ccf13,0.9990964
9b70559a,0.99911565
3ddb5962,0.9991105
67233512,0.9989774
3a3892a1,0.9687038
a68ee73e,0.99910456
423b8f72,0.9991322
c5ecb60c,0.9991335
4b8f241c,0.9990779
c50b11de,0.9991085
bbbb21e8,0.9990854
527c1e5e,0.999071
0d30b86a,0.9947812
accc92a6,0.99812144
be3bcaa8,0.99901867
baf26bbb,0.999067
7d4910d4,0.999027
3118fb22,0.9990978
15d0c191,0.99911255
e9b048a5,0.9991297
22b0a20e,0.9990693
6761a3bb,0.99885845
bc3b8612,0.9991059
13223af0,0.9991473
cbc20235,0.99911505
a75159d1,0.9990902
6203b581,0.9989874
260eb0b5,0.99913496
07fb91ae,0.9991258
de3b58a7,0.9990859
c1b3f192,0.99913883
b903d111,0.99906415
f3ae1019,0.99908304
be66d387,0.9991196
8f53a162,0.9991393
482f4337,0.999119
ba5766ec,0.99879897
5a6381d3,0.999092
f042b1c9,0.9991171
de0847c5,0.9991032
bf0bf0ad,0.99898154
42408c1c,0.99902403
c05420d6,0.99895203
b851d9b1,0.99906
b4a36311,0.9990183
3cab56c3,0.9991129
dd556fdf,0.99912626
6d8d8d32,0.99911743
1360cc3a,0.9991128
4f24b462,0.999086
160ff4da,0.9990953
5f26b526,0.9990767
c2f53bbd,0.9991321
192a6290,0.9991364
eff83961,0.99907947
3a108447,0.99908626
b9e787f8,0.99914324
01111449,0.9991154
b506b26d,0.9990903
e77db957,0.99911886
fd0a2ca0,0.99912995
c9dae8b7,0.99905914
9ba0beae,0.9991098
c2d36e9d,0.9991185
c77cd059,0.99910706
a411e5a0,0.99903846
4a90f67f,0.9991021
df9aba19,0.9989048
8a879eaf,0.9991202
cc9eaf32,0.999062
f1712da1,0.99893194
4b8a4832,0.9990803
040bf2c6,0.999124
efcfbd74,0.9991135
4dd2693e,0.9990283
2d89c298,0.99914503
707b486d,0.999079
21785fb8,0.99911636
c4266079,0.99907327
11687f66,0.9991098
82c9cc2a,0.99905604
737e8755,0.9990901
de240833,0.9990771
f3aad2f5,0.99846786
75bdcc93,0.9991266
7e9c8de1,0.99904746
67a6c80b,0.99895155
8030aec4,0.9990701
8b922df4,0.99693406
8d452210,0.9990866
aeacd986,0.9991025
2112f8ea,0.9990693
887ec00c,0.9990702
a1d8e85f,0.99909806
f9c8e176,0.99908006
31c86e4c,0.9990866
41e0f07a,0.999121
bd9ed6b4,0.9990976
270b2a06,0.9989208
49f4852f,0.9991347
845d8f6d,0.99886
03125669,0.00190897
12eeeaf9,0.999089
5feb3b2a,0.99904627
f9627d8e,0.99907863
123fed47,0.99912745
06e41c06,0.99910825
62db7738,0.99911326
48cb5e7e,0.99632215
10b910c2,0.9989371
97a02782,0.99910575
cf0bec47,0.99906915
0e9f3220,0.9989191
fd67b3aa,0.99906534
0e4afb9b,0.99909556
aab22d03,0.99903095
a4b1e693,0.99913776
f1794b7d,0.99912745
44ad19ed,0.9991246
09c26500,0.99870014
025e4854,0.99908864
d24082b4,0.9990765
825221e3,0.99909973
f4524ffc,0.7308269
b88cbeb1,0.9991161
b4b8f2a5,0.99913496
fcb1bc1b,0.99912125
a054d210,0.99910766
2c0ba55f,0.99911624
3a4c7f61,0.9990675
c80fe3ce,0.99899346
4ea5d424,0.9991161
9f03679c,0.99911195
f695a2fa,0.9991234
362de3c1,0.99911743
8ee2763e,0.9990675
abd87063,0.9990946
bcd97df9,0.9989489
ed267619,0.99908257
07ebd9c2,0.999141
d8ecee05,0.999046
3b9ea484,0.9991135
f43fa7e6,0.99912876
4c8fea3c,0.99831474
f7db3993,0.9991035
6c4e1ca8,0.9991235
70d85f40,0.9990859
cb839b98,0.99861085
f4605f4b,0.99911934
46512387,0.9991043
bbb313f4,0.9985043
c69ae75b,0.9991165
b4c9ebcd,0.9990633
697fa5cc,0.99905187
648264ab,0.99904746
7dcf8cfd,0.9991335
3e237be1,0.9990662
77416e0c,0.9990675
1d98c771,0.99913317
ad73e5e9,0.99911135
eae132ea,0.99908006
34ba1628,0.999076
d8606f60,0.99909675
e8b9432e,0.99908495
abbdf7c3,0.9991078
c4a785fc,0.99909556
1bc8862c,0.99904066
6959c04f,0.9988691
5520ca9d,0.99904805
f4e66e72,0.99904805
95453689,0.9991351
f5ecd342,0.999073
6a760888,0.9990507
4a439f89,0.9991048
217fd8d9,0.99912244
ab04167b,0.99911124
93a1f2cf,0.9990552
21db4b7e,0.99907494
8144379a,0.9990953
46665412,0.9990816
0f300fde,0.9991054
07a43fad,0.9988998
a10a562f,0.9990539
20dea24d,0.99906176
4c94e942,0.9990711
d0c1ae9d,0.9990915
a429ebf7,0.9991048
9d77b9f4,0.999047
86a0ac4d,0.9990709
eb6eb215,0.9846869
37c41f3b,0.99904054
dfe35b5b,0.99898976
f61dce1b,0.99911815
5d279206,0.9991196
3c796040,0.99903995
9fc1917e,0.7966053
8dddbf5a,0.9991462
35b74408,0.9990681
3a867a41,0.24619125
db7b03c4,0.99910396
eb1a296b,0.99912804
63996040,0.99910814
bb2b665a,0.9990963
b773e027,0.9990746
165a2719,0.99908185
22de166c,0.99908864
2fb1853e,0.99897456
113b66f1,0.99905735
bc96e8d5,0.9990996
1d390649,0.9990545
9390003d,0.99904054
8aab40a4,0.99910116
ce82aea3,0.9990202
6942f1a9,0.9990695
658eb2ca,0.99907
1f4384df,0.999074
358fd348,0.99907506
d63bb1c4,0.99912673
d2a4aa1f,0.99907744
9c0114eb,0.99891376
8d521e73,0.9990767
b8a94f88,0.99911374
823d7f3f,0.99898034
b17fba34,0.9990707
50b9a175,0.999094
eb30b4b3,0.99903655
3ae9a117,0.9990244
49dd3a49,0.9990854
b6ad3e19,0.99906605
cf678778,0.9990994
838a5cc5,0.9973115
5e726c08,0.9990932
47a4a309,0.99912614
5fd722ca,0.9990815
0eee1da6,0.14590743
2294b8b7,0.9991364
36b1a23d,0.9991341
21cf51d0,0.9990816
3e716661,0.9990996
d4e9b1c1,0.9991264
d628f7f7,0.99907255
b821a928,0.99909604
53bf99f4,0.9990656
ce6522fa,0.9991166
afef95f9,0.999084
fe4a953f,0.9970157
f5f4b07d,0.9991008
8ab1da5b,0.99907374
27da2aeb,0.9990841
fdd88ccf,0.99910116
895b87b3,0.9990989
940909f4,0.9991026
2a5c70ee,0.9991309
51d64df6,0.9990108
c2ced553,0.999074
b6712cb9,0.99891555
b988cb66,0.9990828
23143835,0.99899966
4af121eb,0.999074
6185ed61,0.9991184
b727acd1,0.95212525
91252dc6,0.9991134
20751548,0.99910384
cd29b789,0.99911994
1e00ec37,0.99910647
85b8603e,0.9990515
88ae6da3,0.99906737
9a3693e0,0.99913293
a915c7d4,0.99911445
747b4a9f,0.99907434
2861ba25,0.99912256
5012fb42,0.99908555
2e997293,0.99903476
ca8a58b9,0.99906105
38ff73df,0.9990779
e38aa70f,0.9990214
e01f4f30,0.99911064
0aa43e4b,0.9990827
0e9f6423,0.9991049
9ebefd17,0.9991093
00b3f0a3,0.99908924
30f7fc9c,0.9990707
8de993c0,0.9990577
2720a84b,0.99901855
aed16f2a,0.99913114
ba6c7885,0.9991059
b1095c1d,0.99904686
b9d36110,0.9990841
d982a072,0.9990546
81a12d20,0.99905545
503a9ab7,0.9990969
7bb2d5db,0.9990251
5585c3a1,0.9990946
a9013d69,0.9990393
6724b35a,0.17004605
25098996,0.999064
8d996b5c,0.99913615
28b53163,0.99905103
919f5113,0.99899775
f4e36d87,0.9991067
b10eb827,0.9990747
0d9a0484,0.99912006
db60721c,0.99906164
0ed0e7d3,0.9990932
42373e5a,0.9990715
4f945b48,0.99895537
6927d585,0.99891376
2657a64f,0.9991265
f0c46638,0.999091
ff0c0c66,0.99913067
fd62d729,0.9991346
88aa5622,0.99908054
940a0191,0.99911743
0dae5bac,0.9990761
2d3c7e3a,0.9991105
717fc8eb,0.99907446
d6c6e833,0.99903035
c5343931,0.9990282
94556977,0.9991228
7a1ce5ed,0.99907947
d392bf98,0.99910295
21115765,0.99912673
c12101a8,0.99909174
34075905,0.9991284
92b6be77,0.9969703
cedf60e7,0.9989969
4cd01038,0.9979997
1747a75e,0.99905413
b7abe632,0.99913895
2e94c523,0.9990557
5a274f1e,0.99908864
894452c6,0.99297345
c0d0a179,0.9991242
16c2dfc9,0.9991003
e41451ee,0.9990307
aec000e4,0.99910814
07abe90e,0.99890435
e97e7c11,0.99891794
a56ed837,0.9990833
7d327361,0.99908805
8bef3f2e,0.99885225
5ea00428,0.9990344
10fee2ae,0.99903464
1d67acd9,0.99906
8fe57ae2,0.999067
4171a851,0.9991025
55700a7f,0.9987006
8fd1a92c,0.9988096
1399b417,0.9990583
cbe1e340,0.99909663
75be396a,0.999089
ca09a6f4,0.99905807
5d9afca3,0.9991448
e6e8030a,0.9991085
116af90c,0.9990839
293828d8,0.9990779
c4c0631f,0.9991203
a1961533,0.99908876
df4ab4ab,0.99903893
edb941f0,0.9990544
eb0c95e7,0.99912626
40f621d4,0.99895006
7ad14268,0.99904925
98ccc1c4,0.99908626
48b869e4,0.9990996
98c37526,0.9990959
c4866a16,0.9990845
0275caf5,0.063409805
79e73e1d,0.9991099
39f83d03,0.9991091
c121486b,0.999106
5f6acaae,0.9991066
d3f4519c,0.9990926
f5365dce,0.9989796
91f6fc80,0.9990404
b003ee6a,0.99905103
70a1df2a,0.99881774
75cc20aa,0.99912626
abc334f7,0.99913126
fc226d95,0.9991339
6d135da6,0.9990478
14851eea,0.9955426
232e946f,0.9990814
d48096e6,0.99909234
a87b709e,0.9989943
43e911b9,0.99910754
6f60f6bb,0.99889934
93956109,0.9990695
e07214dc,0.99909437
c4192ddf,0.99913776
89cab5f5,0.9863229
3a16ea36,0.9990872
0311aa1a,0.9988285
15dbc71e,0.999116
08f46af6,0.9990771
f3c38d12,0.9991134
570af443,0.99904436
b532bec3,0.999094
e8da6f82,0.9990709
fc8ef693,0.99898154
b949efbf,0.99909234
9da62b5c,0.99911875
389c87f1,0.99906236
e045869c,0.99906844
a1c6fc41,0.87013996
93d7afd3,0.99909115
682641f6,0.9991258
7b28d8c4,0.9991327
059a5ecc,0.9989945
d810e247,0.9991061
c843c7c8,0.9990847
d56b601d,0.99910295
71a5fc2f,0.99909663
ca16b7af,0.9990872
d03be792,0.9990746
57a3b3e1,0.9990895
1e72dc7c,0.9991086
e7740f09,0.9990804
84111b0b,0.9990633
6ef0cdf7,0.9986356
459cac36,0.99907374
ab9b9ede,0.9990646
2c9f36b5,0.9991035
283b04da,0.9991079
aee5aea4,0.9990971
13b5e1d9,0.9990627
dcb9494a,0.9990558
6800d357,0.9991008
6d37a14f,0.9990495
f75403ed,0.9990694
b49097c3,0.99907756
67d9f231,0.9990651
392e7ad1,0.99910283
7875d860,0.99912447
a40704b9,0.99910694
cdc6c75b,0.9991037
74b87bef,0.9991129
0c25e8b4,0.99874085
3f8c47c6,0.99911565
b47ac2a5,0.9991053
ba361db3,0.99908173
987bdb22,0.9989793
ce5364a4,0.9990619
48ab9e27,0.99906427
ef7ae1ae,0.9990853
b1211689,0.9990747
4d44c783,0.999114
c02002c0,0.9990675
0a522743,0.9991462
28421445,0.999111
ebcb3a84,0.9990804
2adc8d95,0.99906
809ebe75,0.008413622
0891e29f,0.999131
3d9e47f0,0.9990823
bca189db,0.99912876
c1cbfd5f,0.99910706
1d8f7e75,0.9991196
a90ca4d8,0.999134
4b6dd84b,0.9990959
32b2b5e4,0.9990889
69f0f179,0.99908423
ea9c626a,0.99911994
f6764497,0.9990727
b5e2c1dc,0.9989127
7750e714,0.9991315
c2516050,0.99914706
c18982ea,0.99904317
14a9ff26,0.9990577
7614d9d1,0.9991352
e360565f,0.99910396
a48bad3b,0.9991248
6873dd3d,0.45850298
e118797c,0.9991252
e5dd9461,0.99908257
d2c88887,0.99905056
afc9f56b,0.9991186
00b64351,0.9988833
9c7905b6,0.99913365
3e23b296,0.99905986
d43c007f,0.99909973
9adba55a,0.43507022
587bbf0c,0.99909794
bf823214,0.9991142
16bffda0,0.9990687
4768b879,0.99907506
7a169318,0.9990557
06d37a84,0.9990402
d7bda2e1,0.9990639
4c8720e2,0.9991309
a510c108,0.9991072
faad5b0d,0.9990435
88cb54f0,0.9990959
00ef96b8,0.43399987
27a45d40,0.9991122
7e0c6a73,0.99890935
a171d71d,0.99912745
289ac193,0.99911386
6b700111,0.99905175
8f54a6ed,0.99905807
472762f4,0.9990889
4112a616,0.99913377
ed107433,0.9990398
33cfcd86,0.99906737
c8b11c27,0.9991054
5bfecd6d,0.99906784
88e5b036,0.99908066
ede2d9ef,0.9991264
4814c681,0.99911946
1e3475dc,0.99908185
a35351d2,0.9991103
8044f61c,0.99910504
f71e8afb,0.99911684
ebde991c,0.99907255
715eca30,0.99910223
d55f58ab,0.9990428
e62239ba,0.9991013
c0de47d1,0.9990816
d1e35c52,0.99911684
51aa8f75,0.99905664
8b5c686d,0.0022302882
cfa409d6,0.9988943
ecd46af8,0.99910575
eab5ee43,0.9991032
cc17ddc2,0.9989385
ed282fe6,0.99899393
cb2972eb,0.99901676
0f758377,0.9990631
9d4d2848,0.9990607
9878414d,0.9991259
a807f207,0.99912685
db4eb51c,0.998156
1da7bb24,0.921576
da6910be,0.9990957
6bf1c4de,0.9990503
4f2bb534,0.99637884
74dd6d5a,0.9990658
43efb60e,0.999146
58e7d64f,0.9990702
9fc3580d,0.9990514
edf8eda7,0.99908316
487026df,0.9989951
fd44372f,0.99907047
d43a7e73,0.99912053
1eafe22c,0.9989774
a1590e91,0.99911064
fd9a6935,0.99907994
50cf7c3b,0.99913627
03211b64,0.99905235
34c58738,0.9991229
4915a8c1,0.99904436
726306fc,0.9978708
0f961e54,0.99907565
c8bc5c6a,0.99905676
f7752bb0,0.999099
df067bf1,0.99906856
6ed7d394,0.99902976
cbdb7329,0.9943505
99c6c7e2,0.9990133
0aeaeb14,0.9990165
5ad4d55a,0.99910825
2e5a41b6,0.9991516
cc7ed37a,0.9990326
faeb7c88,0.9991309
6d3b75ff,0.99913555
5655ac67,0.9990409
6fa76138,0.999015
7d6abf6c,0.0063170036
5108fe81,0.99907887
146274f0,0.99909747
a1767b60,0.9990513
18620493,0.9990627
b381b3f0,0.9990736
bc7cfbdb,0.99900204
e67f9d03,0.9991296
16afd89c,0.9990822
1877fca0,0.9990646
2f69f06f,0.99909496
4d6270f4,0.99912137
84dee9d4,0.99912864
e8e1a5ce,0.9990564
47f3ba4c,0.9990821
c13079b8,0.99912685
dc3a7ed8,0.99898547
8888ce3a,0.99906796
29035a0a,0.99910885
d6754a40,0.9990497
ea280e3c,0.9989969
a79b6caf,0.9990613
620aa902,0.99911493
11d5f8d6,0.9990069
774d0d02,0.99911743
eba48f37,0.99910057
f96a523e,0.99913377
f039bffa,0.99910235
8d37e7f6,0.999108
ecb80c56,0.99907756
5aa1f5c3,0.9991013
077b3156,0.99909234
7f43ee2c,0.9990169
b9553ea3,0.99905974
89b6aeba,0.9990909
ec3d2748,0.99910635
56eab6f8,0.99911135
7711ed48,0.99897265
f2649514,0.9990404
f717437a,0.9990933
0db63fe4,0.9960524
571c5911,0.99913055
00df719e,0.99905664
171a65c9,0.9991117
08edbdd0,0.9990694
1fddeab9,0.9991291
fa520c87,0.9991204
fdcf9807,0.99912375
bab83423,0.99896276
1ce1559c,0.9988249
298be71c,0.9991084
accf4fc0,0.9991289
822740b7,0.9990746
22cfd8e4,0.99910116
c2876c05,0.9990584
f51c16f5,0.9991073
fcbc4073,0.9990037
16900629,0.9991035
c55c2408,0.9991136
9d5fdbed,0.99909556
e04b3f10,0.99913293
0cb66246,0.9990865
00c3464c,0.9991105
85129ca2,0.99912566
44743113,0.9990615
2a50fd9a,0.9991252
6e4904b5,0.9990759
eb385ac7,0.9989704
70c772e5,0.9990557
1d7e56fc,0.9990257
3778b9d8,0.9989575
f9f8998c,0.9991171
33d849c8,0.99887294
fa41fc62,0.9990932
8fa768b8,0.998505
3e5c32c8,0.99912745
f14538db,0.9990534
f531d886,0.9990772
5814a013,0.99911565
cf53f845,0.9990778
ab0386f4,0.9990978
45d2b77a,0.9990761
518a4078,0.9990546
62c26df3,0.9990964
e3f17663,0.99910176
60d2b4b6,0.99903727
57778004,0.9991258
b80577e6,0.9991229
5f942c8e,0.9990557
65ab1349,0.9991035
37b31f8b,0.99875045
401b2c3f,0.99912995
0245f65d,0.9990982
1114a095,0.9990951
0be9971a,0.9990521
3000cb74,0.9990019
16a01453,0.9989976
ad14089b,0.99908495
0db0f60c,0.99875355
2eec29b0,0.999121
f9bd0335,0.9991386
ea6533e9,0.9990264
99b01b56,0.99910754
7816710a,0.9989697
aa649f46,0.9990584
c16f087f,0.99910945
78859e84,0.9991435
7a6914eb,0.9990433
4d612afb,0.99876726
063469fd,0.9990386
1eacecd7,0.99888486
eb82f517,0.99904007
555b746a,0.99906224
b6c04992,0.9990971
f8334e97,0.9968141
a0b0595c,0.99908304
219c124b,0.9991159
dce77abf,0.9990369
34705acf,0.9989448
bfd0885b,0.99910384
354d180f,0.9991252
cce809f0,0.99909186
2a738953,0.99903345
655780d9,0.999097
e3f8bf15,0.99907047
ecad6459,0.9988555
6b4b28f3,0.9991242
605c0cad,0.99904627
89074723,0.99892116
1efed686,0.9991074
374ba3f8,0.99904245
36c25a76,0.9990447
8e342297,0.99906975
ff00ebb9,0.99907625
0976f327,0.9987503
e5bb8010,0.99889356
95991f24,0.999138
41f1da96,0.99903834
6f3dcf89,0.9991241
8b447151,0.99909234
7e331643,0.99908054
8611cb08,0.99907744
803426e8,0.99902964
d25689c3,0.9990864
5d19324c,0.9990188
f2b14d10,0.011679903
adf02254,0.99898666
86e20386,0.9991155
dcad0421,0.9989089
62229806,0.9990972
1aee39ac,0.999097
599f095b,0.9991217
fad59194,0.99908626
3bd253b1,0.9990965
8307e86d,0.9991423
11e28652,0.99912816
fa7a5ce4,0.9991072
15310ff4,0.99901557
631129c2,0.999114
1ade84b5,0.9990902
3916566e,0.9991155
31cd0473,0.9990908
2c966184,0.9991027
6b1e1f11,0.9991246
94b91812,0.9990791
bf2d7c67,0.9990619
a3f0c57a,0.99902415
670cfeb9,0.99912435
b47e39d2,0.99912256
dc39183b,0.9991334
acff20f0,0.9990709
e52cfb44,0.99909914
06ea98ce,0.99912554
166112fd,0.9991165
162485ae,0.9991333
107eb8c8,0.9990656
e110a5e0,0.9990885
679b12c5,0.9991366
63fb72a7,0.99908376
61f1d5ec,0.999113
66218b47,0.999097
386c3ad5,0.99911684
d9133348,0.9990909
cf923a84,0.99900275
3ac9b6a0,0.9963767
33796dcb,0.9990398
0174f4cb,0.99897265
20f72492,0.99908364
1bf7549d,0.99910945
e5d0570b,0.9991202
26e73f80,0.9989574
949e8e7e,0.9991228
fafd7335,0.9990779
b9555e47,0.99911004
7f580c65,0.99753165
2ee9d525,0.9989875
c527ba16,0.9990701
baffb06d,0.99910706
c913ffbc,0.99911886
59159c2b,0.9990497
a0888753,0.99907625
af3df270,0.99909127
3d4b8e25,0.9991186
6c56e79f,0.99892104
f1bc9960,0.99907506
aaaa52a3,0.99907047
e9fbea7f,0.99912363
1a978f85,0.9989459
14803298,0.9990938
d9356227,0.99905986
20422fc3,0.9991099
29797079,0.99900347
4f64cb47,0.9990717
8859f684,0.99906117
6b953f93,0.9990797
54fbb04f,0.99908555
e22073c3,0.9990675
00a36034,0.9991341
2ba3dc06,0.9991053
ea97a979,0.9989436
7563e773,0.9991393
ea3ea0a2,0.9991053
fe280f49,0.9990977
f39e619b,0.9990632
a01fa0ea,0.9990902
ed3bb9bc,0.99908054
7844a1ca,0.9990907
fc2ffe5c,0.99910504
38d3b7bc,0.99880695
8e49affc,0.9987141
eff464f4,0.99901843
511a6827,0.9926634
d04d4b96,0.9991371
f19480a5,0.9990324
6ced958e,0.9991097
56a13307,0.9990797
c9e8f29c,0.9991265
8564e6e0,0.9990559
2abc729c,0.9988581
0b52f614,0.99914265
5ffc9d61,0.9991184
f3fbe547,0.999111
865065dd,0.9986224
733ab292,0.9990767
a1928ddf,0.9990914
039e4341,0.9990571
06c018e6,0.99894124
96db45fa,0.99912435
49a699cb,0.9991015
ebdf30b0,0.99873537
c424744a,0.9991154
c89e134f,0.9990583
db311bcf,0.997888
a061f4cc,0.9988777
5ff3e39b,0.99908626
9d3cc575,0.9991105
a98b59f2,0.9991456
a66a343f,0.9991186
a2c4c5e2,0.9990915
8764cbe4,0.99909353
3183e04b,0.99909806
2e55ce89,0.99912673
6100bd10,0.9990932
1f6baccd,0.9990306
7f77a5c7,0.99906915
888dc8fb,0.9991235
e6e0014c,0.99904734
3cf504f1,0.9990569
345bd743,0.9990746
9c55343f,0.999108
5eb2fe6d,0.9991053
5f47367d,0.9991026
552dc57a,0.9991184
a0053ec4,0.9985594
b5d95e61,0.9990596
f4804040,0.9991423
f854e1ba,0.99913186
f07b406a,0.99914193
47e620c6,0.9990773
c5744526,0.99911815
56bd9803,0.99899286
9a293460,0.9990709
4332d8d8,0.99904543
44a65726,0.9990814
b544bd59,0.9991197
f727ef76,0.9989318
acd1ebce,0.9987436
5f3c1515,0.99905723
4d025a1d,0.9990746
bb818dc6,0.9991273
70bfd07b,0.9991248
0e8515d6,0.99897146
282fad7e,0.9990576
803589b6,0.99904305
a78be038,0.9991334
e1f66c07,0.999014
38b18562,0.99912244
a5798351,0.9991455
7a1dcf69,0.96734136
d63eadce,0.9990305
731cf4f3,0.9989593
2624dbfb,0.9991026
88f677ec,0.99910104
27c43050,0.9991393
33c307ef,0.99909604
9e6bb51b,0.999091
af51d78c,0.9990932
3cba18c6,0.9990639
4c7be22c,0.99910456
6595402b,0.9991252
28de5ffb,0.99906284
cf75a9cf,0.9896576
b49e5ada,0.9990753
8c3d152e,0.99902236
84836c82,0.99906176
0655a343,0.99911505
c652455d,0.99908197
eae535e4,0.9991078
6a112604,0.9990551
70b994f1,0.9991196
be5207d6,0.99908626
d6bf0b9e,0.9991171
fb3054de,0.99911755
c1360414,0.9990783
79130ab5,0.99911696
316a9b02,0.99912006
1db90a22,0.9990909
56db4e1c,0.9990884
453b4ba8,0.99910516
4dbb4ab3,0.99909174
d80c1507,0.9990946
8d78660d,0.99846125
3a70485c,0.9988348
3cf162dc,0.9982646
54d3d46d,0.9991078
6ef5367e,0.999099
62e97d84,0.9991284
b7e746d6,0.99906236
7d286fa3,0.99913955
e34a6aa9,0.99908924
46932e14,0.99908864
82c422b3,0.99908316
d5fd93de,0.9990615
60b65883,0.9990563
90f9a6ed,0.99903417
fbfd9d04,0.99907696
c38779c6,0.999067
778d5cea,0.9990802
ca973a30,0.999081
d9cfc87d,0.99901545
64845903,0.99912614
746d9a76,0.9990839
9118be9a,0.9990953
d93c5ccf,0.99910384
4cf9f915,0.9991049
fbb31181,0.99907
067ad1a4,0.9982272
331cb2d0,0.99909747
cb2a72c7,0.9991359
14f9e730,0.9990687
ad476d58,0.9990785
1e42c440,0.9990625
c7074a72,0.9990902
15bf48c6,0.99908495
c6b989e9,0.99911684
bac2c451,0.99912125
31d49f83,0.999087
c2c9f79e,0.99909747
d0c6d82c,0.99897623
f0c614a2,0.9990089
a967ca45,0.99910647
1282d766,0.9991266
cdc1a739,0.9991265
d86a691d,0.99910516
aa54708e,0.593599
13fe3092,0.99912256
fdb8e061,0.9990702
b4957cc8,0.99910456
8ec4ef1e,0.9991264
932f8166,0.99897385
7876ed85,0.9991204
96a0c0cf,0.9991067
5cda8c2e,0.99915206
0cbe6aec,0.99906117
fd80b16c,0.99908924
debdfa6b,0.9991013
c6e8911e,0.99911255
ea1329b4,0.99913484
96956e0c,0.9990845
59a43568,0.99906605
f68a60f1,0.9991191
25cf8409,0.99912876
7bccf519,0.9990767
46e29a7d,0.9990221
ee1802b4,0.9991141
318f100e,0.99891555
07c3b5a8,0.9990688
df9565dd,0.9991026
f5523fb0,0.998966
de4ad94a,0.9989479
1d5ccf57,0.998995
9765673a,0.999141
ba37b24c,0.9990583
91ac8c94,0.9991379
a06efac2,0.9990988
4bfcf7a6,0.9990589
cd445284,0.9989863
4e3c3e62,0.99902403
bb0ff4dc,0.99903524
6fcd07ae,0.9990534
90e3afb0,0.99913293
235a9309,0.99913496
1ff060f6,0.9990489
e877e5cf,0.99906653
c7a125d7,0.0010270273
9c7e7bca,0.9990221
84597bc2,0.99909353
a542cccd,0.9991315
de548afc,0.99914193
dbfed79e,0.9991216
c7c01cc6,0.99897885
19c14a08,0.9987966
3d18a0c7,0.99911886
2973cc3a,0.999079
7186776d,0.9991025
794820db,0.9991228
07e2beac,0.9990433
413d5016,0.9989692
289a8b7a,0.99912494
eed26a8f,0.9991073
8ff92c50,0.9990707
32375f23,0.99896145
714bdc5a,0.9991035
eb30ba9d,0.9990947
74a4664b,0.9990351
8d0247b0,0.99903226
29879ada,0.99912876
dbbca244,0.99907994
514b7ad8,0.99900454
7f466d2a,0.9991161
b4cdec47,0.9990387
e8d673c5,0.9990663
4e2ab8c0,0.9990908
f654ce38,0.99912757
af32298b,0.9990822
29124ad0,0.99910396
954f8ec0,0.9990595
8eff6e11,0.99914813
5bf745da,0.99909306
914f6e4c,0.9990194
cb4b6b66,0.99909735
b010c41a,0.9991359
50776caa,0.9991341
8e13764c,0.99891543
646f7cfa,0.9990339
4afd6e10,0.999067
8ab3699e,0.9990515
8b50df54,0.9990771
378b5df2,0.9991013
93536a89,0.99905473
2fc48896,0.99908364
7deb674e,0.9989838
111f3e1f,0.99895144
25d574f3,0.99911314
d2c900d9,0.9991209
09abcd62,0.9991027
ab1c16cb,0.99911207
f686ce7e,0.99906605
dce41bee,0.9990069
7bc36ff8,0.9989619
60b2606e,0.99911135
ac572b54,0.99912685
ebba2e33,0.9982009
0bd076b6,0.99906915
20b56608,0.99906987
8e59eba7,0.9991103
7f3ec22e,0.9990639
5bb0d97d,0.99907434
e73cf3de,0.9990841
794c9104,0.9991215
214653dd,0.9990152
cfd724d4,0.999092
ea317f44,0.99911946
e3500333,0.9990835
78ffa71a,0.9990477
cb009ddc,0.9991283
190ed32c,0.99907637
32ece28b,0.9990996
42450708,0.99908984
0c30bc74,0.999032
f8af4b27,0.99908614
2e2f01da,0.9990513
e790b3fd,0.9990595
77c83b37,0.99538815
f8ca086e,0.9991068
ddb1d058,0.9991002
c19ac2d7,0.99885714
12c7af9e,0.9990533
c2c264b8,0.99912196
bf0dadb7,0.9991447
bb21e698,0.9990715
23e60718,0.9989015
45c1a6ed,0.9955122
6a9892a8,0.9990759
f3b4dc04,0.99912804
03001a7e,0.9990601
cab359d2,0.9991203
67480f4f,0.99904054
78cbb87b,0.9991239
3391c925,0.99850166
8dbc5dc4,0.9991153
e34bfc70,0.99910516
ebccb537,0.9991258
0929d8a4,0.9991371
0d3b664f,0.9990932
b59d03e0,0.9990609
03269cef,0.9991442
80aa5b9f,0.9990773
24fffe5b,0.9990447
56e7f74a,0.40157485
006cdf76,0.9991021
448e2d84,0.9991098
c9c2c4c0,0.99908817
a47058a7,0.99912804
cd085aa1,0.9990246
c3544c4a,0.99911076
c323edd0,0.9991295
c9e8f9b2,0.9991014
e67d0f70,0.99911195
af7f35ec,0.9991242
1a663b31,0.99910223
041782f1,0.999057
42f591fe,0.9991235
d7e2bef2,0.9989349
3a07beea,0.9990441
f9743a30,0.99910897
1d9e4835,0.99901843
7935ca03,0.99904245
ab041c58,0.9991124
7aee7acb,0.9991079
a6040280,0.9991177
bf51c09f,0.99911505
08723961,0.9990128
f0614e18,0.9991273
4b457854,0.9990626
f6a8f1b3,0.999038
28afa73c,0.9991115
d709fb8d,0.9991235
3d3ef6d9,0.99904186
1d824242,0.9991295
bd946f4c,0.99899334
f9756efd,0.99909425
a1deb6bf,0.9990926
b6f41d41,0.9984659
c3be7672,0.9990953
e7006a56,0.9991411
85a14fc9,0.99903643
0c45fe39,0.9991093
60f62ed9,0.9990644
e1d124fe,0.9991116
30b5a2bf,0.9990947
fcf9d12b,0.0010104235
b537d4e0,0.99911577
bf2df49b,0.9990706
81ed22a6,0.6240873
adc03751,0.9990528
96f6c8df,0.9641217
686540df,0.9991134
a2916581,0.9991246
5016d460,0.9990515
16ca969a,0.9991066
8019c82a,0.99871683
db709e67,0.9991266
074469b0,0.99907553
629be62f,0.99910897
7c5c4c3f,0.99908996
68bbd264,0.99910307
bc07531a,0.9990922
78f4c769,0.99904376
77a009ca,0.99911255
305231c4,0.9989115
dbe8011c,0.9991104
b0fc9335,0.9990909
36d300d9,0.99890304
85f7f2a6,0.9991246
ab79031b,0.9990916
c5662033,0.99909985
ab9e9c8e,0.9991099
7c03689d,0.003703848
a6d26a2d,0.9990934
2142fb3b,0.99904615
1c643f24,0.9991198
22380b57,0.9990633
dafc8dc0,0.9990746
9c45b0fc,0.99906427
ccb81e20,0.9991117
21fe76c6,0.9990858
9f5b0e67,0.9990765
3101b488,0.99897754
0e3e205a,0.99907887
9187bf26,0.99908173
5956f9c6,0.99604046
de5d2870,0.9990989
a633f6a6,0.9990274
a95bbd30,0.9991037
e9b66c81,0.9990569
b5b71b83,0.99898404
e2e6e362,0.97975725
926c8cbc,0.9990885
1b35ac2d,0.999106
3c15b887,0.99905246
924b2a6b,0.80767596
19a02d68,0.9991161
1f1599c3,0.99914193
fc01a850,0.99910396
f0d3cecf,0.9991197
00c15d41,0.99898225
b1fb09f5,0.9989976
6be8384b,0.9990711
7aca11f6,0.99908435
9c14c759,0.99908733
05bac971,0.99899024
9dcbbe68,0.99910706
2272f8ee,0.9991192
33de571b,0.9990939
bde1872d,0.9990687
a27515bc,0.9990553
562d44c3,0.9990878
c53daa4d,0.99903846
8e853958,0.99905986
7ef30595,0.9991154
f72b93ee,0.99913305
b72f0ab3,0.99895704
42aa1677,0.9987936
821790cc,0.9991449
668667b0,0.999091
e26bd6ab,0.99907506
dee32beb,0.99908316
d1a78355,0.31808978
bb724418,0.99907
8b0fc760,0.9437965
411dc399,0.99903524
9a8d2e2f,0.9990687
236de49c,0.9991264
e6ad1a60,0.9990553
95328f40,0.99912935
3340ee8c,0.9990901
134b9043,0.9990551
62caadb3,0.99905413
c60a4b5e,0.9988417
c7ea85c4,0.9989942
6af5a625,0.9991216
d7301a27,0.9990883
232a36e3,0.9990681
058a9a84,0.99907255
28063f6c,0.999106
f8eef51b,0.99912196
26aac0f1,0.99908864
ebf013c3,0.99901223
ff6c7cd6,0.9991375
75271177,0.048528664
06f0ccc6,0.9990277
4075185c,0.9990644
ea0cfd18,0.9991197
7161be01,0.99909747
201fb0e9,0.9991192
493f9870,0.9987207
b32d324c,0.99515414
985ad6bd,0.99906856
67c30485,0.99828005
4ee0999e,0.99900526
c905610c,0.9988675
f7cc102a,0.999052
41a05891,0.9991345
63941c6e,0.9991166
9cd30f80,0.99874276
9d301a7f,0.9990478
c33cdfca,0.9990356
0d8320db,0.9990301
23203fd7,0.999143
bfb7c47e,0.9990551
96441c8e,0.99911815
54b81cdc,0.9991391
15606834,0.9990748
4475c2c5,0.999129
ecb88941,0.999089
4d8f0b07,0.9974279
af6c8aa6,0.98760855
518770a9,0.9990828
218378b4,0.9978677
3ce39496,0.9990564
c93d79cd,0.9990664
3d5e2b5b,0.99900347
825a5f30,0.9990977
395c8686,0.99906486
adfbd91e,0.99903476
7a317bb9,0.99910694
e89e680a,0.9990876
15335556,0.99908054
e6453ea2,0.9990834
9bee9870,0.99913424
712e40ac,0.99898916
0542dc76,0.999097
738fbfa3,0.99907637
d19e693a,0.99910563
605898b0,0.99911755
f69fab67,0.999049
091a2287,0.99910176
d8fd1cd0,0.9991315
dadc4058,0.99911934
de5c9f37,0.999008
85a780c3,0.99907947
8cb9580c,0.0032373634
309e70b6,0.9991078
d548469f,0.99910945
996acaf6,0.9990971
a3537c4c,0.9990835
da869d0d,0.99900526
a4f16719,0.9990114
c7730e2b,0.99913687
54ba321c,0.9984565
d47e6079,0.99899143
79f4d5f5,0.9991086
c5e2b859,0.99911994
d8e625db,0.9991049
0ef40c83,0.99900526
6db6493a,0.9991015
ce1c3c19,0.99835986
a27c5a3f,0.99906105
a263729e,0.99911624
07954669,0.9990902
775e5fcd,0.9991302
fdeb912d,0.99905485
3df4f85b,0.99910635
80375634,0.9990803
030c2e72,0.9990497
d5d86009,0.9990182
63cc86bf,0.9990748
eadb2ced,0.9990386
f89f3d1f,0.9990677
1c20a6c7,0.999134
b1b95e84,0.99903405
dea69de9,0.9991053
1d0940a3,0.99910635
4cf4d6e2,0.99909675
f8db552f,0.99913436
a8c7d4ed,0.99908686
c0f373fe,0.998985
e02a5f85,0.99906856
9d7e304f,0.9990693
505872de,0.99904996
c8e0f337,0.99912876
4a610fc3,0.99912435
60f14b14,0.99910307
887d49e5,0.9991109
fd45c3b3,0.99913543
f5816ccc,0.9990694
6fd71da9,0.99911994
8ca6f101,0.99910575
581c908e,0.9990478
d4317744,0.9991136
d4de2f4e,0.9990107
69f892e0,0.9872459
3158f6b1,0.99910283
11682e52,0.99896
9914f9a3,0.9990933
f4166f67,0.99904925
a4085b6d,0.9990546
3b3749d4,0.999065
da1b609e,0.99912244
39b032a2,0.99912196
c4552e4e,0.99910945
bcbf745e,0.99907076
2d430e31,0.9990727
1942f571,0.99554944
e9d399aa,0.9990397
5695fa8c,0.9991429
3c96423a,0.9990965
5693f637,0.9991098
27822a65,0.99897146
5c2184e9,0.99908495
4b9a3ad0,0.99907
21f2409f,0.9991315
b9ef6f99,0.99905723
4f509acf,0.99907565
8b5f14b2,0.99898785
859a37a5,0.99907887
5410143f,0.99847966
503ba825,0.9991003
1eede9c8,0.9990527
67c03766,0.9991462
cc9acf7b,0.9990275
e90bf6df,0.9990252
026ce699,0.99883705
776c4808,0.9990933
c7f616c9,0.9989962
b2481258,0.9991216
55e9fce1,0.9990833
0c430a37,0.99910307
d5207285,0.99909246
7a4fd4b9,0.99907136
13d90676,0.9990902
0b961e95,0.9990557
91d3287d,0.9990416
8cce066f,0.99899477
03169f8a,0.9990878
c74a5885,0.99908185
3f0e0a3c,0.9991161
3a2ca6c2,0.9990921
b0052f53,0.99913955
32e30a8f,0.99909425
3e3ee8ac,0.99906534
1e65d56d,0.999005
a70b661d,0.9989773
a5241cc9,0.9990657
c5759779,0.99885046
f1398e4f,0.99906176
55ddc82f,0.99908483
44e64b5f,0.0010866879
5aee2910,0.9991072
6651fc91,0.999065
5bd2a58a,0.99903095
e1938289,0.999076
e46f151a,0.99911004
bc26af35,0.99898297
f023b038,0.9991295
e2cace84,0.99905306
c5e3eed7,0.9990816
e212ca53,0.99907744
9d8ef99a,0.999071
3bc63eed,0.99901855
cdd3c823,0.9991198
ad6f2382,0.99908483
a1dcf969,0.9989955
920fc86e,0.9990544
44db62bf,0.99906
caf6be48,0.9990829
6ed6a0c5,0.9991062
66f45740,0.9991278
4fd06f00,0.99904555
a5381642,0.9990521
71fe84a5,0.99908733
9bcfc581,0.9990895
f9405914,0.99909043
38ef771a,0.99906534
7516d4f2,0.99912375
d76d8f49,0.9991352
82b2dc92,0.9991111
3081f9a5,0.9990878
cf3a5f11,0.99665785
7c4d67db,0.99911433
d5f54e40,0.9991455
7f8b59da,0.99912745
8b6d6598,0.9990357
634fa788,0.9991165
cef8bddb,0.99914277
ce852b0c,0.9990295
1e3afabd,0.9990453
500b1660,0.99910814
c92a60b4,0.99907804
2f41ad06,0.9988211
b1055464,0.9988825
119e337e,0.99911195
da9d7060,0.99897265
1789feb0,0.9991302
e951ae28,0.9990388
52ed82f5,0.59001684
a21adc31,0.999146
8980d6cf,0.99912566
5b83b1b4,0.9990508
3b5ae503,0.99906117
8646817e,0.9990871
c7a929a2,0.0009949428
c0a4f1d6,0.99906
87d780e9,0.99906605
4f9dbf5f,0.99905604
5cd534fa,0.99912685
6ff1422b,0.9990081
5e1e5c7f,0.99899024
6346e6bf,0.9990221
aeb1f59d,0.99895394
2b71c745,0.999116
1abfd99c,0.9991036
c8bd87d3,0.9991084
7f2b98bd,0.99911684
afba57b6,0.9990589
551eeb84,0.9991067
2e2eb8a2,0.9990632
0b741728,0.996152
69e646b1,0.999108
2f79b94b,0.99901056
da66d4e9,0.13164176
ef63b52e,0.9990909
84f0b904,0.9990208
8615e61d,0.99912256
5645000c,0.99900824
1f8ef1c9,0.99896777
20ceb3e4,0.99908507
ea13a2dd,0.99907506
b69ef741,0.9990175
9ecbf5e9,0.9990577
e6d62291,0.9990671
3e777cb6,0.9990891
dccbf01d,0.9990362
37c636bb,0.998376
ff07f9bc,0.99905616
8673c57c,0.9977951
4324b62c,0.9990853
6523f72f,0.9991411
9db9e42a,0.999116
52606c68,0.9990258
9045febc,0.99899143
0f88202e,0.9990338
884fc397,0.9990577
545065bc,0.99898356
7b4e8d09,0.99909246
f9edf368,0.9990915
6260dc9e,0.9989894
53b811c1,0.9991296
458f7676,0.9991068
61fc7f54,0.9990546
d796cbd7,0.999113
e0340b0c,0.999113
86282930,0.9990759
e8a20462,0.9990941
de6ca52b,0.9990626
d463c90b,0.99914336
049712c0,0.99910116
355a793e,0.99905676
361035cf,0.9990355
c4dc45b1,0.9990031
e40bc419,0.99901223
e848aa6c,0.9990889
baea2f80,0.9991135
24856125,0.99909353
e6edbf0a,0.9990687
50e65b80,0.99905735
42a90d25,0.999062
597b2b3a,0.99912363
64eb138e,0.999086
fbe1487d,0.99905473
8c30828a,0.9990675
6027c000,0.9989973
70c9ccb3,0.9990798
9afa257a,0.998928
e5ef5026,0.99906856
18ae1a82,0.99283046
cb919e35,0.9986034
5e7e5829,0.999041
40344f0d,0.99905044
aa89da2b,0.99910223
ee843fbb,0.9991301
062a440f,0.99913895
c5220200,0.99899834
5e72b7f8,0.99910754
6fb64673,0.9990125
4d6cef10,0.998953
721e6ae0,0.7832937
8c559714,0.99907386
9cfe24d3,0.9990565
f9813347,0.9990396
ac5d551c,0.9990639
a4ac9d28,0.9990006
e202a74d,0.99910116
7a7251d9,0.9990717
2a80e010,0.99912065
c918dfa8,0.99913955
d903a72d,0.9991165
21406d54,0.9990663
22f73670,0.9990952
8f7f9b2c,0.9991215
092ea244,0.99903715
55363cbc,0.9989774
bdc4ef23,0.9990466
3eb4b993,0.999111
10b3de13,0.99896455
94b35a5c,0.99890447
dd18019d,0.98936605
6d39ddef,0.9991021
17f40dec,0.9991015
16d4e815,0.9991136
ab41c88d,0.9989281
ff645605,0.9991357
dc66136b,0.4917635
7194a2e8,0.9990959
31667a94,0.9991381
4bf69668,0.8988004
6071d70d,0.99899274
b2bb0fb1,0.99910116
bb9e7bd8,0.99907243
c682995d,0.9991425
e0cdbf66,0.9991296
e9fa8ff8,0.9990977
c203b012,0.99902713
05dd25d7,0.9990891
1da4eac7,0.998976
63271b3a,0.99910897
0693318b,0.99913603
b54bf749,0.9991155
e52586c7,0.9990127
7995348c,0.9991002
d51af034,0.99913317
d2071c13,0.9990201
3705bc6f,0.9990809
1ce9ba91,0.9991222
1f17cca7,0.999086
ce5e457d,0.9990663
581d45ac,0.99913055
06be47fb,0.9990571
b040065c,0.99912196
4040ab1c,0.9990651
c79265d7,0.99906987
4974dce4,0.99911195
1eba8ca1,0.99906546
84b311e0,0.99908733
b80d688b,0.9990938
258fec92,0.99907386
6f7a0174,0.9991033
27d3deb1,0.9991291
d9ff8ccb,0.9991146
116b0cf3,0.9991184
5e0b0db7,0.9991037
b001eea9,0.99910825
7a0201ec,0.9990578
e22a4792,0.99904174
aa13c0ae,0.99909663
6d3fcb16,0.9991443
f6c1ef44,0.99904495
7cdd19d7,0.99803394
302b2c61,0.99889624
ff5740b4,0.9991248
26b084d8,0.9990381
7bd7f585,0.999116
24248dec,0.99910223
24a79876,0.99909055
8ba49b4f,0.99908006
705b9639,0.99907
43daacb7,0.99905366
32c095d9,0.9990722
b890a3ed,0.99902093
75f2bb52,0.99910814
ebcdacc1,0.9990939
9953cb14,0.99909866
90475614,0.9991542
eea67a4c,0.9990645
558d8ef1,0.9990138
d2685ec9,0.99911946
d1295e82,0.999114
837761a8,0.99903476
9ceed232,0.99909484
e07f3c84,0.9990676
c238a931,0.99908173
e8da20fb,0.9991042
9336b8bc,0.9991472
868252f1,0.99910235
e6ec8408,0.99899846
4946c63e,0.99903
f720b6ac,0.9990074
08cfef41,0.9990589
06ffe583,0.9991067
b3e73c23,0.9991234
9a6ffc55,0.9985159
cc53e9d3,0.99902034
088e6d56,0.99909306
d1cd28cb,0.99910575
f2cd7e64,0.99909484
17154f97,0.9989644
352c0a54,0.9882658
c2f7cff3,0.9991328
d40fbcae,0.99909437
be563290,0.9977863
178f2e9b,0.99905664
23de072b,0.9990742
33e14bce,0.9974184
8b669cef,0.9991116
0658ea31,0.9990952
6e5cae1d,0.9990201
f7d87411,0.9990879
48566dec,0.99910706
e778e1cd,0.99913377
dda38aec,0.9991295
d92f6e94,0.99907815
6a5cc5f1,0.99908626
c6c5bd3c,0.9991322
72e173d5,0.9990834
66d91549,0.99910223
850a5f5c,0.9991019
f3bbeb50,0.9991036
f300936f,0.9990872
475f4e20,0.9991197
83c6a397,0.99908257
240900a4,0.9990797
3c8a8146,0.99913955
ca1a9079,0.99910885
807019c3,0.99897647
b7d50d80,0.9990363
51b83bde,0.99906737
353d5b9e,0.9991084
4019c6b3,0.9990501
0986477f,0.99902606
139be553,0.99906677
93e286cc,0.9990741
ec54c6a4,0.99903345
309e7b6e,0.99912375
83353c4a,0.99903584
76f5a27a,0.99905676
fd7d074c,0.99910223
c4d454c6,0.9991304
dd89aa3c,0.99911326
8170e135,0.9990125
df612824,0.9990846
64dba698,0.99911886
7ce738b0,0.99898833
c22c592c,0.99915206
d256c63d,0.9990088
361382bd,0.9990465
4bd1fa65,0.9985201
24412e0b,0.9990403
4c63e0bc,0.99912065
45a6c4d0,0.9990779
9af65fa4,0.99908197
900ca24a,0.999106
cd2686dd,0.99909866
0017d7e0,0.99909043
c1ddf2ab,0.9991098
056a5d27,0.99909866
23bab58c,0.9981193
338dc6d5,0.9991078
deeb790a,0.99901307
44113190,0.99911886
64a92865,0.9988763
e9a9632f,0.010900569
7c584475,0.99911815
c1f43ded,0.99910575
f8e03322,0.99913234
58f1a6e2,0.999059
fdc6c79c,0.9991161
d3fadead,0.99902356
eb38f70c,0.99912864
63e4d947,0.99908936
d8e69afc,0.99908113
06ddc874,0.99909675
2b2ad576,0.99735755
0e0eacb5,0.9991091
87627288,0.99910456
5653e6bb,0.9991015
8fa5739f,0.9962369
bf72c83f,0.99904877
940e9c17,0.9990694
118ccab8,0.99912804
f4f32c64,0.99906474
4fa9bf33,0.9986253
2e7737e2,0.99912614
081dfde3,0.9991079
405bf140,0.9991204
dde3427c,0.9990766
f691333f,0.99906546
9d4713e8,0.99913776
5a20d1e5,0.99908555
8b22599d,0.99902344
ae3007bf,0.99915373
5b0f3d0c,0.99901485
8b641774,0.9991454
f78ab6d5,0.9990984
162d7005,0.99905664
95de88f8,0.9990982
8ce6abb1,0.9990682
3dc3336b,0.99910563
eca2c3d3,0.9990758
7d2e2aac,0.99892265
1a43a25e,0.9991387
299cb8ca,0.9990689
04fef8e6,0.9991116
e9128985,0.99910444
52b4b5f0,0.9990544
6e7976ad,0.99908423
5bdfc454,0.9991001
80339d15,0.9990312
d6469066,0.9990577
dac1f0b6,0.99909484
0be6e5d4,0.9991492
f1614f4b,0.999119
e92af86e,0.99911374
1b893345,0.99904937
0f1dd167,0.99908876
533cb52d,0.9991462
f61285e6,0.9985416
73cae997,0.99904853
095c80c7,0.99896014
ce557462,0.99908805
b5de218e,0.99911386
cdfd4b03,0.9990369
bd17a414,0.99908817
00d0118a,0.99913687
2c82ff05,0.9990907
fb25584c,0.9990527
b301e716,0.9991215
e69a3f3f,0.9990349
4ffd8d7b,0.9990128
416d4f91,0.3247339
b830e171,0.9990532
fb25b6a2,0.20041849
eff7ccfb,0.9991036
919c1c49,0.99905366
4bde4db8,0.9991172
d812637e,0.9991242
0edc02bb,0.99906474
79fecaef,0.99911064
2dbf0d7d,0.9990355
d548ae7b,0.9990496
9f7eb108,0.9991003
4700ed17,0.9988985
f37db593,0.99899524
7707e409,0.9991025
7b54cae1,0.9990939
fd69d11b,0.9989869
1657645f,0.99912685
b288590d,0.99911445
6ddc80ad,0.99910176
a61ffe9c,0.9990932
a5477fb1,0.99911445
2e821a9e,0.9989643
3bb121f4,0.9991078
15cac419,0.99909914
8a54e104,0.99886984
f18e46f1,0.99908864
7911ad92,0.9990765
2268b6ed,0.99905103
fa25b24c,0.9989103
c2ed4232,0.999054
e54621cb,0.9991371
35b47598,0.94178075
1dcd4d59,0.9991277
fc8a6509,0.99864644
985d3a8a,0.9991036
9aa6a74b,0.99912816
9469bf94,0.999065
e9d3c46b,0.9990903
a54c4ab1,0.99907136
739ecc27,0.9990558
d5519e31,0.9991142
f44f0d2d,0.9851362
59f3c8bb,0.99912065
c1f23348,0.99912494
93b9a78d,0.9990594
0f8ade76,0.99907047
cb45fe2b,0.99909544
42793017,0.9990369
466657b7,0.9990901
5a194298,0.9991019
00fe125a,0.9976986
5261e3da,0.99908197
9874e709,0.99910504
9ce8fcad,0.058376238
802598d5,0.9990701
e43b5fa6,0.9991109
de8d5927,0.99907887
10bae29c,0.99897873
c82771e2,0.99908864
4effdf1f,0.9991062
43bd2088,0.9990845
958f0292,0.9990639
034cfccd,0.9989967
37342ed5,0.9970387
44cf9ab9,0.9990864
e20fc834,0.9990601
9cb85b22,0.9991003
41d0aea5,0.99901175
2198192b,0.99908376
f0c3e643,0.99909556
682e4e0c,0.9990969
32f49940,0.99908173
1c235cdf,0.9991103
1911a00e,0.99776256
aca84b23,0.9990029
dc380a6a,0.99905473
db1afe8a,0.99904436
8a56c662,0.9990452
10b0940e,0.99909174
a6093ff5,0.99913496
4260edd9,0.9991358
38a2ef9f,0.99903643
55a6ea9b,0.9990995
bbc0365a,0.9988543
c627c647,0.9990963
f9c3cd7c,0.9991115
88a3f4e1,0.99904317
dcd4f770,0.99912053
de0be9ae,0.99906164
b71e874a,0.99905115
7e127bc5,0.9984555
fab5eff4,0.99903715
5960ba84,0.9989992
5cae2800,0.9989802
cf186488,0.999092
14262383,0.99908197
8c982e53,0.9990433
c9f62092,0.9990107
ac462020,0.99908674
fdf6781f,0.9991079
e7b0e76d,0.98583394
92116b22,0.9991279
101ab072,0.9990767
d34283cb,0.9991047
efbec6ff,0.9990707
ef171671,0.9987423
6a0787f0,0.99890983
34d4ae4e,0.99910563
8c07cb15,0.9990995
791adef5,0.9990803
c4b3e914,0.99912053
d9b3c204,0.9635052
f12c50e2,0.9990989
a81735fe,0.999079
5667c1de,0.9982487
968f55d2,0.99898607
a7c02878,0.9991208
a1dd8232,0.9990281
b331fcc8,0.9990754
c5495427,0.9991197
8eda5e2d,0.99909484
dad545e3,0.99907756
e321f9ef,0.9991093
6a9fd549,0.99911815
ab5cac2a,0.99906796
29d5f344,0.99897826
dd6893cb,0.99910235
dfc14cbf,0.99905366
0f966c47,0.99907184
6250eedc,0.99910814
29bf99b3,0.999076
1e8b0730,0.9990921
5019df33,0.9990301
03a00f44,0.9989691
8ae21633,0.99887997
e43022c3,0.9990337
d30bee5c,0.99910307
aeedfede,0.99907887
d3bd9953,0.99909663
e85fcc85,0.99910057
c316bb49,0.9991303
00c1bd6f,0.9991351
2430a1cf,0.9990243
c99df73c,0.99894387
37bdc6eb,0.9991135
61adfb69,0.99910647
4d616cac,0.99897754
dff12b1f,0.9991109
a062f160,0.9975682
c813ff93,0.9991304
68a1014c,0.9990908
5761964e,0.99908435
9edaab25,0.99907446
f9c54bf4,0.99911577
d5602a7e,0.9991304
ba4afd5a,0.99910176
734b0aa5,0.99904674
d4a7c19e,0.9990854
a2236994,0.9991412
99a70f09,0.9991037
ca2c571b,0.99911577
b10ae8c7,0.9990507
d16be399,0.9990393
c1df70bb,0.9991334
09b88fd8,0.9991032
db952a84,0.999091
f59e4a60,0.99907947
e41660b1,0.9991172
354770bc,0.99890304
3c97f514,0.9989643
979746c6,0.99886787
104c6bbb,0.9990902
3d8c5683,0.99910295
b78ecf12,0.99909663
a87a038e,0.9991393
5cbced26,0.99907947
721daf3d,0.999049
12a8724a,0.9991302
383f798d,0.99908507
e2bd9340,0.99914145
43749303,0.999114
c0c522e1,0.9990729
751ec100,0.99907553
ee4693fc,0.9990871
7dac28a6,0.9990563
c03269ac,0.9990376
f832ee60,0.9991053
5878de4d,0.99487936
f6732ed5,0.9990583
f9418622,0.0016799603
bf2460ad,0.9991204
443d0f72,0.9991155
6c764d3b,0.999047
ec3ac853,0.99913234
295bd139,0.9991085
2c190f5e,0.99907947
b127648e,0.999094
b246a3b1,0.9991246
72516513,0.99910337
ecd93627,0.99894375
4751d2b8,0.9990332
9e77cd9d,0.99907696
2443f566,0.9991148
b92c4081,0.9989753
2fd752fc,0.998628
064e7555,0.9991074
d24af284,0.9990928
b67d08ef,0.99911517
f1169af6,0.99682426
2b1ea47f,0.99911934
ff188431,0.999111
0a2250b0,0.90060645
9af2cb79,0.99908495
35c5b90e,0.9991248
543b603f,0.9955265
2aa77a7e,0.99909496
7255aa3f,0.99905974
8b6879a5,0.9990404
b0a90ff1,0.9990393
1a8d4c5c,0.9991285
150ac8a4,0.99898666
0124dafe,0.99910444
c5d44da6,0.013102371
551ad817,0.9991185
592d36d3,0.99905664
eaff7bf6,0.9990729
63bf24b3,0.9991334
c0f7b97e,0.99912447
dcd66660,0.9991239
e3dd189b,0.999092
67715ced,0.99849963
e0fe5ec0,0.99908745
74449950,0.9990466
a8c715d6,0.99911886
cd5d93bd,0.99909985
5952a006,0.9990853
8b123ed2,0.9846933
dd1dc587,0.99908817
129e56dd,0.999116
d0656cd1,0.99909294
05daf028,0.9991381
49549447,0.9991234
d7ab4550,0.99908435
26f3cd66,0.99913234
d55ee7e9,0.9991173
d2745720,0.9990427
b2b6aa24,0.99905175
fe8773a6,0.999044
d8056adf,0.95641065
5e02864e,0.99910706
cd9497e7,0.999033
08810fc4,0.9987204
7b4d09ab,0.98171186
94934efc,0.9990675
36331487,0.9990792
f076361e,0.99910754
f98e58bc,0.99910456
d692b049,0.9990269
e1f84751,0.99906725
c462f48d,0.99894184
3abd941a,0.99908197
45df34e8,0.9990845
a23c6b0c,0.9991153
847454c5,0.99910635
7a3fbff1,0.9990815
311efd55,0.99909365
f382ffb0,0.9990952
d47a9683,0.9990958
9cdfeb38,0.9990804
b3ee0d0a,0.9990994
4733af26,0.9991416
69cae70c,0.99908125
e5cdd47a,0.99906605
ffadac0f,0.99912184
c429a37b,0.9990959
6f02f5e7,0.9990619
21399c8e,0.99855226
ad0c3f71,0.9985935
f5b1e81a,0.98356634
8865eef3,0.99796885
9c9b89f1,0.9989963
2ab2278f,0.99912447
0b6905e0,0.9991146
5a8be5c4,0.99907
9f22c1e2,0.99909496
2f27aa50,0.99904925
c6b4fad4,0.99911946
481b0a03,0.9990972
f073e8ee,0.99909234
ffed96a8,0.9991295
c2287f56,0.9990772
8544b7e2,0.99909043
95fefabb,0.9990664
854af433,0.9990907
e01e9baa,0.99905604
6d994df0,0.9990609
7e153760,0.9989759
f39a4a5e,0.99804795
44e9271c,0.99913484
d936a134,0.99906677
aaa12729,0.99911445
55a8e3cf,0.9991009
10dfae78,0.99911755
d9418745,0.9990871
66f7e1a8,0.9985897
e7d74eb8,0.99914145
81bd89e3,0.99905974
047837d7,0.99882585
a48b07df,0.9990932
be93a835,0.999064
8a5ede59,0.9990689
9a80f8e6,0.9991393
40a1317e,0.99906355
59e56b6e,0.99905807
f1aaced1,0.999143
1e7151ff,0.9990683
b7cc6484,0.99901164
cfbe901d,0.9990885
80e3acd8,0.41719782
850b3e8d,0.99909985
64863cbb,0.99912554
58f00dcf,0.99909806
1cf07f10,0.99911684
c335fa1e,0.9990681
7a630c40,0.99912673
7912bdcc,0.99908423
324b9236,0.9991254
75453fd5,0.9991246
67be2732,0.99907947
4217d660,0.999124
73573764,0.9991394
b78035df,0.9991197
3c1cf46d,0.99907684
aab756ec,0.9991002
28c712ad,0.9831806
944c3381,0.9991197
719c8a68,0.99905294
6a994db2,0.9990729
e15a7e82,0.99905974
ecb6ea8b,0.99902225
7760c2c6,0.9990289
d6c34fc4,0.9990374
89c08665,0.9990395
4d188869,0.99907184
6491ec93,0.9989618
6bcf2be9,0.99909115
1a4138e5,0.9991078
645ffbb6,0.9990658
1c752d26,0.99907047
2b2013e0,0.9988691
9c0b0d77,0.9989278
17655c71,0.9990551
bb0c0a1a,0.99909747
1fa93385,0.9991208
5b7550c7,0.99908686
4cc9f495,0.99905986
c26e57ca,0.99904805
34b83b5c,0.9990508
c51addeb,0.99909604
485a9e26,0.9990626
f38bf398,0.999005
c81c4e49,0.99907315
cd8f5f38,0.9990577
4ceac96d,0.9991159
11810536,0.99912447
0e7d9156,0.99909973
b8b74e30,0.9990828
81efff0b,0.9990742
5ab6e9a3,0.99905294
98e83e88,0.99826175
a5c9db68,0.99914455
53969358,0.99910116
d792a99f,0.9990847
5a9f9b77,0.99910897
740faacc,0.999116
07606786,0.9984485
5a7b111e,0.999114
9d862d58,0.9991059
93fa28ad,0.999094
5c69a8e1,0.9990558
929c2054,0.9991033
20c672ed,0.99912673
b2d7e963,0.9990717
a9c8ee74,0.99909794
85a40a17,0.9990102
93bd5a17,0.9990864
7245f989,0.99912065
cb77d8fe,0.99905056
6a7c813f,0.9991467
42192f55,0.99808276
9b408271,0.99914
08c5efe8,0.9991208
638c6b56,0.99908316
e0a01a3e,0.9990796
f909acc7,0.9990984
040d1b26,0.9991295
f00d4547,0.9989561
9495209c,0.9990895
60cb6d91,0.99912995
522b179e,0.99912363
62334166,0.99900633
a22b12e0,0.9990996
8529a2e3,0.99907076
cdb35334,0.99905723
4610d91f,0.9991171
b4a0e67c,0.9990656
1186995c,0.999134
f99d3450,0.99854267
c36e6475,0.99913293
67a8e207,0.99911207
c51e9ebb,0.9991043
88cc7ae5,0.99914503
4dda2dd7,0.99896777
2d0d2d48,0.999052
e5d4cc12,0.99902046
379a2c5c,0.9990727
e7d36695,0.9990707
875a1737,0.997719
97e25680,0.9990262
07efc7f1,0.9991233
481c5839,0.9991197
f915518d,0.9990963
22922a13,0.9991252
e0426e66,0.9991416
ab0bc3c5,0.9991036
cc43d39f,0.9991178
bd9ab123,0.99909854
df1063f1,0.999091
a52b94b6,0.9989011
bd168a53,0.9991078
de371b65,0.9900163
e48e60ec,0.9991304
2210cd79,0.9973355
03751fe8,0.9990927
3788e8f4,0.9990074
49106dfa,0.9990694
8a8643d1,0.9990761
08761336,0.99908006
7d191ebd,0.9989147
fd5510cd,0.99912876
695700a9,0.9990945
1e5d857c,0.9990508
f7980273,0.9990941
58d7ad28,0.9990369
b524b703,0.99903166
d1f0c398,0.9991215
8f0633a6,0.99896574
bd07e7df,0.99903214
ea4f566f,0.9990959
b278b51a,0.99903643
6ea561a3,0.9991003
eb5ce930,0.99908113
e0d835f3,0.9990934
1f3a571f,0.99908876
b7cf6bd4,0.9991485
33da54c5,0.99906474
db246826,0.99910295
610d30b8,0.99912876
9e0d7da2,0.018024055
f6ec9a95,0.9991074
4eb52038,0.9990509
fa465909,0.999073
6471868b,0.9990578
eebe3579,0.9989312
3a69a49f,0.99913365
b0d27368,0.9990671
9f4663bc,0.99905604
36958ad7,0.99909616
4ed25497,0.9990814
1cca1572,0.99906284
10f79773,0.9991026
affc7a9a,0.9991385
b9b4dae4,0.9990682
9ac28125,0.99911255
36ceb745,0.9991086
4ed56434,0.99910873
5c39d626,0.9989736
477a7c4d,0.999119
278a974a,0.999111
606933e2,0.99906546
85689762,0.9991416
8c11565e,0.9991015
bb12389f,0.99907047
1264578a,0.98467815
2125bcfe,0.99887806
2cdac665,0.9991007
4ecd1140,0.9991295
66174b18,0.9988545
821d25cf,0.9866312
7d0bbdc0,0.99904627
18660c0f,0.99907994
230e6b3f,0.99903905
336bcef4,0.9990957
20e3bb81,0.99910444
c3fb7233,0.99911505
5eac0f33,0.9989312
9551365c,0.9990308
64497069,0.99912494
fad4b287,0.9990779
4336dfd7,0.9991021
782e1589,0.99912614
5fd2c007,0.79423076
b7eb45fb,0.9990226
e4882a91,0.99911314
15349c4c,0.999131
3ca7da8a,0.99909866
b5da4401,0.99911267
1702a056,0.99908626
5c6fdf59,0.999148
77b1087e,0.99887043
f54f3c13,0.9990994
931f7cc4,0.9990982
c60cf712,0.9990747
1dee72c7,0.9990615
6d28848d,0.9991295
7b2fa0da,0.9987464
f6507fc7,0.9991241
494d6bef,0.9991153
e93978c1,0.99910444
6f70b602,0.9990994
fde24b9d,0.9990324
18cc5f8e,0.9990115
f6342018,0.9991055
9ea2bb4c,0.9990663
ac228836,0.9991116
2a15e756,0.99893326
9304d343,0.99911934
c30fbfad,0.9991003
35f911d0,0.99895394
23799d72,0.9990773
b690a0b9,0.99908113
1fe1042d,0.99914074
f1828edb,0.999119
4565d271,0.99904686
4e4a6d88,0.9991358
1297b9bd,0.9990128
e521df8c,0.9990879
78130cf7,0.99908125
72bf18b6,0.9991135
06f0593a,0.9990055
5d10c8c0,0.99912626
ea504653,0.99907696
d9ec8f19,0.99812347
7bd08d13,0.9990682
79fcc478,0.99898225
9fe9546d,0.9991449
cd398caf,0.99911064
73e708e2,0.9991289
4d0e7083,0.99911433
d81b71c9,0.9989478
02b1f55e,0.99908423
28d6438e,0.9990926
c3db9be4,0.9991284
e3630508,0.99911445
1ebe3420,0.9991373
4052f6a3,0.9990901
880e23ba,0.9990194
70b201b7,0.99894994
b46dd30d,0.99897206
e770a3d5,0.9990908
37f50d33,0.99898404
a0d483ee,0.99911743
fffe22b8,0.99912876
7a4e1d2e,0.9986712
65e3621d,0.99912626
ef2feb37,0.9991341
299dc293,0.99871874
14deaf63,0.9990615
a3a0bedd,0.999094
0fa5049d,0.99907255
ef2d8c75,0.999
cd496348,0.9990916
9e4e9183,0.9990978
93143b55,0.9990941
aeae2d47,0.9991009
81fe124e,0.9990702
b8fe085f,0.9991153
07074e0f,0.9991254
24e27998,0.9990916
0b2f941b,0.99908936
72c62016,0.9990452
e75c4597,0.9990994
0eb6d703,0.9985802
2f871251,0.99911326
7f9dc151,0.9990746
4780bc72,0.9991134
f44b5da5,0.9990331
e6cadf24,0.99908257
04933bcc,0.99903345
3ed6366b,0.99910563
c8cd6da5,0.9985007
c8201a41,0.009590098
a797c609,0.99887973
5a1b3fed,0.9990602
9ed766ad,0.99907196
7472ff2a,0.9991406
9c233ca7,0.99908257
287ce1b9,0.9990459
8a70af0d,0.9991025
a17bb72a,0.999114
96c8d154,0.99907
f1a1a9f4,0.9990602
e80ca8a1,0.99905366
ec750a77,0.9990375
a4f800f2,0.9990727
13f0904c,0.9989009
3eddeca2,0.9991358
41f31198,0.99910176
7840eb67,0.99905175
71b0005a,0.9990477
51eb0670,0.99911183
6774709c,0.9991516
e1441efb,0.99913484
91b6ef72,0.99910885
7bc00c5a,0.99908984
c77e25d8,0.9990515
a9fddaf8,0.9991001
29aaab2b,0.9991166
66488201,0.9990388
0c67f4db,0.9990521
9c86b23a,0.99905366
a4e7c678,0.9991327
332e131d,0.9990522
7a18dfbd,0.9991211
6be32f13,0.99910825
df058a61,0.99876773
b20d854f,0.99872154
153fb5ce,0.9990176
4813b8c3,0.99893945
9f3803e1,0.9991208
d59c44df,0.9990609
ee160df0,0.99912256
257a778d,0.99903214
d4586d97,0.9990994
a39b7847,0.9991105
2de060f3,0.99910116
776e80fc,0.9991364
359bb964,0.99906236
1e62416d,0.9991111
cccff610,0.99910873
7330c69e,0.99908376
123cf7cc,0.9990715
7fb51bfe,0.99911004
76c058e0,0.9989938
051bfe09,0.9981164
6aba6094,0.99910945
df9dda94,0.99910814
2e413d8a,0.99911875
75c507b2,0.9990957
2b75d5d0,0.99910104
165e6d81,0.9990996
854c12a8,0.9990589
8f5d11ee,0.998442
d7e4bd78,0.9990657
a02d4e38,0.9990761
0726a7ab,0.9987721
05cbfd5f,0.999113
cb3ef5e4,0.9990922
b6802bdb,0.99911875
7905728e,0.9990007
4e0b4e5a,0.99913424
a3ad3e62,0.9990977
d2491585,0.99909556
afe3deaa,0.9989949
a2451f90,0.99907196
ae723ea4,0.99907047
5f801ffd,0.99906546
c6befadf,0.027224572
7f7a80ef,0.99909365
ab681210,0.9991222
087cc4fd,0.99902046
9f283053,0.9991025
a5cc4086,0.999073
57747016,0.9990736
1eae3f50,0.9991141
d50af0df,0.99914205
0f71a2c3,0.9991179
9a1a1b04,0.9991041
5e57e3ab,0.99898714
fb362ac4,0.9991026
01657f36,0.9990827
be1c6359,0.99912244
66d47d57,0.9985923
0062a259,0.9989857
f0bd7cc5,0.9990403
4faa1de0,0.99891496
00e23b2a,0.9991128
6227264c,0.9991103
83716fb1,0.99908054
ac925350,0.9991277
fca322fa,0.9990576
0fa52b44,0.9991386
e7fddb95,0.9991366
42451090,0.99902344
f713902f,0.99882096
a140932c,0.9991248
e9d0ef5e,0.9990765
e22ab1bf,0.9990779
70f3af22,0.9990577
76b3eb22,0.9991411
5167700d,0.9990785
bc83c74e,0.99912983
56f6ade3,0.9991372
f06635e3,0.9991043
a1f7abca,0.99906963
41e347d9,0.9990289
ff1e454e,0.9991279
7afaf393,0.9990376
f17ba274,0.9972862
f3289022,0.9990823
5da109f0,0.9991179
90830bc6,0.9991093
a0078d76,0.99903095
33473fa4,0.9991002
ff9527ed,0.9990902
db91491d,0.9990988
2322537f,0.0031598753
6ee83af4,0.99908924
67f5b08c,0.9990656
5f95079a,0.9990736
2aac8bbf,0.9990865
32736553,0.9991347
f9ef3797,0.999062
56caf897,0.9991391
330275b2,0.9989975
e25502c5,0.9990884
c09d7962,0.9990854
b7721346,0.9986143
364a52da,0.999134
8ed636eb,0.99907553
f32009e4,0.9991147
853c9ff6,0.999102
c6411f40,0.9990615
f7da83b5,0.99909294
a95a3998,0.99914694
5c97cc3d,0.9990927
2c073c7c,0.9991001
3a150310,0.9990452
7d8da56f,0.9991014
e1c43238,0.9989768
81b035b2,0.9990578
175cd8e3,0.9987984
2e54138b,0.9990671
8fc414ee,0.9991499
bf642231,0.999124
1f44d893,0.9990569
90a27fed,0.99895096
86cb2a27,0.9991223
a1795835,0.9990965
7dcf00b2,0.99912816
3399dded,0.9990933
18d29f98,0.9989742
c9780867,0.9990395
731c99db,0.9991375
08f8e729,0.007838771
8605f629,0.9991093
566c7740,0.99894685
1d9287fa,0.99906856
fc9f16d1,0.9991061
238d2ae6,0.9991372
c8fdc1d9,0.9990314
b566c62e,0.9990734
b4fbde2e,0.9991295
caed0fca,0.9985942
126de9f6,0.99913967
e76c3822,0.9991228
e85943ae,0.9991116
820da464,0.9990833
e83bc18e,0.9990858
0bbf38c0,0.99906033
fe873e42,0.9991221
a01cc1a0,0.999111
b888c7ce,0.999126
62cf8c52,0.99900645
3dfd1fd4,0.9991296
6783e5d5,0.99897337
8d47d7b0,0.99903715
50156259,0.99910176
305350af,0.46584773
97c9c518,0.9990522
0157e4b8,0.99910575
56b9c5fa,0.9990891
6b088f53,0.99907076
7b908e6c,0.99911314
13dbd611,0.9989139
dd310900,0.99863535
33c1e6bc,0.9990971
cc404b2d,0.9991059
1845a16a,0.99858487
17567296,0.9990928
7be6b89a,0.9990834
05659601,0.9989543
b5fc4c86,0.9990983
414f2aef,0.9990408
d58bc67f,0.9991254
9263e9a5,0.99912137
79c7fbb4,0.9991296
88bd527c,0.999094
101741d4,0.9990909
2409b085,0.9990221
5ca47d60,0.99908364
2ffcff01,0.20312485
be61f6a8,0.998293
18522356,0.9991303
6f8c1c02,0.9990932
1bf705e1,0.9991191
fa42def0,0.99886936
4b14fa6e,0.99912184
ee4a708e,0.9990846
f4bed7ef,0.9989681
efc72026,0.9991221
df0daa43,0.9989761
86334232,0.99900717
cf78a456,0.99908173
82a1159f,0.9991172
28b3aefd,0.9977811
20c8a7c5,0.99907696
16182391,0.99907625
2ec9e4b6,0.9990615
add37ebe,0.99909735
780f8028,0.9990846
513c3a87,0.99911183
e8f50dd3,0.9990416
6d0a2a8a,0.9991223
a289ff9a,0.99905556
7316e7f7,0.99907255
6d0def2a,0.99895597
cfe9274c,0.9990318
56a0e400,0.9990087
5f0174ea,0.9990545
d8f1dc16,0.999079
2d500e19,0.99911314
5bdc40f2,0.9991025
8f3fcb2e,0.9990717
5dcb51d4,0.9991405
d8c54c8f,0.99818134
0e243a89,0.99913174
ffa5addf,0.9991048
eb450fdd,0.9990963
42d7a633,0.9990839
fe917637,0.9990258
9af5d822,0.99875844
1a1d3ce4,0.9991375
bd1048c3,0.9991002
05694ac0,0.9990865
3cccd884,0.9990858
c0e2f11f,0.9991043
114b42df,0.9990822
831b10c5,0.999114
6d8130d1,0.9990909
8dec6386,0.99910957
a61f85da,0.99910104
a041fcae,0.9991003
3a82eb2c,0.99910885
34a4ca72,0.99910164
175ef51a,0.99911636
178f052f,0.99911636
2f6a5d22,0.9991014
6dc08f78,0.99909496
b4430654,0.99909663
ded96e1a,0.9991091
bba4ad4a,0.9991074
624af961,0.9990989
d1d4a22b,0.9990984
f88fed10,0.9991105
201c0abb,0.9990903
50c588e6,0.99911517
c86e44fb,0.99910223
baa51ec6,0.9991115
d2b23313,0.9990885
748c7ede,0.9991097
e7542e00,0.9990134
0bf425da,0.99909306
911e1108,0.99912196
62956786,0.99903214
68363108,0.9990846
8bad6266,0.9991385
e0561d8b,0.9990879
8cfa4e2f,0.9990976
21573595,0.9991316
dbfc2a24,0.9991239
c55f4b1a,0.9990908
71708387,0.9991233
0d1d5ba9,0.99908364
62dcdee4,0.99907935
000dd6a7,0.9991366
8d22298e,0.99910635
8aeb2261,0.99908614
897b7ba1,0.9991109
56f78751,0.9990741
9ee41c43,0.9990815
e6b0f5b9,0.99912935
dbcfc7f3,0.99907374
2e9fe904,0.99912864
6783ae54,0.99909854
7c530a9a,0.9990833
af68c3e0,0.99907494
2276ab7f,0.99909604
4b49cb4c,0.9991014
cfe39976,0.99911016
b89f9afe,0.9991155
dc29ab6c,0.99913484
4dec0f83,0.99909043
a0faec53,0.99909556
906cd623,0.9991165
4e7adee2,0.99911016
d00048d0,0.9991074
7c3e74d7,0.9991166
af106ed2,0.99909663
78f2f545,0.99908626
79f1918d,0.99908435
a6fa0996,0.99911326
ffbf3d79,0.99910516
62dcab86,0.99911505
93cc159b,0.99908996
0f46b1ff,0.99910754
898ab307,0.9991129
5139bfcc,0.99910635
7a0aa75e,0.99910897
aa2c9879,0.9991124
f9544ee3,0.99909246
420752c1,0.9991229
b85860ab,0.9991033
b5777bde,0.99911267
634b3b9d,0.9991197
c5b283b1,0.99908924
c7a20dab,0.9990915
405148c7,0.99909437
98c3a9bf,0.99911886
e52562b9,0.9991103
285a9f81,0.99910647
be4054cc,0.9991079
406ec7ac,0.99911064
30424b28,0.9991049
81234b2a,0.999094
e5e8c943,0.99908257
61772173,0.9991055
bb26b41a,0.9991192
36619aac,0.9991097
80a91705,0.99910516
f7b6b60f,0.9991248
78ccb7e6,0.99913305
d84c6367,0.9991171
4191d209,0.999097
07db50e7,0.99913824
7a46b945,0.99907815
0326ad07,0.99909186
b10f35b2,0.9990828
418713f8,0.99910694
d823835c,0.9990871
f50d1de2,0.9991036
257bf9b1,0.99909866
fb66e5a0,0.9990866
ee80eda5,0.999126
39085134,0.9990982
568b9284,0.9991054
92f82b94,0.99909294
5c8602cf,0.9991014
5548c83c,0.99912995
e9db58f2,0.99911827
610888bc,0.998889
ef42cf57,0.9990895
bcbfe4fe,0.9990823
b17291f5,0.99910504
c26be943,0.9991041
d402e6e0,0.99910766
b79f0569,0.9991128
164ab7d7,0.9990959
c448e0e6,0.99901927
fd4f4c59,0.9991079
1e2703b6,0.9991161
4111b16e,0.99911183
bf9e083c,0.99908376
a859b258,0.9991192
91028d86,0.9987018
6925ab71,0.9990854
8a0e669f,0.99909866
9064ceb0,0.99911803
8c22db65,0.9982083
41650efe,0.99911684
3983ebff,0.9991258
fc97609f,0.99911124
37e332a8,0.99911624
b055e22b,0.9991047
78298188,0.9991091
0bb164d0,0.999121
4cae9777,0.9991177
3b0e0236,0.99909854
81559264,0.9991159
9b8b11f3,0.99910897
e140e155,0.9990792
bd7a90dc,0.9991233
a3d16768,0.9991146
c97d5a74,0.9991468
ef3a6a8a,0.9990852
38a0b432,0.9991117
bcecfecd,0.9990889
d68590d3,0.99906176
c99be03d,0.9991111
eb817e40,0.9989887
68d22551,0.9991161
fd4663aa,0.99910384
3a0e89d3,0.9991155
d34c89e7,0.999116
e6368e52,0.9990859
a6284787,0.999076
e23ce4e2,0.99909544
2560c8e5,0.9990972
c0d8f55a,0.9974105
7f1063a2,0.9991171
3a7d8f4d,0.9991159
9da8dc18,0.99910635
ef74ee67,0.9990995
19e3d3a6,0.9991014
da904b14,0.9991406
415d029e,0.9990934
2a9ebdec,0.99913055
934ef000,0.9990988
01f4fb13,0.99911016
04a319b8,0.99909675
370c98c1,0.99904805
334ccea3,0.9991007
5c6826c5,0.99910283
9ee45111,0.9991209
5cee3b15,0.99897987
dd000986,0.99914074
e91d3f82,0.9991283
4bc51c64,0.99910116
3ecfe9fb,0.99906105
5f649db3,0.9991328
6f46b549,0.9991264
14e8ddf5,0.99909115
8414ca1e,0.9991357
587dace8,0.99909055
ba5de6f2,0.99912685
34917982,0.9990086
b7e5fce5,0.99910897
225b4ebf,0.9991436
9297aff4,0.9991283
56f60020,0.9991242
c200afa0,0.99910116
dc1e208e,0.99914825
0a953c7f,0.9991109
c4ab2314,0.9990631
5ecff537,0.99906474
ec7701eb,0.9990802
5a892abd,0.9991172
102feafd,0.9990583
96559d53,0.9990845
5822a002,0.99902105
895c7e3f,0.9990928
51c60665,0.9990977
df7248af,0.99907506
c816c359,0.999008
0d2508aa,0.9990544
c1fdbfa3,0.99909866
9d2fcb46,0.99910116
10369e7e,0.99911124
22c1ffeb,0.9990951
8b020506,0.99905235
dd672f8f,0.9990896
e76690d2,0.9991124
a32e11dd,0.9990939
7701985f,0.9990865
1f53e167,0.99911684
816049f9,0.9991117
a5eda47d,0.9991036
113baa54,0.99908483
1ebb6848,0.9990533
af0f78ad,0.9990706
90d8c53c,0.99912506
fcbca70d,0.99911267
1a3429b7,0.9990814
e085310f,0.99909997
71739eda,0.9990928
d30b8ea2,0.99909556
037253b1,0.99908936
ca578e68,0.999094
d658adc9,0.9991021
ce6bf266,0.9991002
31855bdf,0.9990972
aa51b55c,0.99908555
96af9a4f,0.99912447
9f0adfad,0.99909437
1021fa82,0.9991047
5b0c3a1a,0.9990833
8f088758,0.9990176
df91a83e,0.99907124
ca385180,0.9990815
7c575476,0.9991021
41c7f2ec,0.9990876
df699ffe,0.9990941
aaf2ed16,0.99907327
20dc9f89,0.99908566
13d592a7,0.99910104
adbfccf9,0.9991068
94cb1e7b,0.9991297
de16512c,0.9991254
a9921173,0.9990865
96552761,0.9991289
0a13f967,0.999089
d599fcca,0.9991091
67302c70,0.9991032
bba43d08,0.999073
064c04f3,0.9990716
c8540856,0.99911517
17983c0d,0.99876463
d9558cd4,0.99906117
ac7fc954,0.99908125
6b76bc35,0.999092
9a49c8ab,0.9990753
4b30ab4b,0.99907804
a32ff525,0.99908733
db73c9da,0.99910706
59e977b8,0.9990853
79d41500,0.9990957
1e46ffb8,0.9990783
560b95cc,0.988037
a203122a,0.9987698
89057b78,0.99911946
22758a75,0.9990658
925ba14d,0.99909675
0ab4ab11,0.99906033
8138c9b7,0.9991078
cd82a814,0.999084
2299c906,0.99909806
f842d13b,0.9990939
d9a05ad7,0.99911314
92d26b0d,0.9990834
844fc2bf,0.9990852
fde26b5a,0.9991054
a758f757,0.9991105
37a1a56a,0.99906045
6b1f34ca,0.99909115
60f748a2,0.9990883
4ccdb8dc,0.99909985
130c1249,0.99911886
c30059ab,0.999079
b29354bd,0.99908805
a32d23ca,0.9990677
c5ef57b5,0.999074
d3407b63,0.999073
a72a817b,0.9991117
5dd1ab0c,0.99909806
8cdfe40c,0.9990932
2c3015db,0.9990959
e717f165,0.9991033
32cbec12,0.9939015
2033c591,0.99907255
2b519803,0.9991059
2a77f458,0.9990865
dcd487a0,0.99906164
77a305a6,0.9991234
a7e15739,0.9990834
6d835011,0.9990722
fd5d47d0,0.99907327
de110970,0.99906725
cdd04cdd,0.9990982
6e438179,0.994584
49e5a447,0.999087
a131fd81,0.99908864
496fe313,0.9990483
b34c2ec7,0.9990671
68a50afc,0.999099
793df965,0.99910176
6a03ba8d,0.99908245
8068f921,0.0030898843
d9bf04af,0.9991026
0bbd016f,0.99908984
d8534478,0.99908817
0e899bbe,0.999084
861ab529,0.999081
3d7c4448,0.9990945
e149acc9,0.99908483
840bdf36,0.9991185
ff2f5ae1,0.9990258
c542bb98,0.9990688
4b8e2bca,0.99910283
f363ec0f,0.9989189
4bbcb618,0.9991055
60793d99,0.9990845
f4bcf2db,0.99907386
a437540c,0.9990688
211452b5,0.9990852
a39a93ae,0.999076
8db5160d,0.999071
e08fe943,0.9991208
16970141,0.9990638
a7e2a16e,0.9988984
1b34ff81,0.99905866
d3561565,0.9990946
ced9cdda,0.99907076
fd2be1c9,0.99908006
7b41b7ae,0.999094
77245590,0.9990871
b36507d5,0.99908686
1b2b57b7,0.999097
971062d0,0.99908113
7261f85a,0.9990845
0d416794,0.9990972
ba537052,0.99907136
4577524d,0.99908495
d3faaad4,0.99908674
bdcce458,0.99911875
d2026460,0.99909604
98c829cb,0.99900657
208ee983,0.999074
8e5e1354,0.9990804
969a51fb,0.99912983
4ec0d990,0.999074
e4d449ad,0.99905115
05c31fdf,0.99908614
0fa00221,0.99905306
23113184,0.9991227
50eb9029,0.99907815
077be086,0.99909747
daa42277,0.99910873
fd9577cc,0.99911803
1fb7ca4a,0.999073
3fd9b5f3,0.99908006
fff221e8,0.9990984
9b2b16ed,0.9990748
2b5c6751,0.9990976
fdf441c1,0.999102
bc283726,0.9990677
a6ebeb37,0.99909484
f29c8f39,0.9991111
bf403e6a,0.99911183
5eba448d,0.99866986
ee8e05d3,0.99912137
addd9209,0.99908304
d688f5b2,0.99909735
8c0ea40d,0.9985734
ff083e84,0.99908006
f1e92033,0.9991147
fcd16d3b,0.9991047
917d002f,0.99910957
b76adab9,0.99908304
21838346,0.99908614
794230ab,0.99908805
b07194b4,0.99906486
433ce8b4,0.9989436
083aef7d,0.99910647
bea56ab5,0.99903107
6edc37a6,0.99912256
51f0641f,0.9991015
470fa381,0.9990664
430c7424,0.99849105
eec7bcc7,0.99907565
3fd6c853,0.99902475
d2da02ee,0.9225788
6914d5b5,0.9991072
e2a29b59,0.9990895
6602af28,0.9989034
edc0ec52,0.9990422
4c37a400,0.9990682
7d5aca7c,0.9990231
72248875,0.9990283
185955c9,0.99902713
2130554b,0.99906975
18325eed,0.999097
4cf00487,0.9991153
2732eceb,0.99911517
eacdddf8,0.9984798
4a6a33c3,0.9990706
f61156ca,0.9991177
b24732a4,0.99906
bb0f826b,0.9990839
274bc4e7,0.9990601
9ea6d735,0.9990823
5f36947e,0.999064
5900dcb2,0.99900264
1540d41d,0.9989502
8d80d722,0.9985862
f84b386e,0.99899477
d90d65e4,0.9986926
396d583f,0.9983736
f03b0439,0.9989095
97bcac38,0.99898213
43820845,0.99894696
d350f3f2,0.9990214
1adc8549,0.99905366
6bd8b014,0.9989133
37f96880,0.9989767
0c7bfc43,0.99891305
0648fc47,0.99897826
93b448ea,0.99898416
3c95c5d7,0.9990639
fd8fc472,0.9990268
a37c0b22,0.99899536
23ecfa2c,0.9989874
8762864f,0.99900645
113c1aa6,0.9990206
6d32e667,0.99910814
052cf421,0.9990889
2d7599ba,0.99903107
c4acce39,0.9991142
db061c90,0.9990656
c050fd5e,0.9987054
bb774fdb,0.99894875
d9f5fe48,0.99893504
baddf7d5,0.99908197
b75123c7,0.9991196
336cbc01,0.99557954
696b79e0,0.9991334
a9452dbf,0.9991321
81428ca5,0.99903
5a44a251,0.99905056
d2774101,0.99909437
8dcbb042,0.9991134
a4662b0d,0.99899656
a580b27e,0.9990771
4f3f5111,0.99908996
6a6cf0a2,0.9926789
b44fc45c,0.99910825
2384c24e,0.9990938
93cdcd3c,0.9990262
281ed97c,0.99694186
f9983145,0.98797345
dcc8e2a3,0.9983936
0c04a317,0.99910945
8709ad67,0.99899703
b85dfbee,0.9991001
2e2535c4,0.9991216
138b9289,0.99912745
22f61163,0.9990176
94e6e255,0.9987375
1af003e6,0.99905616
326700fe,0.9990822
e8189b85,0.9988558
6649c543,0.99879897
95f0b0af,0.9990876
f3a5440f,0.99912924
6b34a071,0.99915445
9a1ce844,0.99912935
9b2d19f8,0.9990288
c0b05df7,0.9991555
d3a8c843,0.9991303
670e6438,0.9985532
398846a8,0.9990758
831272ec,0.99907196
72703c17,0.9989666
8b399db3,0.99903667
f42b27ff,0.9991054
a3e936a4,0.9990853
afde8e06,0.99914384
f4fabbcb,0.9966583
11095cc7,0.99913555
41e2f869,0.9990766
6a572a4d,0.9990559
32550abb,0.9991429
97be9b2a,0.9991365
8a6fbd24,0.99171996
77b93b61,0.99911064
958f10cf,0.999089
c20db3dd,0.9990582
90ec95a8,0.99908555
1f1f00cd,0.47591525
ef178394,0.9986181
efe15664,0.99886036
26304f81,0.9970701
3c715d10,0.9989624
636de77d,0.99904174
42895ed0,0.99897623
1d53662e,0.99904376
9add56e1,0.99908924
f54aead3,0.9990409
4b38741c,0.9988852
68092fb6,0.9990243
b2dee5cd,0.99877566
7a1082a2,0.99854326
9905615f,0.9990783
43f836b5,0.9990941
46c37926,0.9989961
de3d7bfd,0.99872535
acc36f11,0.9989004
a8d3edc9,0.99904007
c5a67dea,0.9990176
cd52d119,0.9990502
2f724a6b,0.9990834
a88b8b94,0.9990376
e92b0e33,0.99904245
6a204d1a,0.99905545
dedaa47f,0.999014
c016e26d,0.9989561
d1fb111b,0.9990515
48f9d27e,0.998898
8d36723a,0.9990715
dd207853,0.9990822
0ce787fc,0.99908483
e78f1776,0.999074
4adbffa5,0.9991001
48cbc124,0.9990754
ba6674b1,0.9990721
5846c70f,0.9990758
c22b6301,0.99908805
89b68e3f,0.9990878
9bdab5da,0.9990626
e9e74ad9,0.9991061
ac0092a0,0.99906594
a27d6108,0.9991078
82f9b0bf,0.9990872
0177da7f,0.99909663
76a817e8,0.998877
df6aa282,0.9990858
d8aa7012,0.999081
f298df75,0.99910647
832540bf,0.9990816
f90580a5,0.99909675
2a2d5c9c,0.9990957
f56ce611,0.9990841
977db682,0.99907047
e31c3047,0.9990012
1d18b2d8,0.99897504
bd4b7cc8,0.99901927
2ab40995,0.9991054
6e88beef,0.99911183
1560f876,0.9990915
e7393baf,0.99906343
32a60e1a,0.99906665
a14b2e21,0.9991068
e4b9c3fd,0.9991203
9714406d,0.9990546
7c0bea52,0.9990946
2957d3f2,0.99911624
ea65458d,0.99904126
4c3d65a0,0.9990625
efc76189,0.9990758
64bcdd8e,0.9991155
bb7c1cca,0.9991093
ea3fa434,0.9990977
8851cedf,0.9990977
bd2fabf9,0.99907315
85681d71,0.9990876
4b73e9d7,0.9990866
8250ca60,0.99911517
6f1d7a0e,0.87704927
bcb9aafe,0.0063651293
c5713c4c,0.9991217
155241f1,0.99912745
f1c24a80,0.9991254
2947e0fb,0.99911624
edb8df4e,0.99911755
25904809,0.99908173
ceb40c25,0.99909663
982c802c,0.9990827
04da589f,0.99911314
4265c100,0.99906784
606af87e,0.99910384
847358ce,0.999119
cef81e92,0.99908376
796841ec,0.99906236
8de0614d,0.99909365
16134bbf,0.99908173
5d2bbc18,0.9991032
39dc4899,0.99908185
d50581c6,0.999092
e0c4abf1,0.9991026
909df0cb,0.9990307
1d3ecd7d,0.9990108
6446beb5,0.9990752
dddb1986,0.9879683
f6f3a43a,0.999114
db53c22b,0.18510821
27bef0e4,0.9990777
b7dc9144,0.005358648
0cfa5811,0.99909747
8e15a302,0.99834335
280589b2,0.99907637
7b45eea0,0.99876034
ecbed048,0.99909985
92c01446,0.9990206
fb988b64,0.99910516
2d78a612,0.95517415
bc03ff04,0.9990482
e39850a3,0.99910057
2b082907,0.9991116
3ade938f,0.99901295
b8aa5924,0.99911743
f682aa47,0.9990823
91af4871,0.9990089
5ea0b4fa,0.9989667
9fff0acb,0.9986405
b4499e04,0.9990496
b4d6a0c7,0.9977755
a3b8c031,0.99854445
bdc806c6,0.87418735
0a747a34,0.9974814
5e06c02a,0.00134837
5ef2e362,0.99900275
189821e0,0.9981608
51daab68,0.9991186
5a053dc2,0.99909365
d14bf150,0.9991209
434b4bac,0.9991009
71f7a616,0.9989273
39101112,0.97141224
8b98e062,0.99911076
a813c135,0.99912804
1c4e60d3,0.9991285
2e2e8984,0.99909437
ecd3a462,0.99912554
d5277d03,0.9991042
7d54a45f,0.99910897
710924c8,0.4277074
81cff0c4,0.9990527
feea7465,0.9991339
bbae9876,0.39342985
d2fdd2cf,0.9268105
fb780c64,0.98909783
712597f5,0.9991486
9642af4b,0.9991159
d0022957,0.98991054
a1f92edb,0.99914443
1c21ed53,0.9888958
a0efe47a,0.9991467
7fe35128,0.99910706
585689c7,0.99914587
0f2099d2,0.9991264
a0f4bd60,0.99911624
1e379b3b,0.9991498
ec8a8142,0.58933663
cb47ca3a,0.2779862
b31e351e,0.9990577
11c4ac73,0.9990682
b987555b,0.99906725
e75b59f2,0.99855894
f2742f14,0.9810021
641ccc0e,0.9990447
3d472531,0.9983109
014ebc3c,0.9990809
289f6f17,0.99394166
32e3d2d6,0.9990854
610e4404,0.99910754
e543d97f,0.999074
bcf47283,0.9990398
199e7fba,0.9990784
6a342737,0.9989503
a0cfbebb,0.9990687
e8069171,0.9990783
b1aabe1e,0.99907756
094e4dc6,0.9981933
36c1efe8,0.99884474
348a6044,0.9988337
5e5b6dff,0.9990728
d3562536,0.9990963
a45abd26,0.99906415
6654d81e,0.99650407
de3a255f,0.9909854
31236cf0,0.0010927321
01c431c4,0.9991228
d0832bb8,0.9990945
d790d659,0.9991334
9867bb4b,0.9981415
cae6121f,0.9989292
a786059d,0.9990921
a58489a4,0.9991373
83ebe289,0.9988846
66d8ba37,0.9991252
379d9074,0.9979982
4cba52ff,0.99912065
4f6eb4bb,0.9991461
e3715c42,0.9869643
b81cf12a,0.99911565
9fb0887f,0.9991001
b9ef8a22,0.9991228
f7fb6216,0.9991055
7c5e4eae,0.99909544
3fb2cf96,0.0057314937
140fc3e2,0.99760133
a5527f63,0.9840576
26490efa,0.99280494
7c6d5b01,0.99912316
09340da6,0.9984869
a5c179c2,0.9840486
f6fba5d3,0.9991379
01f80424,0.99907494
04c1cd50,0.9991002
c47f69d3,0.9991104
fe936b46,0.9991247
f97f213d,0.09241245
afea5436,0.99913234
4a46f884,0.99913055
0fd3033f,0.9907036
ce3364c8,0.99842656
73831cb1,0.9990735
137cc781,0.9991008
8741a82e,0.99911016
33dde784,0.99829286
d57b5862,0.9731354
513cf4c2,0.9991203
18e18a4c,0.99910504
c012d4a3,0.99914837
24015caf,0.999114
1b70651c,0.9991364
6df30fbb,0.9988611
ffbdf0b2,0.9988686
ab480ba4,0.99870694
bb24dd0b,0.99913305
a48fba78,0.99903464
82d0388a,0.9989967
8d35ea65,0.99910945
5c70ad59,0.99911815
9eafacc0,0.99908864
0ba27e6e,0.99909663
2a77fc68,0.99910814
ac2f03d7,0.99874085
173214e2,0.999127
193548b9,0.9990983
b5b7b47b,0.9991054
486271d1,0.9990896
b06daa78,0.9984877
a66b16dd,0.9950912
ae7083d5,0.8923468
917667c4,0.9991253
972599c7,0.99011856
1883492b,0.9990753
04aa0bc2,0.9991259
d506d551,0.99886334
1a31d0d1,0.9991093
dac52fec,0.999052
da811a90,0.9990984
32b13551,0.9991035
842ccd4e,0.99909997
bcee1d5d,0.99910456
27d6e266,0.999119
762ff435,0.99908876
93a96f64,0.9991254
a3be8265,0.9991078
718715c6,0.9990652
7db8e423,0.99911886
3804c58c,0.9990952
44e5bc01,0.9990876
e031619f,0.9989864
b56e3334,0.9990988
afc07a72,0.99743575
72acc196,0.99904007
898b139b,0.99907947
bf2f4566,0.9989353
803a1b71,0.9991054
1fd94164,0.99910104
3d404d9f,0.9991043
26fb2d45,0.99912673
5e13ec6e,0.9966382
ac39f092,0.9990908
d8c421f7,0.99348515
c4212d4a,0.9990239
16e1534a,0.99911624
f1b62fdb,0.9990816
44a7f08b,0.9991186
85d44bf5,0.999134
be0ba617,0.99912935
259f2a20,0.9991227
cd9e53bc,0.9991277
c214e213,0.9991301
94d0be18,0.9990946
1c306fce,0.9990778
49c78bda,0.9990761
cfbe2a1f,0.99908495
a26b21ea,0.99907637
fac5db71,0.99911934
84786ecb,0.99911076
afde09ae,0.9988825
63e9b6fd,0.9990914
b51b0ad4,0.99908805
979302ee,0.99913126
c0b3b86f,0.99908614
9e3dbd47,0.9988555
2fcec661,0.99910706
4fb59ab4,0.99617517
d5c833c7,0.99876297
005b90a0,0.99903643
8ffd5e67,0.9991235
0dce26fb,0.9990094
d37f4707,0.98283
0e937af6,0.9991272
8dd715f4,0.99913836
845a8221,0.9990409
b4ffd1dd,0.99856144
d79cf672,0.9991061
e9186eac,0.99912196
b326c951,0.99913067
0a967618,0.9990758
49ac4400,0.99911815
28cde075,0.9991258
2b78a4ef,0.99908113
2a06dae2,0.99914443
3dc7e8e3,0.999119
110875dc,0.9991085
03c75d3d,0.9991104
75aad6c1,0.999092
bf6218db,0.9991027
8f2b146a,0.99914014
50413e08,0.999097
cae669ab,0.9990656
6685cb2d,0.998362
e8253838,0.0008869527
ba8cc2f8,0.001736817
2c59abfb,0.00089308823
2c9e3f33,0.0008674134
99ddcb19,0.00094983773
3c52483f,0.0009940336
c871daae,0.000869621
08e1423c,0.0008560707
1bdf0437,0.0049951533
11cbe903,0.00088492996
e88247c1,0.00093773624
068187b9,0.00093131384
23cdc73c,0.001005672
cdc1a31b,0.00088856067
d072d49e,0.0008669859
ff1e97d8,0.0009349982
066e1987,0.0008974296
72a8f44a,0.0008648632
421384b2,0.0009093887
c55e0464,0.00091234857
a9741607,0.0011192731
a577aec8,0.0009891451
4e47e696,0.00087197986
9b337e2d,0.00089547154
72e5e387,0.00087554485
2c2e300e,0.00089378323
44414c69,0.00085927057
ad0eed56,0.00088808424
b6e66c39,0.0008903778
7b1cb8f1,0.000889032
589abe06,0.000878846
b3961564,0.0008688664
08d4e788,0.0008830311
27afbca1,0.0009312881
42ff7ae0,0.0008817868
d2351668,0.00088514254
d9adc271,0.0011059195
4934c0fa,0.0009170251
d991db1f,0.064708985
ef9ad7cb,0.0008756446
59748a92,0.00089242717
3b64078a,0.00089493324
38588a27,0.0009188842
99e4e59d,0.0008676651
12abdf4f,0.00086412893
6d5d8b57,0.0008680099
b95dde19,0.000981891
31b87322,0.0008912932
309dfa69,0.0008924064
0d0af8c7,0.0010965369
75c3ddb3,0.0008564905
a4153a62,0.000875761
e9880db8,0.0008748502
179fe803,0.0019274261
8e770dae,0.0008732616
2fb81a52,0.00087559334
e485e936,0.00092715793
b3b3c8e4,0.0009354104
d27ffac3,0.00088535517
ca64e61f,0.0011451942
520f6c2d,0.0009480881
ae53855b,0.0008817872
c8d1056d,0.00092896534
62f5dbe3,0.00093843153
3c2d0724,0.00088606286
0e0fe3cf,0.0008786295
01041643,0.00088601257
5ee941ec,0.0009113786
e7b404d2,0.0011739648
71b9d765,0.0062395916
87d629a5,0.000900137
3829194c,0.0008639099
750fa7a8,0.0008809416
dad1734e,0.0008797601
a50420b5,0.00088432233
04c3c755,0.00087992055
e2237299,0.0008934018
e8205e98,0.029199101
f7f9a958,0.00092635216
975b482c,0.0008780688
15b724ba,0.0009704281
33fdfc57,0.00089495373
621c3c6a,0.0018926924
67f9b921,0.020274222
824b3526,0.0008920013
ca180c38,0.0008573074
87a20abd,0.00086789374
4f2c7424,0.0008833488
baa73afc,0.00085711095
7cd541f7,0.0009261064
b4f0d940,0.0009110841
4653db28,0.0008933707
854960b1,0.0008592198
e566e15b,0.00090815825
4472429e,0.0012693355
d067a6a7,0.0009881913
84a799da,0.00094117114
e31ed05a,0.0009802048
c958fc94,0.0009825882
6fd15836,0.0008654868
f9562a60,0.00087859895
62427ac3,0.0010278883
868af2a9,0.0008831435
a466cdbd,0.07529653
61cd6eab,0.00090250507
8ee76efb,0.000861118
8be9e4f8,0.0009071183
f6adb01f,0.0008620113
08959876,0.00087240123
cf3b0815,0.0008493626
d8cd96a2,0.0010080136
d7c1207f,0.0008714732
160a7345,0.00085678924
479a7b73,0.0010455498
e0ce77d4,0.00087959704
134bf0a8,0.0008654881
36736d77,0.0008938407
94e7e561,0.00088900607
b8254156,0.00092488865
b0d7030c,0.0009140631
a09362f2,0.00090680807
bf9402a5,0.0009468687
49b95659,0.0009228754
c4058ed5,0.0010462761
47fb8064,0.00090122176
8212ec6d,0.00091352157
2af7a884,0.00089702045
f41292f0,0.0008828575
cab1be56,0.00087575015
193980e5,0.0008975438
5b1d0f11,0.0008875893
c34f0897,0.0008863469
3689d28b,0.000917459
a5aeb40b,0.000881405
3ef0eed0,0.000888112
a8103765,0.00092108164
16ed71e4,0.00084586337
6d3a64a0,0.00088269345
13b0a218,0.00086018397
6f95592a,0.0008979064
bb97b348,0.0009358975
83048335,0.00086773053
32a82e9a,0.00091164827
a7c375cd,0.0008811992
d0dde8d9,0.000935811
d0613779,0.0009148821
6ce327cb,0.00088031264
a09eee82,0.0008572857
2c31f069,0.00089300395
d8bc787b,0.00092542503
4bbbedee,0.00089523307
92b04c25,0.0010788656
27603104,0.0009175394
038c5dae,0.0008779215
dd1eb822,0.00088499585
63b65a9b,0.0008551882
66123363,0.00088274
56b376de,0.0009075527
5b03c963,0.0009328138
6d79a3f1,0.0010218926
3a5c26e4,0.00086616917
466119ac,0.0008532729
9e3642ff,0.0009322043
5b949509,0.00094025285
7450470c,0.00086152146
2a46fcbd,0.00087098964
e60ec6eb,0.00086473016
95eba3a8,0.0008663574
325ae07e,0.0009002888
bf64d92b,0.00085013703
bc56183b,0.0010875952
f2b8f015,0.0008888765
ac6cbb32,0.0008735991
80dd2c65,0.0008493444
f91a04d3,0.00089994323
024b4451,0.001225529
42e8a1ed,0.00088655466
930b072d,0.0009201255
4b41ed63,0.0009059186
78829b70,0.0008836973
5cc03a04,0.002627917
194eb99c,0.0008887877
0027b0a2,0.0008582225
6221e52d,0.0009283106
63a0edd5,0.0009272785
46f531f4,0.0009169111
092e4287,0.0008638177
21959a01,0.0009218613
cd6b5bc9,0.00093998684
d589d88f,0.00089239783
01bda99d,0.00088196114
7a98a5f3,0.0008695091
1bb8fc79,0.00086448755
c9bac75a,0.00086225284
cc760e52,0.0008941699
f6899472,0.0032547056
8a90d0df,0.0009308419
bb9111b0,0.0010583602
accd5d19,0.00091343885
650540bf,0.0009283698
d4d1afec,0.00090803974
71511c72,0.00093399844
caf9bdf6,0.0008393515
333cf656,0.000896853
d72c5b2d,0.0009123508
d5b5d097,0.0008795987
f9d72f2e,0.00086155604
2d344d21,0.00090748054
9da398ec,0.0008632338
7953785f,0.0008811594
d26780e6,0.0009079999
d23f1cce,0.0008755992
5f8cabe5,0.00089290645
0bd47d85,0.00089021574
6e57a95d,0.00088422885
675100a5,0.0008959814
abde3c74,0.00087795296
76a38f5c,0.0008760848
eaa2390a,0.0008784295
134424b2,0.0009435397
b07c2ec4,0.0010958262
569d0001,0.00085421494
63c31949,0.00092756446
fbf7dac5,0.0009078425
36d2f153,0.00090686907
e127ccde,0.002429262
69e3a605,0.00086177763
7f1011e0,0.00087419274
4fc84ad7,0.0008908669
fdfb4e0d,0.00086421
5844962c,0.00092520064
c70eb27c,0.0008708772
bc2b4d86,0.0009067718
4b3c482c,0.00088880956
800c8017,0.00087248435
27cbee76,0.0008953656
95cb06a9,0.0008648876
967d8d3e,0.0009121343
6de49b4e,0.0009453632
4221236d,0.0008862667
fd3d41cd,0.00088525855
f29b1054,0.0008847808
fff4b108,0.00088313257
28d261d1,0.0008837023
9f36fc26,0.00091273413
680383ce,0.001146747
db0249d5,0.000905239
8edcf1fa,0.0008618605
90bdddff,0.00088998466
2003a51c,0.0015076562
56a3babb,0.0008791479
30b5ea9d,0.00087192416
df514227,0.0008816655
99dc850d,0.0008913917
2a4e780b,0.00088094576
49533815,0.000859975
e469973d,0.0009779688
5f8920bd,0.00086372794
d6c03410,0.0008546429
3cb0a831,0.00087881787
70be0608,0.00089731714
b3e41d34,0.0008964382
6426308c,0.0008744235
3414b6f8,0.0008863951
8eb20722,0.0008757844
bd04ed8c,0.00089414185
f367280b,0.00085687253
4ddc344f,0.00090383337
4a70c82d,0.00088581676
7cc5b210,0.00090977433
17aabac4,0.0008847079
7ac5e81e,0.000914152
9b722e50,0.00090650877
47c764a5,0.00093915156
2fdd3038,0.00089663605
5a4a303a,0.0008801768
762190aa,0.0009093146
af0dc65b,0.00088134955
44644dab,0.00087932503
785099e7,0.00091041083
2f37bb79,0.00088059664
e1f288e0,0.0009266615
86ce4e70,0.0008940809
d033aec1,0.0009032536
9aef27e6,0.0009553409
1809ce1b,0.0009167137
4666c446,0.00091363955
564ae339,0.00091698713
ff636568,0.00086066686
c205ac13,0.0008761958
85ab3b6a,0.0008847438
1832cb5e,0.0011816816
58bb3990,0.0008903319
f59d9a99,0.0008928134
fd6d70b1,0.0018647788
e32528ac,0.00091201346
a4b73d1b,0.00086412806
27ad71e0,0.0011057515
4d4b6a88,0.00091729034
ce87762d,0.0010119771
dda72cb4,0.00089800823
981e962e,0.0008997777
a3c29791,0.0009239558
842fb072,0.0008713325
a977ce9f,0.0008978068
73fd3217,0.00095037906
9c4ac477,0.00091782585
8ec2b486,0.00095269136
534b567c,0.0008795483
13c5587b,0.0008650631
4b9e401d,0.0009356863
77b18275,0.00088718085
3a976c65,0.0008762071
6eef0504,0.0008758553
d377fedb,0.0008893624
b76dabfe,0.0008831716
2ef2fdf5,0.0009022596
36dda177,0.0009160484
10a6d770,0.00090759725
da208254,0.0009434054
b29eaef7,0.0009074602
a437cc0d,0.00090842135
85dac451,0.0012581439
465aa955,0.0008862046
e5b105e0,0.00089993206
c961fd46,0.0008720007
070e5d3a,0.0008767454
7d1334ec,0.00092160044
1c965f83,0.00087307324
1e85d735,0.0008622355
31a0340c,0.0008565256
30920e32,0.0019569276
c18c8a07,0.00086465594
bef081fa,0.0038310022
33f412ee,0.0009192856
3c84ab28,0.00090018415
9f914d60,0.0009065352
f57400be,0.00088227214
d2e9206b,0.0009105227
ea7aa828,0.00087095855
c3ad16b8,0.00090340804
dc557a9e,0.00091602915
ce2a9db8,0.0009334894
6d143b06,0.0008490814
1f1db625,0.0008992052
44b7e093,0.00089879625
d38c317f,0.000876304
73b177a8,0.00085386663
b415d1d5,0.00087640836
cb039d77,0.00086912065
64262bd1,0.000897059
ab1f1fc4,0.0008878721
1a6fd42d,0.0008531047
ec387b9e,0.0009512669
0dc3ce46,0.0009042676
af94ff43,0.00086622033
ed3f8c01,0.0008889523
bdd25fc3,0.0012462225
f6c438d8,0.00090862135
cfc6799f,0.0009016392
a2b7a389,0.00086504745
c048d23a,0.0008654481
41c372a5,0.0008700287
8f422763,0.0008886598
0302d9d6,0.0008864179
857ba1cf,0.00091517903
15e1fd1d,0.00085752306
d9dac5e7,0.00093624176
7ce04c0d,0.0008603815
e550cc71,0.00084643427
4393b9f5,0.00090895116
003ad13c,0.0009019523
18e88de1,0.0008526722
88a770ea,0.00092544925
c906e81e,0.0008769087
451e4b44,0.00087126566
e82d3b98,0.0008605016
eaf32b33,0.000900572
0797641d,0.0009086204
b9f1eebc,0.0008528178
f9ee78d2,0.0012885205
30464760,0.0009138724
529068a5,0.0009261187
3f98db21,0.897124
cbfdb60b,0.011775624
e0418aac,0.00084513624
fa31d5b4,0.0009085512
d80dd917,0.0010896268
91cf3057,0.00088433916
d0447473,0.0010084559
47130799,0.0012109731
fdbd5403,0.000886828
f8106c98,0.0008721735
9fb3581c,0.0009049593
2c9a5ceb,0.0009000598
625b4d2b,0.0011072508
99b3e9ad,0.00089800346
2865ec1a,0.0009002927
25e7d69c,0.0009927707
9dd35f38,0.0009712101
1c957c4f,0.0009202729
217a5661,0.0008989885
452449f9,0.0008696599
2a7f5991,0.00086241873
4ff1b907,0.0008615916
d1fb9240,0.00089633104
7570595a,0.0008563742
42b5ff8c,0.0008901402
5bd838bd,0.00086878403
b8e0a6cf,0.0008838729
a60928cd,0.000916584
c3daaffb,0.0012821478
0f9e6827,0.0008792568
560c23e3,0.00087517704
ba0630f7,0.001502978
e1317f40,0.00088545895
3a583bb5,0.0009177431
8f311f77,0.0010583483
e1ffc450,0.00091992307
df85a5f2,0.0009233917
1b180ed8,0.0013744439
1ced27ff,0.00088069483
0ed115f4,0.00087851816
c8f0c56a,0.0009706505
cafc240f,0.00085038895
ac2d7fd3,0.000873292
5fb9f40d,0.0009349955
50b63f86,0.0010854636
331f38ef,0.000892207
c51f22d8,0.0008694085
cba900d1,0.00087552686
89e9c6f4,0.0009032015
aa3e3018,0.00092904666
beb430d1,0.0008624689
67777c54,0.000889584
723f8977,0.00091157824
f77a037a,0.0016571364
54f45521,0.00087777176
4fd2a328,0.00088007405
c0b2255f,0.00090332975
ea25a5e0,0.0008993192
3df1eb52,0.00084554753
5806affc,0.008836579
797a74b9,0.00087255583
4367ade1,0.0008927427
1cc03f5d,0.00086454884
fad899c3,0.0008904176
cb48a9e6,0.0008744848
15f49c71,0.00088811887
e7ed4582,0.00088720967
41d8bb96,0.001116964
4e51ccd6,0.0008919026
c2d6d03f,0.0008925416
ef31823d,0.0009495717
d5d6d48d,0.0010030756
80f7595e,0.0008734721
fe0be6b7,0.0008802627
06578456,0.0011076597
56556d96,0.0008923452
0c0fcc86,0.0008713985
ccc3d7df,0.000867666
f9fe3233,0.0010978981
b85b6510,0.00087113195
3ec37348,0.00088252896
343f6c64,0.00091558666
aac9d8ae,0.0008681224
781befc1,0.0008681332
8e295c38,0.0009021196
a5aa504b,0.000994966
ddcae6d5,0.00085797266
ef931e02,0.00089906383
2caf7dfe,0.0008677011
ccc1c4fd,0.0008970868
62ae080d,0.0008448702
f64af8c4,0.00086583826
a994c805,0.0008800942
b5b08ab8,0.0008741566
3cc3882f,0.00087855384
5e71e7a8,0.0009413321
395eb351,0.0009590057
e02decbc,0.0008879297
c4e54ec9,0.0010870819
acd55c11,0.001077055
d5ba0bb6,0.0008874874
a52ef7cf,0.00087373727
5dbd3b0f,0.0008986408
b830eaed,0.00089156197
3d2d7544,0.0008731039
37e4ee70,0.00087595417
498ee526,0.0012542497
fdb31e21,0.0011183834
ccb16464,0.0009121638
4ba524e0,0.00091777643
1cacbefa,0.0008762777
be54dbb4,0.00086947595
be1cefeb,0.00093852245
9874850d,0.0013728184
d9080317,0.0016870213
ae465aa6,0.0008472614
c35c9ba2,0.0008589342
a0494495,0.0010114345
874fe0c1,0.0009146103
03fca9fe,0.00090874336
651da863,0.00090294814
53287286,0.00096099725
63ee96fb,0.0008507271
0f81f260,0.00088283897
7db05b11,0.0008817985
043ce9f0,0.000852146
4795a72a,0.0008657038
36402348,0.00090985675
06c69e9e,0.00090217456
aeb07eba,0.00088967977
57aaf325,0.0008872653
455d821a,0.0009338026
53e104f1,0.00094023097
ee59281a,0.0008674242
47c3437b,0.05804816
9c1886de,0.0008686595
c85c5390,0.0009012751
620bf918,0.0008726564
0a591171,0.00090877025
adb74d31,0.00087403203
cf8cf796,0.0009276837
3337f439,0.0008685188
d6a43d4c,0.0009370432
110ffa3f,0.0010627361
05fabb65,0.0060774935
f5bc75cc,0.0008816078
0dea9845,0.0008894942
d42564e6,0.000902491
813c9389,0.0008885928
a241a1cb,0.00089528796
a44ce453,0.0009744347
c05e2bcd,0.00092952134
6a6cfa69,0.0009153512
be01787e,0.0009084806
95d32344,0.0009107135
31780478,0.000909085
07e96ed0,0.00090030604
d63905a8,0.0008878515
d731006e,0.0008933707
e7c34591,0.0008967787
f6d23f1c,0.00085829105
7adca78a,0.0009191338
1ba693c9,0.00089624483
41254f9f,0.00085590227
d704f131,0.0009912904
561b3555,0.0008962867
0b2e0f4c,0.000904004
941f8240,0.0008880566
2c779bed,0.0008799151
ee5c8b3c,0.00090145273
90e645f8,0.0008787257
99406682,0.00091314217
3b4f5e1c,0.00089276227
f69b01aa,0.0008910359
81ed42be,0.00086503173
07c193ae,0.0008843856
fca92be7,0.0020118607
5ea73508,0.00094037293
041231d1,0.00087463774
811aa6d4,0.00087867305
d3fbd98d,0.00097588164
7e0a68a1,0.0008832798
1a0fea7b,0.0008782148
8167cdce,0.00088140124
9cb79dd3,0.0009022098
c2bbe7a5,0.0008972966
10421c5f,0.0009279665
c8364f20,0.00088219147
c7791da5,0.00089890626
56ac8c1b,0.0008860063
0bc22ca1,0.0011454505
aa1d8377,0.000867242
f47aa369,0.19133341
e1205310,0.012598181
d105ca90,0.00094767916
8a9ff14c,0.00088671525
9492d680,0.000853861
9a5bc227,0.00091750536
6a6573a9,0.0012079455
c24b6e38,0.00084869924
eca41dfa,0.00089260755
b405aabd,0.0008761433
447faa37,0.00089681114
3834e5a1,0.00093106006
4e6988c5,0.00087881205
e2d3df3f,0.0013111883
306391f5,0.0008927521
f944776d,0.042165317
1bd3b279,0.0008793607
b20f9e74,0.00088673295
29769726,0.0009511947
c540c673,0.0016335867
3b7c2f1a,0.0008775628
e5839895,0.0008696645
ac2f7a35,0.00089544844
b7b88b9e,0.00088041706
432edd32,0.0009209531
e0bdc7cd,0.0009668479
37a09793,0.0008840275
448fb3e8,0.00088264537
d97bbd28,0.0009164133
22b6c627,0.0009001032
bc5f7be3,0.00091801386
8a7b302d,0.0014595496
00e4217d,0.0008773742
731233d9,0.0008642894
560524e5,0.00093112746
b23f877d,0.0008543012
aef24e7c,0.0008980112
74b3ec0d,0.0008576065
0b4e1639,0.0009345721
f13569de,0.0008883237
72d61f96,0.0009836261
60ca8d79,0.0008658341
6dcccbd8,0.0008742794
2de04b3b,0.00088615564
f79b6e89,0.0022686583
817dc619,0.00088742096
2ecd293c,0.003891167
3eb7a31b,0.00084815634
364ed77b,0.0008693608
245b0aa5,0.00085207575
44ffef3f,0.0009204123
3d847387,0.00086090766
699e874d,0.0008512338
7a297c80,0.00088535977
24d01d2a,0.0008574884
a0d983de,0.00181626
a40ba23a,0.000858912
29974ad5,0.00090209505
658c5b59,0.0008507537
f44cc09c,0.0008869527
74a83b52,0.00088696653
827fac83,0.00086906337
57e622b1,0.0008623094
c77b38a5,0.0008837146
c8102305,0.0009727307
06a2b3f8,0.0008997542
d5a601b2,0.0008711096
3a6752cc,0.0015019043
684d02ec,0.00087649515
9e724dc3,0.0008579158
ec3f14d8,0.0008681613
975f0b24,0.0008579391
1fd6db40,0.0008898714
c3888628,0.0008708374
2a4f668e,0.0009110763
eaa4575f,0.002486713
40c62e49,0.0008709842
c35318c2,0.00090420165
73b6fae6,0.0008483172
df8a378d,0.0008784951
eff47ed4,0.00088400306
7a314dda,0.00086002576
8c9c51f8,0.0013327023
912fe5ac,0.00090779015
f4f97afc,0.0011596627
d99b2a1b,0.0020085184
606ba6b7,0.000889129
2b0308ca,0.00086835865
19f77cd2,0.001159291
351efff9,0.0015016913
31fda440,0.0008741752
c687c0b2,0.0008674767
75c5ed9d,0.0008891171
d2a5c866,0.00087684847
e4ea818d,0.0012278757
2bc3d0e0,0.000876648
8e0b5035,0.0018635757
afe59f44,0.0008831847
a04a8cf1,0.00089181605
4e023e11,0.00085861824
aff243c3,0.0008537389
82a11db1,0.0008658456
9191f11a,0.0008703902
3894336f,0.0008698696
5cd26498,0.00088842184
320b82e4,0.00090823177
133d3042,0.0008945436
6df57937,0.0008579215
a0c99998,0.0008850405
3ad2e75b,0.00090131233
f24090b0,0.0048260563
bd691193,0.000878998
79852e56,0.0008750278
26b37905,0.0009791473
12985dde,0.0010689227
3d8f7708,0.0008937197
b2730291,0.0008594704
9db54029,0.99906117
3dd1e99d,0.99910045
68d0cf15,0.9991048
ddb87df6,0.9991021
6a6c7671,0.99906784
6fe94c70,0.99910116
56ddb25d,0.99912256
fd527c3a,0.99913627
31dc79e9,0.99908364
59f72844,0.99905306
2044a786,0.9990727
de8696b0,0.9990852
537d6b90,0.99909985
de782f65,0.9990802
4e2a3532,0.9990922
9cc9bc58,0.9990677
0c8413fc,0.99910116
92d3d461,0.99910295
64ce268e,0.99898916
03b4474f,0.9990938
096dee6e,0.99898714
0f4a8ee0,0.9990219
e9f84a19,0.9991043
9a37c208,0.9990845
02fe915a,0.9990969
ef04bc28,0.9990784
943e2303,0.9991053
ff301c80,0.9991148
97cd536f,0.99904877
80e5c896,0.9990736
b8073dbe,0.9990916
d78a81d3,0.9990682
0b64aef8,0.9989864
1e296f93,0.9991035
77b1bd41,0.9991223
dc52bccc,0.9989832
9ab85aad,0.9991242
e2b28415,0.9991273
d1dec370,0.9991258
61c603c9,0.9990883
51452f06,0.99909854
27cde887,0.9990902
91d59d03,0.99912804
3e86e62b,0.9990344
bff06c62,0.99907255
22f67515,0.99906033
f4b887ec,0.9990994
e7c9e112,0.9991309
756db524,0.99909246
53c2df03,0.9991165
0cf00b79,0.99911743
8d192db9,0.9990901
1dbfe3a8,0.9990823
5e63653f,0.99900395
980dd011,0.99902976
b21fda65,0.9990701
d29e4698,0.99909914
af0e6bef,0.99907637
1a8d6562,0.99906784
2890fc1a,0.99910504
bff19354,0.9990977
4398e4ae,0.9988433
b4ed5897,0.9991054
f233a044,0.99909604
5cf16b18,0.9990746
adcdc82f,0.9990864
d0490147,0.9990798
c6f3d358,0.99906915
bea965db,0.99912363
2d897dc2,0.9990663
f5ab30ef,0.9990921
db3d0b50,0.9991334
c5a49afa,0.9991211
9e134796,0.9991091
f987fcdd,0.9990969
d31c4739,0.9990753
5812396f,0.9988206
6d79ca38,0.9990798
e7c159b9,0.99905354
29ea02e9,0.9991019
c8fd663c,0.99906796
1d13d5f8,0.9548407
954fca34,0.9990656
ef857210,0.99911314
7cd5d77a,0.99910396
7ee6ad7a,0.9990308
3658aec4,0.9990902
b5372eb3,0.9990683
8b4620da,0.999099
b8a2a14c,0.9991047
4b534b23,0.99907696
202b100a,0.999067
c7776b73,0.99909806
115c2402,0.9990823
922e2165,0.99909496
7607abe8,0.9991043
bcb32e24,0.9991014
f8b6640d,0.99907315
435f4d1f,0.99909294
ce4709ec,0.9990489
0eac3d2e,0.9987746
9ecaf24f,0.99907875
41024138,0.99905366
85e29df6,0.9991019
194bbc51,0.99746394
7fb15c07,0.9991248
6c56b1fa,0.99912125
10ecec80,0.99904305
3f341353,0.99907887
c9b0b6c3,0.9990275
a78fee87,0.9991217
30396951,0.9991222
f208fe06,0.99909055
e939dae9,0.99911636
fb9a1aac,0.9990939
1b2983b4,0.9990545
e00d2e97,0.999079
6a0c03f9,0.999097
5355fc61,0.9991036
23e52ce0,0.9990816
95c00c48,0.9991198
584cd782,0.9990847
c2f46856,0.99905354
1881be8a,0.9990965
12308f3d,0.9990546
9ab54e82,0.9990625
6e91c599,0.9990785
96490c46,0.9990742
6786293f,0.9991048
606a8d14,0.9989491
ae6f949e,0.9991086
899abb00,0.999108
c00a5b83,0.9990858
e575e088,0.99911314
762bdda4,0.9989728
dc222db5,0.9990602
1f7b0baf,0.9990785
b48daf90,0.9957379
1d6e58db,0.9990928
2242b7cb,0.9990932
4b9fadde,0.9990822
7ab5762e,0.99908555
d3cd2bfe,0.9990716
a351bd93,0.9990785
40066bdd,0.9990858
d2b36a63,0.99909425
1de86735,0.9990827
d2de1eee,0.9991321
9baec54e,0.99908316
6078cf16,0.99907315
461bb014,0.9990785
e18c8a4e,0.9990183
bc9b507f,0.9990765
6fefaafd,0.9991037
5e224f44,0.99911326
d9eeb366,0.9990909
3d63757b,0.99910504
c4b61172,0.9990736
3d9ea0b1,0.99913496
5d2bc963,0.99910563
dc2a385d,0.99910647
41eb3bb3,0.9990965
23624a22,0.9991155
6b9492f2,0.99909055
475ca509,0.9991053
3dedb07c,0.99912053
ec3ec70b,0.99909234
ab394045,0.999102
a92796d4,0.99906915
00497430,0.9990651
74cd2b3d,0.999042
c05ca13e,0.99908376
52b04436,0.99913174
12b1305d,0.9990934
1c7d886d,0.9990951
df968c33,0.99909973
ce386e99,0.9990765
2ef851b1,0.9991026
ceb70ee0,0.9990947
e74ba76d,0.99904674
fec5f6c3,0.9991001
c0fce4f4,0.999129
dba4d769,0.9991105
1c52e7e7,0.9991333
2df67edd,0.9990277
35dc760d,0.99910176
1288cdd0,0.9991264
e545faba,0.99909997
6d5abce5,0.9990289
a164eadd,0.999091
5b1f9aff,0.99911815
30d3b111,0.99910814
964e578c,0.999074
75d8e77c,0.9990804
0df53806,0.9956079
0f90dc27,0.9990816
e7388d8c,0.999091
283debc1,0.9990933
2a7aac5c,0.99908817
572adb4c,0.999094
ce1ab601,0.9990447
20b04adf,0.9990652
23ed6d4f,0.99905366
5b2e869e,0.9990951
5e5e518d,0.99913186
45bc82de,0.99909043
b83b25a4,0.99911135
a7636ebf,0.9991074
bbce4b2d,0.9991041
483d241f,0.999079
97ec91cf,0.9991229
0d4b1c2b,0.066554375
3ffcf9dc,0.9990965
f4712bc6,0.9990932
ec9fcaf2,0.99911255
b359c0e3,0.99912876
72e29437,0.9989993
4f53a8ff,0.99908614
b298f1ab,0.99909353
bd0ac301,0.9990835
d87b95db,0.9985436
5999ffa5,0.99906236
6e9c7dca,0.9990695
8e2fc3c1,0.9988445
d8b0891e,0.9991066
3a2e0f50,0.9990645
650fff84,0.99900985
447b20ae,0.9990816
47a13107,0.99912196
cc7f1e7a,0.99912125
96b0bbbd,0.9975248
12fec4d3,0.99907434
86893c53,0.9991091
528e48f1,0.99909055
f29f36a9,0.99907446
981ffd35,0.9990803
bf9a4d43,0.99911267
21b0da99,0.9991048
eca4950b,0.99908555
f4601ecc,0.9990344
6fdb4835,0.9990657
d1b83f94,0.9991066
cdff3a7c,0.99911875
4da1cdc5,0.99907255
790de95a,0.9990295
0574d7fe,0.99910694
fa89f224,0.99908364
18249738,0.99909174
204a0e54,0.99909556
43bf78b8,0.9990687
94e10e60,0.9991104
9a8e1b11,0.9990687
2b675ad9,0.99909794
a8fa9083,0.99910295
dee75018,0.99912494
028d2470,0.9990854
c26d4a76,0.9990798
71d9639d,0.9990895
c10d20b1,0.9990876
d564778c,0.99908614
23c7d5a6,0.9990846
c3ea3344,0.9991053
20afbf30,0.9991062
72f79836,0.9990947
1ebace0c,0.99907756
62d1fd53,0.99908376
11874e6b,0.9991104
ad57f3ef,0.9983791
2fe9837a,0.9990816
8100d004,0.9990971
82e92f31,0.99907076
16299a10,0.99906164
0f4b0cda,0.999006
71aaaba4,0.9990839
16c6d18b,0.99359787
ee6d00d2,0.9990983
794deea5,0.99910295
30c09716,0.9990866
066dc5ad,0.99911636
d94044ae,0.9990484
5133031e,0.999046
94c27f49,0.9991073
2ac8f4e7,0.9991128
0c65d80b,0.9990865
884bad8d,0.9990854
8d04ec35,0.99909186
4df065d5,0.99908566
d03e1d22,0.9991111
0614eef1,0.99910516
f0e30954,0.9991109
55c619b5,0.99892586
a216a4a3,0.99908054
0b828b14,0.9990883
34d61d4f,0.9990916
05f968f2,0.999119
2eff998e,0.9991048
fbc2f67c,0.9990527
a735661e,0.99905175
42274cf0,0.99907446
7100a522,0.9990783
5259a02e,0.9991079
c166ff01,0.99908984
b2ce9b58,0.9990988
ab07fb72,0.99908483
94ed78fe,0.99904746
c2d6c819,0.99912375
0d8b81bf,0.99909437
4ae3e929,0.99909484
f58f0f61,0.99909616
f70d92e4,0.99905044
60a2d625,0.9990343
62d84e7c,0.99909544
5136138a,0.9990878
dd5b0b77,0.99910444
9dbc7f5d,0.9990451
94efe7a2,0.99908316
195b7da3,0.9990816
3617edd5,0.9991192
a2a48836,0.99911326
bfd9a6ff,0.9990759
24de583f,0.99909353
2ece3b6e,0.999081
f7b19610,0.9990621
d79fd86c,0.9990896
958353ab,0.99908555
8b879402,0.99908495
09c23c1e,0.99910694
d01b32da,0.99908376
716919ab,0.99910223
3ac9979c,0.99908304
831bafce,0.9990883
8bfc3b44,0.9990938
e3287402,0.99908817
90b6b62c,0.999038
5511c76b,0.9991047
91784f71,0.99886024
4bee0354,0.99908626
3b04df36,0.99908054
b4a56d87,0.9990854
1b41183a,0.9991002
a5dd5320,0.9991301
869dd62b,0.9990996
70bbfc55,0.99911386
a424a58a,0.9990815
3f8c5df1,0.9991103
511a491f,0.9990835
e825c495,0.99910957
aeb221b3,0.9990914
f09af0cd,0.999059
eb18e048,0.9991014
ecf8d84f,0.9990797
98ff1464,0.9990808
4c90809d,0.9990969
d6cc024e,0.99907637
e9595a15,0.9990865
2c860428,0.9990964
b9acfc2b,0.99732167
ff219885,0.9991135
e754db07,0.99906
d74c1b7a,0.9991085
78331363,0.9990804
2661955b,0.99909747
fae4e687,0.9990709
c99cb058,0.9990631
233068d2,0.99910337
55322687,0.9990927
75469bde,0.9991032
20718c1e,0.9991208
3e8357b7,0.9990921
b84401e4,0.99907315
662f176d,0.99902844
e75248c7,0.99910635
373d0235,0.999042
71ce3e9b,0.9990747
637041f8,0.9991129
ccea81b7,0.9990609
10d5da3c,0.9990909
8e9bff8e,0.99909604
45b0fde3,0.9990694
c83c4768,0.9991247
df3b1a1c,0.9991091
0e7d8a5d,0.999076
2a913434,0.9990797
6921fa5a,0.9990959
d4d8e61d,0.99909985
ffb2e60c,0.9990477
dfb83501,0.9990308
270518ba,0.9991093
ef427bf1,0.9991068
8ec54b06,0.9990978
1258adcc,0.99908185
f22728ce,0.9990958
050dd915,0.9990933
fb64e497,0.99909675
e862ca95,0.9990872
34a9f099,0.9990947
4bcf9fef,0.9990964
2a886965,0.99910444
9d0a7191,0.9990796
d327dc32,0.9990796
13753da9,0.9991104
deae032b,0.99909997
23c53c33,0.9991037
414fa2e0,0.9990947
fffd5bb9,0.99908626
820ba33a,0.9990909
2fbabdd9,0.99908805
07687ee1,0.99910873
bfcc3c02,0.9990741
30bd1a3b,0.99909675
4c87afc0,0.9991155
4e13a72c,0.99911636
f5cc8faa,0.9990916
6a56c272,0.99903893
5921016e,0.9990922
22bf1415,0.99909604
ef923bcd,0.99904126
3d8fa2c1,0.99907815
79a52896,0.99910307
90a52c92,0.99910116
d988e55f,0.9990747
763bfa3e,0.9990715
c31aef55,0.9990741
d9c269de,0.99909925
048fd566,0.9990896
98acd6c6,0.999126
17b3514f,0.9991035
fea21b40,0.99904424
e1f994f6,0.9990952
4a655ad1,0.9991042
4ad5c5c8,0.99900836
226e1546,0.9990688
6e707f22,0.999097
afc8fc8d,0.9991111
851f71bd,0.9990932
81a5c540,0.9990876
b95caf92,0.99910873
806b4a50,0.9990978
ca5dea28,0.99908483
8d62cdf3,0.9990662
ff333b6f,0.99907947
aa58afb3,0.9990834
49fdcea2,0.99909365
06c4dbc8,0.9990815
33363abd,0.9990445
357468b2,0.99909663
3361c986,0.9991103
506249a4,0.99907076
bc45f2b9,0.9990758
8f40c590,0.99910957
4db01379,0.9990947
bee7b261,0.99908864
15984458,0.9990734
cfb2db98,0.9990871
43cb2b02,0.99909174
b3bb3eb4,0.9991091
abec0e42,0.99910164
cc2fdfd9,0.9990702
d8545db5,0.99909115
11e31ecb,0.9990716
6835cf9b,0.9990964
80d49d7b,0.99907136
b73ea90d,0.99910897
cd55b7c4,0.99908864
1a8654dc,0.9991068
a1f1808d,0.99908304
0dfceec4,0.9990945
a57df6b1,0.99911493
730c18fd,0.9991109
bf15703c,0.99905854
41fc1bb3,0.9991025
7d1a1c2b,0.9991066
6cc16f30,0.99912184
95292cb9,0.99909973
f6724d8d,0.9990748
e80c9050,0.99908066
6631b4aa,0.9990883
6f44b138,0.9991025
68444966,0.9990772
253e23c3,0.9991123
4a0b2773,0.9991072
4c7f2ff3,0.9990845
0c039efe,0.9990803
29ead7fb,0.9990608
9201de1c,0.9990953
0bc8bf3a,0.9990939
ea8c9294,0.9990822
4d05b165,0.99907076
2e059656,0.9991042
9c3a45a0,0.99908817
da7e82dc,0.99906486
31ad73f6,0.9990652
c218236b,0.9990952
f7cb886b,0.9990707
02d77f2b,0.9990959
2f223722,0.9990711
f1dced12,0.9990735
2e194616,0.99910337
d042b9d7,0.9990994
ba96649c,0.9990355
5adc7cb9,0.9990971
9d050e91,0.99912566
4d99318d,0.99911016
a42967f9,0.99911684
9f60d92d,0.99907255
4aa01fcf,0.999099
9ef62940,0.9990978
b738f094,0.99909246
88434965,0.99910396
606edb60,0.99907744
5bc4db59,0.9991097
df9237e5,0.9990771
3287e7a6,0.99908805
78d2f962,0.99909127
b46dbb8b,0.9991003
64382e28,0.99909616
212fe27c,0.99908257
fc308765,0.99911803
9a76c370,0.9990846
1057eef1,0.9990759
462895fc,0.99907506
54c51da7,0.9990934
8366b913,0.9990858
5e4f21de,0.9990607
713849c2,0.99909973
7c6f717f,0.9991073
c15f6ce8,0.9990915
45270ccb,0.99909544
0151ec8b,0.9990748
55d70112,0.9991142
afb00235,0.9990928
263d1e26,0.9990706
8c3923e4,0.99908495
a0dd1f92,0.99908936
9e4e389b,0.9990996
d05d9a6e,0.9990947
e4f3619e,0.9991019
1f8449a4,0.99908304
7afc5aeb,0.9990889
cc147f3f,0.99909616
de536713,0.9991079
d28a44fc,0.9990976
8847dd68,0.9990637
f2b6240b,0.9990752
a6dadb0d,0.99910814
72e202ae,0.99908066
ea37e9a7,0.9991053
e323db39,0.9990571
34a78bf5,0.9991014
f73e02d3,0.9991093
dc083dba,0.99910164
62120790,0.9989986
ce09930c,0.9991043
a175996f,0.9990922
d1ef09ee,0.9990957
c6a61b01,0.99911577
c2453d48,0.9990804
acfa3e47,0.99907255
cc7e4f7b,0.99908984
1ac9ded1,0.999084
29ccf5a8,0.9991021
cc8a3ce5,0.9990957
a2bf2d0e,0.9990907
80891a86,0.9991041
440bef71,0.999086
c8d66a6b,0.99910444
51822f84,0.9990785
580c5c2e,0.9990428
f4aa0da4,0.9991134
43e5a59b,0.9990903
31ffe6cf,0.999119
b8de3547,0.9991008
1f84916e,0.9990896
5045a50f,0.9990798
30c66541,0.9990752
a388fc41,0.99908066
56db7f46,0.9990941
1cc9644d,0.9990707
a194c102,0.9990915
185bbfba,0.99908423
dbf58a84,0.9990839
e561a920,0.99910516
b06d7466,0.9990959
aad56157,0.9990808
511ff78b,0.9990947
e38a9f9f,0.9991054
90fcc510,0.99908674
f1236b16,0.99909055
cd8a2506,0.9991073
d70ee75d,0.9990872
ad1f1ed3,0.9990876
ad6f1e7e,0.9990895
0bb07a61,0.9990989
9e22e53f,0.9990532
4d844701,0.99908066
3128a432,0.99908614
4c71ff6f,0.99909437
2682c527,0.99909854
911414bc,0.99907494
008c5590,0.9991264
a01a63fc,0.9990785
d2e008cf,0.99911636
04a61e58,0.9990958
ca8a80e8,0.9990631
b643582f,0.9990945
df5586b2,0.9991116
dd419d83,0.9990876
186e5078,0.9990994
28473590,0.99907935
0c3a160e,0.9990658
70dc1dee,0.9990845
22e657f9,0.99910957
20c02dcb,0.99907434
acf85198,0.99885654
fe1c64b4,0.99909294
fd1c45f2,0.9990946
f5ff800b,0.99912447
1a0f049a,0.99910957
b9ed2536,0.9990539
6e523061,0.999099
0c0f069a,0.9991033
7046a883,0.9990829
258d0b9b,0.99905485
71ee3e72,0.99910307
82346622,0.9990427
62570b7c,0.99911517
e4c6e4a0,0.9991109
b2807931,0.99909496
57102a69,0.99910045
37e05bf3,0.9991025
e151860a,0.99908185
4f5b1ef4,0.9990934
1bd48f32,0.9988446
a3e91e19,0.99910295
de285eba,0.99910337
6507a8a0,0.9991128
da68ea58,0.9990866
87860b13,0.99906975
200c1a69,0.9990989
c41efb84,0.9990614
4e3302a5,0.99910563
e19e729e,0.99908733
0212f50b,0.9991026
445eee97,0.9991062
ce415342,0.99909246
1a2c4ec2,0.9991159
b16236b7,0.9990841
a474b56d,0.99908817
8c6e3ad1,0.99909425
7ce45e47,0.999094
7cfb7cd3,0.9990996
67802e49,0.99906176
389ffe00,0.99909925
2b32948b,0.9991042
0da595ce,0.99904424
304efe90,0.9990971
1b660b4a,0.9991048
33278635,0.99908304
342fc88d,0.9990791
dd8ddc6b,0.9990907
ae1776e2,0.9990746
2565c142,0.9990803
4fdd41f6,0.9990984
dd75a707,0.99909544
a6c0bd1a,0.99909544
4118fd52,0.9990804
a7d2da90,0.9990609
7061c151,0.99911326
ed234fac,0.99906987
4f2481bb,0.9991032
4e152e8a,0.9990909
a465fdcc,0.99908936
3693f83a,0.99908924
cd7e3123,0.9991013
acdb55c6,0.99908507
bf84bfb7,0.99910766
c33d2228,0.9990746
3cb1a66c,0.99908566
06ad70a1,0.9990883
924fecb9,0.9990689
a5f9ad7f,0.9990866
8a19608d,0.9990434
4513c552,0.99911183
caadfcad,0.9990796
43f4dd7a,0.9991008
bf51764d,0.9990921
321b327a,0.9990876
151bcf24,0.99910164
e9aa9d9b,0.9990914
c5c1b9a7,0.99910754
16da8d99,0.99911064
91c1527e,0.9990963
06b101f2,0.999092
c2203076,0.9990926
6b2a67b9,0.9990717
0b4720c4,0.9990914
0e0dfa27,0.9990415
30b5074b,0.99909556
3e200958,0.9991067
3c3a4a0b,0.9990631
9cb905b7,0.9990895
05d9f852,0.9991147
dbc4088a,0.9990909
309cf622,0.9990382
2d17798d,0.9990595
